CustomerID,Name,State,Education,Gender,Age,Married,NumPets,JoinDate,TransactionDate,MonthlySpend,DaysSinceLastInteraction
CUST10319,Scott Perez,Florida,High School,Non-Binary,47,Yes,1,2021-09-19,2024-09-02,1281.74,332
CUST10695,Jennifer Burton,Washington,Master,Male,72,Yes,0,2024-04-05,2024-06-02,429.46,424
CUST10297,Michelle Rogers,Arizona,Master,Female,40,Yes,2,2024-07-24,2025-02-28,510.34,153
CUST10103,Brooke Hendricks,Texas,Master,Male,27,Yes,0,2023-08-12,2025-03-29,396.47,124
CUST10219,Karen Johns,Texas,High School,Female,28,Yes,1,2021-12-06,2022-07-24,139.68,1103
CUST10841,Stephen Cooke,Texas,PhD,Female,55,Yes,2,2022-05-25,2023-04-04,423.45,849
CUST10263,Rodney James,Ohio,High School,Non-Binary,61,No,0,2023-11-20,2024-03-26,402.96,492
CUST10117,Jeffrey Miles,Arizona,High School,Male,21,Yes,2,2020-09-28,2023-07-09,175.81,753
CUST10611,John Walsh,New York,Master,Male,74,No,2,2021-05-15,2022-07-30,320.48,1097
CUST10466,James Pope,New York,Master,Female,50,No,1,2021-07-28,2023-01-28,151.49,915
CUST10058,Jennifer Anderson MD,Florida,PhD,Non-Binary,49,No,3,2021-10-20,2024-09-20,320.95,314
CUST10684,David Roy,Illinois,High School,Male,27,No,0,2021-09-22,2022-08-01,912.8,1095
CUST10802,April Davis,Arizona,Bachelor,Non-Binary,30,No,4,2023-02-06,2023-06-12,1225.58,780
CUST10221,Susan Reed,Texas,Bachelor,Male,25,Yes,1,2023-04-03,2023-11-16,444.74,623
CUST10621,Michelle Munoz,Georgia,Bachelor,Female,25,No,2,2024-04-11,2025-05-15,103.3,77
CUST10935,Scott Wood MD,California,High School,Male,78,No,0,2023-02-05,2024-05-05,315.62,452
CUST10768,Marc Smith,Arizona,Bachelor,Female,39,No,3,2024-04-08,2024-05-31,319.54,426
CUST10862,James Blake,Texas,Associate,Non-Binary,26,No,0,2021-03-20,2022-11-14,432.37,990
CUST10754,Brian Harris,California,Master,Male,28,Yes,1,2021-05-02,2021-12-30,353.14,1309
CUST10109,Thomas Gilbert,Florida,Master,Non-Binary,51,Yes,3,2023-03-12,2025-06-25,127.75,36
CUST10862,James Blake,Texas,Associate,Non-Binary,26,No,0,2021-03-20,2023-04-11,391.56,842
CUST10714,Bradley Williams,Georgia,Associate,Male,75,No,1,2023-05-10,2024-06-02,331.69,424
CUST10176,Phyllis Mason,California,PhD,Female,38,No,3,2021-05-02,2021-09-21,920.89,1409
CUST10499,Kathryn Campbell,Florida,Associate,Female,34,No,1,2023-11-13,2024-12-21,121.79,222
CUST10502,Hannah Turner,Colorado,Bachelor,Male,30,No,4,2022-04-30,2024-08-11,322.3,354
CUST10637,Emily Schneider,Florida,Associate,Non-Binary,68,No,1,2022-03-01,2025-02-20,547.29,161
CUST10253,Mrs. Lisa Jennings DDS,Illinois,Master,Male,61,Yes,0,2022-03-25,2022-08-18,249.12,1078
CUST10013,Jennifer Ritter,Florida,PhD,Non-Binary,73,Yes,4,2024-02-06,2024-04-28,994.47,459
CUST10358,Scott Finley,Ohio,High School,Male,21,Yes,2,2021-10-31,2024-06-20,172.63,406
CUST10962,Richard Rogers,Colorado,Associate,Female,26,No,0,2024-05-08,2024-07-02,311.23,394
CUST10739,Evelyn Buckley,Washington,Bachelor,Non-Binary,55,Yes,3,2022-05-04,2022-12-15,192.79,959
CUST10148,Erin Mason,Florida,PhD,Male,37,Yes,2,2020-11-28,2024-03-18,129.89,500
CUST10589,Nathan Sanders,Texas,PhD,Male,71,Yes,3,2022-02-01,2022-04-10,861.57,1208
CUST10807,Matthew Hopkins,Illinois,Bachelor,Male,43,No,0,2021-06-19,2021-11-29,366.8,1340
CUST10706,Ronald Becker,California,PhD,Non-Binary,22,No,2,2024-03-08,2025-02-22,961.06,159
CUST10767,Miranda Brown,Georgia,PhD,Non-Binary,78,No,0,2021-04-03,2022-11-08,444.09,996
CUST10328,Ariel Love,California,Master,Female,79,No,0,2024-07-24,2025-01-22,550.22,190
CUST10771,Matthew Ochoa,Texas,High School,Female,20,No,0,2020-10-20,2021-05-26,120.39,1527
CUST10498,Derek Greene,Colorado,Associate,Non-Binary,52,No,1,2024-07-26,2024-09-16,153.83,318
CUST10602,William Reed,Florida,High School,Female,69,No,0,2021-05-06,2022-06-13,320.13,1144
CUST10487,Theresa Crawford,Georgia,PhD,Male,18,Yes,1,2023-11-04,2024-09-06,155.06,328
CUST10383,Willie Green,Colorado,PhD,Non-Binary,74,Yes,1,2022-01-22,2024-05-06,526.87,451
CUST10627,Gary Richardson,New York,Master,Non-Binary,32,No,0,2021-06-18,2023-09-12,30.5,688
CUST10618,Kelly Beard,Colorado,Bachelor,Non-Binary,58,Yes,1,2021-03-17,2024-02-11,115.6,536
CUST10552,Margaret Mcfarland,Georgia,Associate,Non-Binary,36,No,2,2024-01-20,2025-04-01,637.29,121
CUST10556,Ashley Roberts,California,Associate,Non-Binary,50,No,4,2023-01-22,2024-12-12,247.99,231
CUST10848,Brandon Phillips,Washington,Bachelor,Male,55,No,4,2023-03-02,2024-02-27,391.83,520
CUST10801,Tyler Peterson,Ohio,Bachelor,Non-Binary,53,No,3,2023-10-28,2025-05-07,138.76,85
CUST10523,Angela Allen,California,Associate,Female,46,No,0,2020-09-21,2024-08-28,729.81,337
CUST10354,Jennifer Marshall,New York,Master,Non-Binary,45,No,1,2021-05-19,2023-03-29,439.96,855
CUST10130,Eric Nelson,Ohio,Bachelor,Female,44,Yes,1,2022-01-19,2022-12-29,183.55,945
CUST10975,Max Carson,Ohio,Master,Male,34,No,0,2021-03-10,2021-05-28,433.2,1525
CUST10382,Crystal Hines,Ohio,High School,Male,41,Yes,1,2022-06-10,2024-12-22,132.46,221
CUST10138,Chelsea James,Texas,PhD,Male,69,No,2,2024-06-14,2024-12-23,39.08,220
CUST10666,Matthew Lopez,Illinois,Master,Female,43,No,1,2023-12-27,2024-11-22,137.27,251
CUST10722,Jerry Castaneda,California,Associate,Female,29,No,1,2023-08-24,2023-12-16,755.25,593
CUST10798,Sharon Schneider,Washington,High School,Non-Binary,45,No,2,2021-04-30,2024-02-07,107.94,540
CUST10624,Kelly Ramos,Georgia,High School,Female,35,Yes,2,2021-06-16,2021-07-27,288.58,1465
CUST10283,Adam Davis,Illinois,High School,Male,51,No,0,2022-06-13,2024-01-19,203.92,559
CUST10897,Richard Becker,Washington,High School,Male,27,Yes,4,2022-04-22,2022-07-07,145.35,1120
CUST10956,Richard Mercado,New York,Bachelor,Non-Binary,74,No,1,2021-05-25,2022-01-28,335.24,1280
CUST10336,Garrett Sanders,Florida,Master,Non-Binary,69,No,3,2021-10-17,2022-06-04,111.81,1153
CUST10685,Shelley Thomas,Arizona,PhD,Female,58,No,2,2024-04-22,2024-12-30,508.64,213
CUST10293,Susan Davis,Illinois,Master,Male,45,Yes,2,2021-09-22,2024-04-12,531.34,475
CUST10099,Danielle Huffman,New York,High School,Non-Binary,18,No,2,2021-12-09,2024-08-10,207.73,355
CUST10753,Alison Mccarthy,Georgia,Associate,Male,56,Yes,1,2021-02-25,2022-02-01,418.31,1276
CUST10097,Frank Moore,Ohio,Associate,Male,80,No,0,2021-07-22,2024-12-04,443.07,239
CUST10686,Dennis Kane,Washington,PhD,Female,75,No,3,2023-08-24,2025-04-09,285.38,113
CUST10502,Hannah Turner,Colorado,Bachelor,Male,30,No,4,2022-04-30,2023-11-10,184.44,629
CUST10548,Gordon Roman,New York,High School,Non-Binary,62,No,2,2023-10-11,2025-05-04,976.86,88
CUST10262,Edward Medina,Georgia,Associate,Male,62,No,2,2021-07-15,2021-12-06,457.55,1333
CUST10838,Derek Salinas,Ohio,Associate,Non-Binary,62,Yes,1,2021-12-06,2024-04-26,137.75,461
CUST10798,Sharon Schneider,Washington,High School,Non-Binary,45,No,2,2021-04-30,2021-10-02,497.06,1398
CUST10181,Kimberly Aguirre,Arizona,Master,Non-Binary,65,Yes,0,2023-06-27,2024-03-26,66.46,492
CUST10677,Tony Johnson,Georgia,Master,Male,26,Yes,3,2022-10-29,2024-02-20,331.43,527
CUST10250,Alicia Higgins,Texas,Master,Female,74,Yes,1,2023-10-15,2024-12-01,323.2,242
CUST10804,Thomas Graham,Texas,Bachelor,Female,34,Yes,2,2022-03-20,2022-08-24,245.82,1072
CUST10422,Kyle Garcia,Washington,PhD,Non-Binary,54,No,3,2023-05-25,2023-11-08,472.24,631
CUST10364,Douglas Sullivan DDS,Arizona,Master,Male,80,No,0,2023-01-30,2024-12-11,356.47,232
CUST10909,Daniel Contreras,Colorado,Associate,Non-Binary,18,Yes,2,2023-08-15,2025-03-25,322.18,128
CUST10672,Stephen Wright,Florida,Associate,Non-Binary,75,Yes,0,2021-05-24,2024-06-15,124.38,411
CUST10720,Mrs. Raven Fisher,Florida,High School,Non-Binary,72,No,1,2021-04-06,2022-12-12,69.54,962
CUST10781,Michelle Wiley,Arizona,Master,Non-Binary,77,Yes,3,2024-07-14,2025-05-06,368.62,86
CUST10146,Beverly Webb,Georgia,Master,Female,78,No,2,2023-09-06,2025-01-11,169.64,201
CUST10459,Michael Williams,Ohio,High School,Non-Binary,43,No,2,2022-07-21,2022-10-23,80.08,1012
CUST10611,John Walsh,New York,Master,Male,74,No,2,2021-05-15,2021-08-25,237.42,1436
CUST10840,Amy Moore,Illinois,High School,Non-Binary,53,Yes,1,2023-11-25,2024-05-25,299.63,432
CUST10028,Mark Gates,Ohio,PhD,Non-Binary,58,Yes,0,2022-07-12,2023-04-22,619.04,831
CUST10854,Brittany Fox,New York,Master,Male,74,Yes,0,2023-04-12,2024-06-18,209.1,408
CUST10601,Eric Norris,New York,Bachelor,Male,67,Yes,2,2024-02-10,2025-02-11,58.54,170
CUST10905,Virginia Ramsey,Georgia,Master,Non-Binary,25,No,2,2022-06-17,2023-02-20,10.27,892
CUST10493,Angela Massey,Washington,Bachelor,Non-Binary,65,No,4,2023-06-15,2024-08-20,722.29,345
CUST10526,Walter Dean,Texas,Master,Male,68,Yes,1,2021-05-30,2022-09-19,207.25,1046
CUST10777,Andrew Walker,Georgia,Master,Female,46,Yes,1,2022-10-28,2023-09-23,810.84,677
CUST10467,Kaitlyn Hudson,New York,PhD,Female,55,No,2,2022-07-11,2025-04-24,353.43,98
CUST10224,Jacob Yates,Washington,Master,Non-Binary,60,No,0,2023-03-30,2024-08-30,113.76,335
CUST10560,April Richardson,Florida,Master,Female,28,No,0,2021-09-12,2025-02-21,255.08,160
CUST10646,Michael Flores,New York,PhD,Female,21,No,1,2022-01-09,2024-11-20,127.48,253
CUST10006,Jeffrey Torres,Colorado,Bachelor,Non-Binary,72,No,1,2021-01-18,2024-01-13,88.53,565
CUST10959,Angela Huber,Arizona,PhD,Non-Binary,70,No,0,2021-10-14,2023-04-17,60.97,836
CUST10902,Matthew Knox,Florida,High School,Male,32,Yes,0,2024-07-27,2024-11-01,424.23,272
CUST10491,David Vazquez,Florida,Associate,Non-Binary,30,No,1,2024-06-11,2025-05-07,342.91,85
CUST10907,Matthew Graham,Ohio,PhD,Female,31,No,2,2021-02-26,2025-02-01,182.15,180
CUST10800,Michael Tate,Colorado,Associate,Male,39,Yes,0,2023-10-30,2024-01-10,394.63,568
CUST10061,Robert Humphrey,Florida,Bachelor,Female,33,Yes,2,2023-08-04,2025-05-28,464.73,64
CUST10569,Brandon Castro,Illinois,Master,Non-Binary,35,Yes,2,2022-06-29,2023-06-27,149.71,765
CUST10985,Melanie Garcia,Florida,Master,Male,22,Yes,2,2020-08-07,2024-04-18,297.04,469
CUST10708,Amber Boyer,Texas,Associate,Female,67,No,1,2021-07-09,2023-01-18,203.24,925
CUST10014,Matthew Alvarez,Texas,High School,Non-Binary,40,No,2,2022-09-12,2023-10-12,226.53,658
CUST10614,Cynthia Campbell,California,Associate,Male,27,No,1,2021-06-01,2024-02-05,559.14,542
CUST10798,Sharon Schneider,Washington,High School,Non-Binary,45,No,2,2021-04-30,2022-07-11,312.69,1116
CUST10226,Darren Bishop,Ohio,Associate,Male,64,Yes,1,2022-01-09,2024-01-21,315.78,557
CUST10602,William Reed,Florida,High School,Female,69,No,0,2021-05-06,2022-07-06,508.77,1121
CUST10041,Christine Johnson,Washington,High School,Female,75,Yes,1,2024-05-27,2024-07-26,183.6,370
CUST10122,Brandy Robertson,Florida,PhD,Female,76,No,2,2021-09-19,2024-06-23,625.7,403
CUST10500,Sandra Matthews,Ohio,Master,Non-Binary,72,Yes,2,2023-01-20,2023-09-04,197.87,696
CUST10101,Melissa Flores,Georgia,Master,Non-Binary,78,No,2,2023-01-06,2024-11-20,535.45,253
CUST10097,Frank Moore,Ohio,Associate,Male,80,No,0,2021-07-22,2023-08-08,399.06,723
CUST10989,David Hernandez,California,High School,Non-Binary,35,Yes,1,2023-07-23,2024-12-16,129.6,227
CUST10801,Tyler Peterson,Ohio,Bachelor,Non-Binary,53,No,3,2023-10-28,2024-10-17,491.9,287
CUST10255,Paul Smith,Florida,Master,Non-Binary,38,No,0,2022-03-20,2023-04-21,504.57,832
CUST10276,Sandra Torres,Texas,High School,Non-Binary,59,No,1,2023-08-15,2025-04-23,496.89,99
CUST10709,Jason Haynes,California,Bachelor,Female,36,No,1,2023-10-03,2024-10-27,177.1,277
CUST10385,Stephen Gray,New York,Associate,Female,25,No,4,2022-04-10,2025-05-19,608.05,73
CUST10525,Michelle Campbell,Colorado,PhD,Female,72,Yes,1,2021-10-04,2023-09-13,117.56,687
CUST10241,Logan Garcia,Georgia,High School,Non-Binary,69,Yes,1,2022-03-23,2023-01-24,69.34,919
CUST10936,Shannon Guzman,New York,Bachelor,Male,43,Yes,3,2020-12-05,2024-05-24,319.76,433
CUST10644,Karen Fitzgerald,Illinois,PhD,Non-Binary,50,No,1,2022-06-20,2023-02-26,121.7,886
CUST10483,Robert Oconnell,Illinois,Associate,Female,57,Yes,1,2022-04-22,2025-05-09,262.1,83
CUST10002,Dylan Schwartz,New York,Bachelor,Female,22,No,0,2021-06-24,2023-01-08,448.95,935
CUST10705,Sarah Hodge,California,Bachelor,Female,25,No,2,2023-10-07,2025-04-06,746.95,116
CUST10760,Becky May,Colorado,Master,Female,23,Yes,2,2024-06-07,2025-07-24,517.0,7
CUST10077,James Chang,Georgia,Associate,Non-Binary,76,Yes,2,2022-10-10,2025-07-17,123.91,14
CUST10688,Christine Martinez,New York,Associate,Male,54,Yes,1,2024-02-24,2024-03-30,114.68,488
CUST10902,Matthew Knox,Florida,High School,Male,32,Yes,0,2024-07-27,2025-01-04,145.59,208
CUST10632,Fernando Fuller,Illinois,Associate,Non-Binary,75,No,2,2022-03-13,2022-05-06,231.2,1182
CUST10712,Matthew Keller,Washington,Bachelor,Female,42,Yes,3,2021-01-05,2023-03-01,476.32,883
CUST10764,Cassie Morgan,Florida,Bachelor,Non-Binary,67,Yes,1,2024-07-14,2025-05-09,661.32,83
CUST10396,Jessica Wang,Florida,PhD,Male,29,No,2,2021-03-29,2024-11-29,80.68,244
CUST10801,Tyler Peterson,Ohio,Bachelor,Non-Binary,53,No,3,2023-10-28,2024-08-09,311.33,356
CUST10363,David Lopez,Georgia,High School,Female,75,No,3,2024-05-10,2024-06-29,155.53,397
CUST10830,Kenneth Frost,New York,Master,Female,32,Yes,1,2024-04-17,2025-07-02,156.83,29
CUST10935,Scott Wood MD,California,High School,Male,78,No,0,2023-02-05,2023-08-02,540.29,729
CUST10474,John Graham,Washington,Bachelor,Female,73,No,2,2023-02-06,2025-02-28,549.19,153
CUST10369,Matthew Coleman,New York,Associate,Female,73,Yes,1,2024-07-26,2025-01-29,237.31,183
CUST10818,Melissa Hernandez,Ohio,High School,Female,56,No,1,2021-04-25,2021-04-28,344.39,1555
CUST10590,Nicholas Gilmore,Ohio,Master,Non-Binary,37,No,0,2021-09-24,2023-02-25,305.13,887
CUST10090,Cameron Bowen,Arizona,Master,Female,32,No,2,2022-10-29,2024-06-14,439.79,412
CUST10205,Francis Romero,Texas,High School,Non-Binary,22,Yes,0,2023-10-13,2025-01-09,10.28,203
CUST10812,Alison Stanley,New York,Master,Non-Binary,45,No,2,2021-02-15,2023-08-27,122.74,704
CUST10925,Dr. Joshua Patel,Arizona,PhD,Female,53,Yes,0,2022-11-10,2023-07-30,111.04,732
CUST10670,Logan Cohen,Illinois,Bachelor,Non-Binary,75,No,1,2024-03-10,2024-05-05,129.55,452
CUST10710,Derek Smith,Illinois,PhD,Male,63,Yes,0,2021-05-02,2023-03-16,799.43,868
CUST10925,Dr. Joshua Patel,Arizona,PhD,Female,53,Yes,0,2022-11-10,2024-05-24,329.85,433
CUST10327,Collin Terrell,Ohio,Master,Male,65,No,2,2023-12-07,2024-07-09,426.89,387
CUST10526,Walter Dean,Texas,Master,Male,68,Yes,1,2021-05-30,2022-10-24,198.2,1011
CUST10182,Donna Nichols DDS,Florida,Master,Non-Binary,78,No,3,2024-01-10,2024-11-27,445.4,246
CUST10586,Robert Peck,California,PhD,Female,68,No,2,2021-09-03,2025-07-30,636.39,1
CUST10820,David Ramirez,Florida,Associate,Non-Binary,74,Yes,1,2022-03-16,2023-04-15,73.17,838
CUST10321,Micheal Davis,Texas,High School,Female,39,Yes,3,2023-12-30,2024-02-10,78.08,537
CUST10449,John Lloyd,Arizona,Master,Non-Binary,31,Yes,0,2022-07-03,2024-07-07,351.23,389
CUST10595,Maria Jackson,California,Master,Female,72,No,2,2023-09-08,2024-12-01,514.19,242
CUST10385,Stephen Gray,New York,Associate,Female,25,No,4,2022-04-10,2024-04-11,657.48,476
CUST10206,Michelle Schmidt,Ohio,Associate,Female,67,Yes,0,2020-11-29,2024-09-14,138.36,320
CUST10980,Mike Alvarado,New York,Bachelor,Male,45,No,0,2023-12-09,2024-12-16,236.88,227
CUST10409,Gwendolyn Brooks,Illinois,High School,Female,26,Yes,0,2021-04-01,2023-03-27,71.28,857
CUST10085,Carmen Jones,Washington,Master,Non-Binary,27,Yes,2,2023-11-30,2023-12-27,557.73,582
CUST10927,Paul Garcia,Texas,Bachelor,Male,54,No,3,2021-02-13,2024-08-21,304.14,344
CUST10552,Margaret Mcfarland,Georgia,Associate,Non-Binary,36,No,2,2024-01-20,2025-03-29,211.07,124
CUST10931,Cathy Brown,Florida,Bachelor,Female,21,No,0,2022-01-21,2023-12-02,244.35,607
CUST10211,Jessica Calhoun,Texas,High School,Male,36,No,1,2020-09-21,2021-08-10,173.68,1451
CUST10964,Carla Johnson,Washington,PhD,Non-Binary,19,Yes,1,2023-08-04,2024-12-04,678.73,239
CUST10015,Kayla Oneill,Texas,PhD,Non-Binary,69,No,2,2021-05-07,2024-09-17,292.68,317
CUST10893,Jeff Miller,California,High School,Male,26,Yes,3,2022-09-11,2022-11-12,63.51,992
CUST10402,Antonio Peters,Illinois,Associate,Non-Binary,42,No,1,2022-01-30,2023-10-26,34.01,644
CUST10758,Nicolas Cruz,Illinois,Master,Male,66,No,1,2022-02-25,2022-05-08,717.37,1180
CUST10319,Scott Perez,Florida,High School,Non-Binary,47,Yes,1,2021-09-19,2023-04-23,317.35,830
CUST10580,Kayla Gonzalez,Georgia,High School,Female,45,No,1,2021-11-28,2023-02-20,386.12,892
CUST10548,Gordon Roman,New York,High School,Non-Binary,62,No,2,2023-10-11,2023-11-06,27.55,633
CUST10389,Sean Smith,California,High School,Male,59,No,0,2022-08-10,2022-10-28,623.27,1007
CUST10758,Nicolas Cruz,Illinois,Master,Male,66,No,1,2022-02-25,2022-04-21,115.42,1197
CUST10779,Tiffany Clements,Arizona,Master,Male,71,No,1,2021-07-23,2024-07-30,90.94,366
CUST10134,Travis Barber,Ohio,Bachelor,Male,67,Yes,0,2020-11-15,2025-03-02,631.62,151
CUST10635,Sherry Stanley,Washington,Associate,Female,39,No,1,2023-12-28,2025-03-14,465.19,139
CUST10558,Andrew Rivera,Colorado,High School,Male,69,No,2,2024-06-13,2024-11-15,816.95,258
CUST10427,Jesse Robinson,Washington,Master,Male,75,No,0,2022-02-14,2022-12-16,347.76,958
CUST10574,David Jensen,New York,Bachelor,Non-Binary,51,No,4,2021-05-11,2025-07-17,403.25,14
CUST10404,Brian Reynolds,Florida,PhD,Female,21,Yes,1,2023-11-04,2025-01-29,252.04,183
CUST10198,Joseph Wilson,Florida,Associate,Male,38,No,0,2020-10-06,2024-06-16,297.9,410
CUST10107,Shelley Mcdowell,Florida,High School,Male,61,No,0,2020-08-17,2023-10-19,1222.99,651
CUST10349,James Smith,Arizona,High School,Non-Binary,64,No,0,2021-11-21,2025-01-18,172.29,194
CUST10381,Jeffrey Cook,Arizona,Master,Female,21,No,1,2021-06-16,2022-11-14,657.81,990
CUST10658,Matthew Flowers,Illinois,Bachelor,Male,60,No,0,2022-09-19,2025-07-13,834.18,18
CUST10745,Robert Mosley,Washington,PhD,Female,20,No,1,2020-08-09,2021-05-02,87.92,1551
CUST10777,Andrew Walker,Georgia,Master,Female,46,Yes,1,2022-10-28,2023-07-22,221.42,740
CUST10815,Carol Peterson MD,Washington,Master,Non-Binary,46,Yes,3,2024-06-17,2025-04-24,140.45,98
CUST10080,Nicole Burns,New York,Associate,Male,23,No,3,2022-07-09,2024-03-17,409.26,501
CUST10407,Robert Anderson,Arizona,High School,Non-Binary,66,Yes,3,2021-09-18,2024-01-23,242.74,555
CUST10804,Thomas Graham,Texas,Bachelor,Female,34,Yes,2,2022-03-20,2022-12-19,241.78,955
CUST10316,Christopher Serrano,New York,High School,Male,60,Yes,1,2022-12-15,2025-04-12,166.49,110
CUST10672,Stephen Wright,Florida,Associate,Non-Binary,75,Yes,0,2021-05-24,2022-12-07,276.74,967
CUST10373,James White,Washington,Associate,Non-Binary,69,Yes,0,2021-03-08,2024-06-12,77.02,414
CUST10802,April Davis,Arizona,Bachelor,Non-Binary,30,No,4,2023-02-06,2024-07-20,147.84,376
CUST10644,Karen Fitzgerald,Illinois,PhD,Non-Binary,50,No,1,2022-06-20,2023-08-29,533.06,702
CUST10138,Chelsea James,Texas,PhD,Male,69,No,2,2024-06-14,2025-06-25,77.57,36
CUST10530,Dana Smith,New York,High School,Female,41,Yes,2,2024-01-12,2025-02-12,625.9,169
CUST10517,Jonathan Cunningham PhD,Ohio,Master,Non-Binary,54,No,2,2021-02-02,2024-12-19,306.64,224
CUST10033,Kelli Robinson,Arizona,PhD,Male,18,No,3,2023-05-28,2023-08-28,386.78,703
CUST10209,Richard Brown,New York,High School,Male,71,Yes,2,2023-04-06,2023-11-07,496.91,632
CUST10477,Caleb Perry,Ohio,High School,Female,63,No,0,2022-12-27,2023-09-06,155.91,694
CUST10197,Nicole Alvarez,Washington,Master,Male,46,Yes,1,2021-08-26,2025-02-14,99.59,167
CUST10877,David Vazquez,Arizona,Master,Male,26,Yes,1,2022-10-15,2024-06-01,251.28,425
CUST10222,Mr. Lance Cisneros,Texas,Associate,Non-Binary,64,No,2,2022-11-03,2024-09-07,190.33,327
CUST10983,Sean Galloway,Colorado,High School,Non-Binary,66,Yes,1,2022-02-10,2023-06-01,294.97,791
CUST10338,Charles Davis,Arizona,Master,Female,50,Yes,3,2023-07-14,2024-06-17,780.23,409
CUST10875,Jennifer Morales,New York,Bachelor,Female,63,No,2,2023-06-25,2023-11-15,706.07,624
CUST10754,Brian Harris,California,Master,Male,28,Yes,1,2021-05-02,2023-10-29,601.98,641
CUST10325,Valerie Shelton,New York,Associate,Male,21,No,0,2022-03-17,2024-10-25,355.77,279
CUST10107,Shelley Mcdowell,Florida,High School,Male,61,No,0,2020-08-17,2021-02-28,205.59,1614
CUST10372,Jennifer Sullivan,Ohio,PhD,Female,50,No,0,2023-05-30,2023-10-17,50.73,653
CUST10615,Frank Bowman,New York,Master,Non-Binary,59,No,3,2024-01-25,2025-02-02,1386.98,179
CUST10465,Juan Zamora,Colorado,High School,Female,51,No,1,2023-03-03,2024-11-08,347.26,265
CUST10892,Raymond Riley,Washington,PhD,Male,54,No,2,2021-09-08,2021-11-21,671.14,1348
CUST10611,John Walsh,New York,Master,Male,74,No,2,2021-05-15,2024-12-11,410.89,232
CUST10764,Cassie Morgan,Florida,Bachelor,Non-Binary,67,Yes,1,2024-07-14,2024-12-31,161.56,212
CUST10431,Daniel Fernandez,California,Associate,Female,36,Yes,0,2021-07-04,2023-10-19,124.61,651
CUST10398,Teresa Gardner,Illinois,High School,Male,72,Yes,3,2023-12-01,2024-08-24,593.49,341
CUST10657,David Woods,Georgia,Associate,Non-Binary,76,No,0,2023-08-27,2025-02-11,622.57,170
CUST10602,William Reed,Florida,High School,Female,69,No,0,2021-05-06,2025-01-24,146.14,188
CUST10050,Marilyn Jackson,New York,Bachelor,Male,32,No,1,2024-06-22,2024-08-04,242.97,361
CUST10340,Elizabeth Phillips,California,Bachelor,Non-Binary,80,No,0,2020-08-30,2023-09-08,340.65,692
CUST10326,Melissa Price,Texas,Bachelor,Non-Binary,65,No,2,2020-09-11,2024-08-27,181.19,338
CUST10712,Matthew Keller,Washington,Bachelor,Female,42,Yes,3,2021-01-05,2025-02-03,310.13,178
CUST10143,Catherine Church,Georgia,PhD,Non-Binary,74,No,2,2023-09-12,2025-01-11,168.44,201
CUST10254,Dean Wright,Florida,PhD,Male,80,No,0,2021-05-30,2025-05-11,178.42,81
CUST10107,Shelley Mcdowell,Florida,High School,Male,61,No,0,2020-08-17,2022-01-14,684.76,1294
CUST10074,James Garcia DDS,Florida,Master,Male,58,Yes,1,2022-05-14,2023-06-24,733.36,768
CUST10823,Courtney Meyer,Georgia,High School,Non-Binary,35,Yes,0,2021-12-21,2023-04-18,619.68,835
CUST10674,Robert Turner,Ohio,Associate,Female,78,No,1,2021-10-06,2024-10-12,550.89,292
CUST10002,Dylan Schwartz,New York,Bachelor,Female,22,No,0,2021-06-24,2024-10-03,461.25,301
CUST10123,Lauren Wilkerson,California,Associate,Non-Binary,53,Yes,1,2021-03-10,2022-06-06,582.02,1151
CUST10725,John Tyler,Arizona,Bachelor,Female,69,No,2,2023-06-18,2025-01-21,130.83,191
CUST10150,Mary Keller,Arizona,Bachelor,Female,74,Yes,1,2021-04-01,2023-07-22,90.01,740
CUST10149,Kayla Ortiz,Washington,PhD,Non-Binary,73,No,2,2022-11-09,2023-03-11,278.18,873
CUST10140,Sean Becker,Texas,Associate,Male,41,No,2,2024-06-10,2025-01-21,265.48,191
CUST10462,Billy Thompson,Ohio,Associate,Male,37,Yes,4,2023-12-14,2025-03-10,637.21,143
CUST10882,Amber Watson,Arizona,High School,Non-Binary,61,No,3,2021-04-01,2024-07-16,118.74,380
CUST10576,Laura Miller,Texas,PhD,Female,29,No,3,2023-05-18,2023-12-09,94.67,600
CUST10910,Justin Scott,Washington,Bachelor,Male,23,Yes,1,2023-07-04,2025-06-17,1233.11,44
CUST10333,Wendy Ponce,Ohio,Master,Male,60,Yes,4,2024-05-12,2025-03-07,113.59,146
CUST10127,Courtney Cuevas,Illinois,High School,Non-Binary,58,Yes,0,2020-09-04,2024-08-11,687.67,354
CUST10112,Jasmin Duarte,Texas,High School,Non-Binary,19,No,0,2022-09-21,2024-05-06,72.45,451
CUST10690,Leah Moore,Arizona,Bachelor,Non-Binary,24,Yes,1,2021-07-24,2023-04-23,197.13,830
CUST10045,Amanda Berg,Illinois,Bachelor,Male,28,No,2,2023-02-23,2023-07-06,227.14,756
CUST10535,Teresa Garcia,Georgia,High School,Female,28,No,0,2024-05-15,2025-01-14,42.71,198
CUST10778,Jillian Bauer PhD,Texas,PhD,Non-Binary,57,Yes,4,2023-05-20,2025-01-23,92.37,189
CUST10243,Nicholas Johnson,Ohio,Bachelor,Non-Binary,50,Yes,2,2020-12-20,2021-09-20,462.35,1410
CUST10510,Timothy Mclaughlin,Illinois,Bachelor,Non-Binary,20,No,0,2020-09-08,2021-04-05,348.14,1578
CUST10586,Robert Peck,California,PhD,Female,68,No,2,2021-09-03,2022-09-22,128.69,1043
CUST10919,Dr. Jennifer Williamson DDS,Ohio,PhD,Male,62,No,0,2022-01-16,2022-03-01,520.59,1248
CUST10738,Tanya Wilkinson,New York,Associate,Non-Binary,62,Yes,0,2023-02-09,2024-09-24,278.3,310
CUST10992,Sheila Gonzales,Arizona,Associate,Female,48,Yes,1,2022-07-07,2022-08-15,653.97,1081
CUST10495,Andrew Hogan,Florida,High School,Non-Binary,49,No,3,2022-03-10,2025-02-16,213.07,165
CUST10727,Mary Brown,Ohio,PhD,Female,64,Yes,0,2022-05-27,2025-03-02,352.21,151
CUST10894,Jared Williamson,California,PhD,Non-Binary,60,No,1,2023-07-18,2024-06-01,92.93,425
CUST10901,Matthew Miller,Ohio,High School,Male,23,No,2,2022-02-09,2023-01-23,349.24,920
CUST10736,Stephanie Miller,Washington,Master,Non-Binary,50,No,2,2023-07-26,2024-03-29,266.19,489
CUST10636,Shannon Gardner,Colorado,Master,Male,23,No,1,2021-10-26,2024-11-22,727.75,251
CUST10901,Matthew Miller,Ohio,High School,Male,23,No,2,2022-02-09,2022-02-19,43.55,1258
CUST10713,Charles Travis,New York,PhD,Male,23,No,3,2023-10-08,2024-07-05,380.28,391
CUST10825,Gary Marshall,New York,Bachelor,Non-Binary,54,No,0,2022-08-19,2023-08-10,416.71,721
CUST10888,James Wilkins,Florida,Associate,Non-Binary,52,Yes,3,2023-04-16,2024-10-21,874.33,283
CUST10430,Sandra King,Texas,Bachelor,Non-Binary,46,No,0,2021-10-24,2025-07-25,159.95,6
CUST10126,Charles Powers,Florida,Associate,Non-Binary,46,No,3,2022-10-12,2025-03-18,217.3,135
CUST10926,Amy Smith,Colorado,PhD,Female,36,No,1,2023-07-27,2025-02-21,577.85,160
CUST10365,Yesenia Johnson,Illinois,Bachelor,Non-Binary,27,Yes,0,2023-04-21,2025-06-02,165.03,59
CUST10570,Jennifer Williams,Ohio,High School,Male,28,Yes,1,2022-11-07,2024-06-09,360.15,417
CUST10898,Heather Chavez,New York,Associate,Non-Binary,21,Yes,2,2024-04-21,2025-05-11,582.75,81
CUST10218,Jason Austin,Ohio,PhD,Female,67,Yes,1,2023-03-02,2023-12-08,80.54,601
CUST10426,Jessica Anderson,Washington,High School,Female,38,Yes,2,2023-05-10,2025-04-23,150.26,99
CUST10837,Michael Navarro,California,Bachelor,Female,70,Yes,3,2022-06-04,2023-09-19,585.56,681
CUST10058,Jennifer Anderson MD,Florida,PhD,Non-Binary,49,No,3,2021-10-20,2023-03-06,443.46,878
CUST10408,Jennifer Schultz,Georgia,Bachelor,Non-Binary,69,Yes,2,2023-04-30,2024-04-21,22.23,466
CUST10142,Savannah Williams,Georgia,Associate,Male,79,No,1,2024-07-22,2024-12-22,931.8,221
CUST10756,Melissa Roberts,Illinois,PhD,Male,24,No,2,2024-03-30,2024-05-26,690.63,431
CUST10143,Catherine Church,Georgia,PhD,Non-Binary,74,No,2,2023-09-12,2024-03-08,214.34,510
CUST10133,Brett Holloway,Washington,PhD,Non-Binary,49,Yes,4,2022-03-16,2024-01-14,416.76,564
CUST10181,Kimberly Aguirre,Arizona,Master,Non-Binary,65,Yes,0,2023-06-27,2024-12-02,206.9,241
CUST10153,Michele Brown,Ohio,PhD,Female,70,Yes,1,2024-06-22,2024-07-30,148.15,366
CUST10729,James Jackson,Illinois,Bachelor,Male,75,No,0,2024-02-08,2024-06-18,81.46,408
CUST10905,Virginia Ramsey,Georgia,Master,Non-Binary,25,No,2,2022-06-17,2024-09-03,222.37,331
CUST10895,William Baker,Arizona,High School,Female,63,Yes,1,2022-08-30,2024-08-29,134.24,336
CUST10650,Phillip Taylor,Ohio,PhD,Non-Binary,70,Yes,1,2023-12-13,2024-05-15,429.44,442
CUST10112,Jasmin Duarte,Texas,High School,Non-Binary,19,No,0,2022-09-21,2023-11-16,434.43,623
CUST10904,Katie Riggs,Georgia,Associate,Non-Binary,76,No,1,2023-10-23,2024-08-25,285.08,340
CUST10204,Jacob Perkins,Colorado,Bachelor,Male,47,Yes,3,2023-04-26,2023-05-08,98.75,815
CUST10896,Charles Love,Illinois,High School,Non-Binary,38,No,2,2022-10-17,2024-08-06,81.55,359
CUST10352,Kevin Rowland,Texas,Associate,Female,20,No,1,2023-05-08,2025-01-17,402.9,195
CUST10215,Daniel Bishop,Washington,Master,Non-Binary,40,No,2,2021-01-25,2024-08-28,182.64,337
CUST10276,Sandra Torres,Texas,High School,Non-Binary,59,No,1,2023-08-15,2025-01-04,216.72,208
CUST10713,Charles Travis,New York,PhD,Male,23,No,3,2023-10-08,2025-01-06,162.21,206
CUST10417,Mason Tate,Florida,High School,Non-Binary,55,Yes,3,2023-11-24,2024-08-21,79.55,344
CUST10919,Dr. Jennifer Williamson DDS,Ohio,PhD,Male,62,No,0,2022-01-16,2024-02-22,307.49,525
CUST10575,Beth Jensen,Colorado,Bachelor,Non-Binary,59,Yes,2,2024-07-27,2024-11-07,380.99,266
CUST10633,Cole Ward,Colorado,Master,Non-Binary,67,Yes,0,2023-11-04,2025-07-25,653.47,6
CUST10590,Nicholas Gilmore,Ohio,Master,Non-Binary,37,No,0,2021-09-24,2025-01-14,180.03,198
CUST10872,Paige Rubio,Georgia,Associate,Male,51,No,0,2023-10-19,2023-12-21,543.83,588
CUST10115,Jon Chang,Arizona,Associate,Male,62,Yes,0,2023-04-13,2024-09-28,568.64,306
CUST10708,Amber Boyer,Texas,Associate,Female,67,No,1,2021-07-09,2021-07-16,821.99,1476
CUST10165,Ashley Kim,Illinois,Master,Non-Binary,32,Yes,0,2021-09-25,2023-03-20,190.63,864
CUST10953,Bobby Reed,Colorado,PhD,Female,38,No,0,2021-10-19,2025-02-28,88.35,153
CUST10050,Marilyn Jackson,New York,Bachelor,Male,32,No,1,2024-06-22,2025-05-04,161.18,88
CUST10961,Charles Mayer,New York,Bachelor,Female,65,No,0,2021-09-04,2024-02-21,815.11,526
CUST10440,Linda Merritt,Colorado,Master,Non-Binary,40,Yes,1,2022-04-19,2022-08-27,66.06,1069
CUST10708,Amber Boyer,Texas,Associate,Female,67,No,1,2021-07-09,2023-09-12,812.94,688
CUST10760,Becky May,Colorado,Master,Female,23,Yes,2,2024-06-07,2024-11-18,159.36,255
CUST10332,Susan Garner,New York,Associate,Female,30,No,0,2023-11-14,2025-02-04,214.11,177
CUST10028,Mark Gates,Ohio,PhD,Non-Binary,58,Yes,0,2022-07-12,2025-05-16,732.04,76
CUST10004,Randy Richardson,Ohio,Associate,Non-Binary,68,No,1,2022-08-01,2023-08-03,388.18,728
CUST10388,Ronald Ramirez,Illinois,High School,Male,50,No,2,2022-05-24,2024-04-11,523.46,476
CUST10506,Nicholas Hurley,Arizona,Associate,Non-Binary,78,Yes,0,2022-03-19,2024-12-11,221.78,232
CUST10254,Dean Wright,Florida,PhD,Male,80,No,0,2021-05-30,2024-06-12,496.34,414
CUST10069,Patricia Santana,California,PhD,Male,70,No,0,2022-07-11,2024-09-11,103.09,323
CUST10965,Kristin Dillon,Illinois,Master,Male,40,Yes,2,2022-07-29,2023-01-21,355.45,922
CUST10781,Michelle Wiley,Arizona,Master,Non-Binary,77,Yes,3,2024-07-14,2025-06-02,133.46,59
CUST10534,Matthew Smith,Texas,Associate,Female,76,No,1,2024-03-23,2025-03-08,378.39,145
CUST10229,Andrea Roberts,Illinois,High School,Male,76,No,1,2022-02-01,2022-09-28,226.37,1037
CUST10359,Erica Cherry,Georgia,PhD,Female,53,No,0,2020-10-08,2024-11-24,543.63,249
CUST10864,Travis Christensen,California,Bachelor,Non-Binary,65,No,1,2024-07-26,2025-06-18,626.89,43
CUST10096,Laura White,California,High School,Female,41,Yes,0,2020-08-06,2024-01-02,405.09,576
CUST10180,Julia Dennis,Washington,PhD,Non-Binary,45,No,0,2021-03-02,2024-01-10,404.41,568
CUST10362,Mark Hernandez,Ohio,PhD,Female,62,No,0,2021-06-17,2023-05-10,650.33,813
CUST10568,Scott Weeks,New York,Associate,Female,62,No,0,2023-07-17,2024-05-25,180.55,432
CUST10521,Ms. Maria Garrett,Florida,High School,Female,23,Yes,1,2020-12-30,2023-10-09,593.89,661
CUST10485,Jessica Reid,Florida,Associate,Non-Binary,68,No,1,2022-05-09,2024-10-19,733.88,285
CUST10266,Robert Murphy,Ohio,Bachelor,Male,42,No,0,2020-08-27,2025-02-10,26.7,171
CUST10370,Brandi Black,California,High School,Female,42,Yes,1,2023-05-31,2024-01-11,148.67,567
CUST10891,Miss Alyssa Garcia,Washington,Master,Male,78,Yes,0,2021-07-20,2023-07-12,204.61,750
CUST10441,Erin Gutierrez,Texas,Associate,Female,56,Yes,1,2021-12-06,2023-11-14,160.66,625
CUST10920,Barbara Jackson,Arizona,Master,Female,70,No,1,2021-05-17,2024-12-26,273.74,217
CUST10550,Derrick Daniel,Colorado,Bachelor,Male,77,No,2,2022-03-07,2025-06-15,588.43,46
CUST10811,Carolyn Smith,Florida,Associate,Male,28,No,2,2023-03-10,2025-05-24,217.06,68
CUST10099,Danielle Huffman,New York,High School,Non-Binary,18,No,2,2021-12-09,2025-03-26,978.58,127
CUST10332,Susan Garner,New York,Associate,Female,30,No,0,2023-11-14,2024-11-16,339.61,257
CUST10090,Cameron Bowen,Arizona,Master,Female,32,No,2,2022-10-29,2024-11-24,164.35,249
CUST10680,Samantha Johnson,Texas,PhD,Male,80,Yes,0,2022-10-05,2024-05-26,440.55,431
CUST10946,Amber Shaw,Illinois,PhD,Male,29,No,0,2022-09-08,2024-01-19,169.06,559
CUST10814,Kristin Beard,Texas,Master,Non-Binary,47,Yes,2,2022-01-08,2025-07-04,844.68,27
CUST10254,Dean Wright,Florida,PhD,Male,80,No,0,2021-05-30,2024-12-04,367.7,239
CUST10395,Mary Mcneil,Ohio,Bachelor,Male,33,No,0,2022-08-06,2025-06-17,351.26,44
CUST10281,Kayla Estes,Washington,Master,Non-Binary,76,Yes,2,2024-07-10,2025-04-06,335.34,116
CUST10243,Nicholas Johnson,Ohio,Bachelor,Non-Binary,50,Yes,2,2020-12-20,2023-05-05,241.0,818
CUST10441,Erin Gutierrez,Texas,Associate,Female,56,Yes,1,2021-12-06,2023-12-11,110.21,598
CUST10507,William Patel,California,Associate,Female,72,No,1,2022-01-14,2025-05-08,191.18,84
CUST10748,Valerie Miller,Texas,PhD,Male,27,Yes,0,2020-12-03,2021-02-14,241.55,1628
CUST10223,Mr. Jason Jones,Washington,High School,Female,20,No,1,2020-12-03,2023-10-03,252.53,667
CUST10932,Shirley Acosta,New York,PhD,Female,68,No,1,2022-07-02,2023-03-17,243.71,867
CUST10085,Carmen Jones,Washington,Master,Non-Binary,27,Yes,2,2023-11-30,2024-07-22,332.83,374
CUST10084,Michael Nelson,Florida,High School,Female,41,Yes,2,2022-01-18,2024-05-03,1170.18,454
CUST10028,Mark Gates,Ohio,PhD,Non-Binary,58,Yes,0,2022-07-12,2023-03-01,538.71,883
CUST10757,Jennifer Wilcox,Colorado,Associate,Non-Binary,21,Yes,0,2024-06-01,2025-06-17,366.96,44
CUST10470,Jill Stone,Georgia,Master,Non-Binary,42,Yes,2,2023-01-06,2023-08-31,480.84,700
CUST10993,Dawn Williams,Arizona,Associate,Male,39,Yes,0,2020-10-10,2021-03-04,570.64,1610
CUST10869,Olivia Ramirez,New York,Bachelor,Male,61,No,1,2020-09-02,2024-12-28,243.0,215
CUST10328,Ariel Love,California,Master,Female,79,No,0,2024-07-24,2025-07-26,195.15,5
CUST10383,Willie Green,Colorado,PhD,Non-Binary,74,Yes,1,2022-01-22,2022-07-19,396.52,1108
CUST10984,David Cowan,Washington,Master,Female,18,Yes,1,2021-02-25,2024-10-03,788.19,301
CUST10462,Billy Thompson,Ohio,Associate,Male,37,Yes,4,2023-12-14,2024-08-28,112.31,337
CUST10736,Stephanie Miller,Washington,Master,Non-Binary,50,No,2,2023-07-26,2024-12-06,251.29,237
CUST10907,Matthew Graham,Ohio,PhD,Female,31,No,2,2021-02-26,2025-04-19,237.69,103
CUST10230,Ricky Skinner,Arizona,PhD,Male,40,Yes,1,2023-05-18,2025-07-07,314.55,24
CUST10623,Dennis Howell,Georgia,PhD,Male,77,No,2,2024-01-06,2025-01-04,188.54,208
CUST10079,Amber Moreno,Florida,Bachelor,Male,46,No,3,2023-08-11,2023-09-02,201.62,698
CUST10241,Logan Garcia,Georgia,High School,Non-Binary,69,Yes,1,2022-03-23,2024-12-30,204.75,213
CUST10812,Alison Stanley,New York,Master,Non-Binary,45,No,2,2021-02-15,2023-02-08,251.3,904
CUST10631,Jennifer Durham,Ohio,Bachelor,Male,51,Yes,4,2024-03-21,2025-06-20,227.02,41
CUST10877,David Vazquez,Arizona,Master,Male,26,Yes,1,2022-10-15,2023-05-15,151.66,808
CUST10452,Timothy Robertson,Ohio,High School,Non-Binary,51,Yes,0,2024-06-04,2024-09-20,332.04,314
CUST10670,Logan Cohen,Illinois,Bachelor,Non-Binary,75,No,1,2024-03-10,2024-12-01,191.24,242
CUST10873,Heather Strong,Arizona,High School,Male,19,Yes,3,2022-12-14,2023-04-26,1372.88,827
CUST10147,Jay James,Colorado,PhD,Female,63,Yes,2,2024-01-26,2024-02-24,62.9,523
CUST10087,Tina Singh,Arizona,Bachelor,Male,44,No,1,2023-10-28,2024-08-06,73.08,359
CUST10220,Elizabeth Monroe,Illinois,PhD,Female,61,Yes,3,2023-04-26,2024-10-24,240.91,280
CUST10208,Daniel Patton,Arizona,Associate,Male,62,Yes,0,2020-10-29,2025-07-21,555.91,10
CUST10503,Laurie Hall,Illinois,High School,Female,27,No,0,2021-08-05,2024-05-11,273.8,446
CUST10464,Edwin Woodward,Colorado,Master,Non-Binary,40,No,0,2022-11-07,2023-12-30,423.74,579
CUST10918,Thomas Mccormick,Washington,Bachelor,Non-Binary,63,No,1,2022-11-17,2024-11-30,259.64,243
CUST10023,Joshua Norris,New York,Bachelor,Female,60,Yes,1,2022-01-25,2025-01-23,907.95,189
CUST10608,David Deleon,Washington,High School,Male,42,Yes,0,2023-08-27,2025-03-27,176.72,126
CUST10261,Richard Thomas,Texas,Master,Male,45,Yes,0,2021-08-06,2023-08-28,57.92,703
CUST10581,Raymond Kelly,Ohio,PhD,Male,40,No,2,2021-05-08,2022-10-02,166.95,1033
CUST10838,Derek Salinas,Ohio,Associate,Non-Binary,62,Yes,1,2021-12-06,2024-03-01,547.44,517
CUST10872,Paige Rubio,Georgia,Associate,Male,51,No,0,2023-10-19,2024-03-15,1037.06,503
CUST10119,Kenneth Ponce,Ohio,High School,Male,38,No,0,2020-10-28,2024-08-19,153.16,346
CUST10168,Cynthia Bradley,Illinois,Bachelor,Female,58,No,1,2021-05-09,2025-07-05,90.99,26
CUST10705,Sarah Hodge,California,Bachelor,Female,25,No,2,2023-10-07,2025-04-16,544.91,106
CUST10525,Michelle Campbell,Colorado,PhD,Female,72,Yes,1,2021-10-04,2023-05-03,205.71,820
CUST10715,Nicholas Bond,California,Associate,Male,75,Yes,2,2020-08-24,2023-06-11,50.91,781
CUST10792,Richard Henry,Texas,PhD,Male,54,Yes,3,2022-10-06,2024-01-06,976.44,572
CUST10362,Mark Hernandez,Ohio,PhD,Female,62,No,0,2021-06-17,2021-09-10,43.18,1420
CUST10448,Charles Waters,Arizona,Bachelor,Non-Binary,43,No,2,2024-04-26,2024-08-08,424.58,357
CUST10468,Parker Lewis,Texas,PhD,Female,40,No,1,2021-07-23,2025-01-25,475.61,187
CUST10730,Willie Chandler,Georgia,Associate,Male,27,No,2,2022-06-21,2022-10-12,38.8,1023
CUST10177,Dr. Regina King PhD,Texas,Associate,Female,58,Yes,0,2020-09-24,2023-11-10,275.93,629
CUST10113,Sean Mathews,Arizona,Associate,Non-Binary,65,No,1,2023-07-17,2024-06-01,75.76,425
CUST10959,Angela Huber,Arizona,PhD,Non-Binary,70,No,0,2021-10-14,2022-11-22,885.82,982
CUST10355,Wendy Diaz,Ohio,High School,Male,22,Yes,2,2022-06-05,2023-03-27,132.37,857
CUST10691,John Velasquez,Ohio,Associate,Female,66,No,0,2021-11-22,2025-06-07,843.76,54
CUST10560,April Richardson,Florida,Master,Female,28,No,0,2021-09-12,2024-06-19,443.03,407
CUST10761,Richard Thomas,Georgia,Bachelor,Female,58,No,1,2023-01-01,2025-03-05,111.87,148
CUST10794,Whitney Nichols,Georgia,Bachelor,Female,43,No,1,2021-03-07,2022-11-20,146.77,984
CUST10433,Shannon Simpson,Georgia,PhD,Female,30,Yes,1,2020-10-21,2025-03-05,943.48,148
CUST10062,Taylor Cook,Texas,Master,Male,57,No,0,2020-09-18,2023-05-30,134.41,793
CUST10155,Gavin Olson,Ohio,Associate,Non-Binary,50,No,1,2021-02-05,2021-10-24,213.4,1376
CUST10011,Ian Baker,Florida,Master,Non-Binary,64,No,3,2024-01-23,2024-10-26,546.55,278
CUST10287,Megan Leon,Illinois,High School,Female,78,No,0,2023-01-09,2025-03-22,465.89,131
CUST10452,Timothy Robertson,Ohio,High School,Non-Binary,51,Yes,0,2024-06-04,2024-08-05,419.53,360
CUST10036,Matthew Pierce,Arizona,Bachelor,Non-Binary,64,Yes,0,2021-02-13,2023-10-04,193.96,666
CUST10993,Dawn Williams,Arizona,Associate,Male,39,Yes,0,2020-10-10,2023-07-09,364.97,753
CUST10114,Melissa Hall,Washington,Master,Non-Binary,25,Yes,0,2022-02-13,2025-07-17,294.17,14
CUST10692,Heidi Tucker,Florida,PhD,Female,68,No,2,2022-12-26,2023-01-14,28.93,929
CUST10776,Christopher Smith,Washington,Master,Male,60,Yes,0,2024-05-03,2025-03-06,157.65,147
CUST10832,Candace Green,New York,Master,Female,73,No,1,2020-09-19,2023-09-11,302.94,689
CUST10493,Angela Massey,Washington,Bachelor,Non-Binary,65,No,4,2023-06-15,2023-07-14,65.6,748
CUST10348,Robert Simmons,Texas,Master,Male,68,Yes,2,2021-02-01,2025-06-13,212.44,48
CUST10921,Rhonda Sanchez,California,Associate,Female,44,Yes,0,2023-01-14,2024-02-21,184.54,526
CUST10032,Stephanie Morales,California,Bachelor,Non-Binary,63,Yes,4,2020-10-22,2024-04-14,490.37,473
CUST10039,Nicole Sanchez,Florida,PhD,Non-Binary,65,Yes,1,2023-01-14,2024-11-09,473.0,264
CUST10318,Matthew Ruiz,Washington,Associate,Female,31,Yes,1,2021-08-09,2023-10-23,211.26,647
CUST10446,Mr. David Ramirez,California,Bachelor,Female,65,No,0,2023-12-03,2025-06-08,289.57,53
CUST10775,Luis Huffman,Ohio,Master,Non-Binary,39,No,4,2023-09-03,2024-07-16,495.94,380
CUST10812,Alison Stanley,New York,Master,Non-Binary,45,No,2,2021-02-15,2022-04-19,542.46,1199
CUST10216,Kimberly Parker,Arizona,Associate,Non-Binary,41,Yes,2,2022-11-27,2024-09-11,175.53,323
CUST10286,Nicole Porter DVM,New York,Master,Male,46,Yes,0,2024-02-09,2025-05-12,444.25,80
CUST10049,Mathew Schmidt,Arizona,Associate,Female,66,Yes,2,2021-07-25,2024-10-08,200.55,296
CUST10769,Jason Morales,California,Master,Non-Binary,48,No,1,2022-11-04,2025-05-27,279.04,65
CUST10286,Nicole Porter DVM,New York,Master,Male,46,Yes,0,2024-02-09,2024-09-24,348.14,310
CUST10227,William Mclean,California,PhD,Female,64,Yes,0,2023-12-20,2024-12-05,409.85,238
CUST10475,Natalie Mitchell,California,Master,Non-Binary,24,No,2,2022-11-06,2024-02-05,317.29,542
CUST10667,David Martinez,Arizona,Master,Female,63,No,0,2021-07-14,2021-11-27,417.48,1342
CUST10787,Louis Gibson,Colorado,Associate,Non-Binary,47,No,1,2024-07-04,2025-04-13,232.85,109
CUST10762,Shannon Ross,Texas,Associate,Non-Binary,75,No,4,2023-03-22,2024-04-23,140.26,464
CUST10134,Travis Barber,Ohio,Bachelor,Male,67,Yes,0,2020-11-15,2020-12-16,248.01,1688
CUST10555,Andrew Watson,California,PhD,Female,64,No,0,2022-09-10,2024-11-30,238.72,243
CUST10230,Ricky Skinner,Arizona,PhD,Male,40,Yes,1,2023-05-18,2023-06-20,650.61,772
CUST10175,David Russell,New York,PhD,Male,29,Yes,0,2023-02-08,2024-05-02,377.62,455
CUST10703,Gregory Perry,New York,High School,Non-Binary,55,No,2,2022-01-21,2023-04-20,438.87,833
CUST10270,Stephen Rodriguez,Colorado,Associate,Female,42,Yes,0,2020-12-12,2022-04-05,984.15,1213
CUST10900,Larry Long,Ohio,Associate,Male,41,No,0,2023-09-02,2023-12-21,591.12,588
CUST10483,Robert Oconnell,Illinois,Associate,Female,57,Yes,1,2022-04-22,2022-10-18,551.81,1017
CUST10284,Diane Bowen,California,Associate,Non-Binary,20,No,1,2024-06-26,2024-11-03,240.92,270
CUST10897,Richard Becker,Washington,High School,Male,27,Yes,4,2022-04-22,2023-11-17,172.48,622
CUST10449,John Lloyd,Arizona,Master,Non-Binary,31,Yes,0,2022-07-03,2025-06-01,26.49,60
CUST10067,Peter Brooks,Illinois,Associate,Non-Binary,26,No,1,2021-08-29,2025-01-03,453.71,209
CUST10190,John Wilson,California,PhD,Non-Binary,68,Yes,0,2024-05-06,2024-10-16,451.47,288
CUST10131,Daniel Park,New York,PhD,Non-Binary,39,Yes,3,2022-10-29,2024-10-22,617.41,282
CUST10857,Wayne Brown,Illinois,PhD,Male,41,Yes,1,2024-01-11,2025-03-11,236.62,142
CUST10782,Keith Alvarez,Illinois,Associate,Non-Binary,51,No,0,2022-07-27,2024-05-25,808.58,432
CUST10752,Paula Ross,Washington,Bachelor,Non-Binary,46,Yes,2,2021-04-04,2023-06-09,398.86,783
CUST10049,Mathew Schmidt,Arizona,Associate,Female,66,Yes,2,2021-07-25,2024-11-03,904.53,270
CUST10168,Cynthia Bradley,Illinois,Bachelor,Female,58,No,1,2021-05-09,2021-10-24,510.47,1376
CUST10658,Matthew Flowers,Illinois,Bachelor,Male,60,No,0,2022-09-19,2024-09-17,100.61,317
CUST10904,Katie Riggs,Georgia,Associate,Non-Binary,76,No,1,2023-10-23,2024-09-29,507.34,305
CUST10288,David Strickland,Georgia,Master,Male,27,No,0,2022-08-13,2025-07-01,361.62,30
CUST10815,Carol Peterson MD,Washington,Master,Non-Binary,46,Yes,3,2024-06-17,2025-04-04,197.06,118
CUST10549,Brett Campbell,Colorado,Master,Male,22,No,3,2020-11-01,2023-05-09,241.59,814
CUST10000,Chloe Sanford,Colorado,Associate,Non-Binary,77,No,1,2024-07-04,2025-01-15,268.36,197
CUST10571,Frederick Chandler,New York,High School,Male,73,No,0,2021-07-13,2024-04-03,383.15,484
CUST10306,Brittany Huff,Florida,Master,Female,54,No,2,2022-10-10,2023-04-10,94.08,843
CUST10694,Lauren Williams,Ohio,PhD,Non-Binary,29,Yes,1,2023-06-18,2025-04-07,118.13,115
CUST10011,Ian Baker,Florida,Master,Non-Binary,64,No,3,2024-01-23,2025-01-22,212.18,190
CUST10765,Michael Bailey,Illinois,PhD,Female,72,No,0,2022-05-26,2024-12-17,445.08,226
CUST10358,Scott Finley,Ohio,High School,Male,21,Yes,2,2021-10-31,2023-10-20,208.99,650
CUST10788,Lori Jordan,New York,Master,Male,32,No,2,2022-01-24,2025-01-31,866.76,181
CUST10860,Evelyn Li,Colorado,Master,Non-Binary,45,Yes,2,2022-07-18,2023-07-09,457.58,753
CUST10503,Laurie Hall,Illinois,High School,Female,27,No,0,2021-08-05,2024-05-09,352.97,448
CUST10249,Randall Johnson,Arizona,PhD,Male,73,No,2,2023-10-14,2025-04-18,483.97,104
CUST10848,Brandon Phillips,Washington,Bachelor,Male,55,No,4,2023-03-02,2025-05-28,242.17,64
CUST10573,Brandy Willis,Arizona,High School,Male,72,Yes,0,2020-08-02,2024-08-17,180.97,348
CUST10289,Sean Henson,Illinois,Associate,Male,35,Yes,0,2021-12-15,2024-09-27,659.08,307
CUST10294,Connor Young,New York,High School,Male,66,Yes,1,2021-06-01,2023-04-22,349.42,831
CUST10953,Bobby Reed,Colorado,PhD,Female,38,No,0,2021-10-19,2021-12-05,356.88,1334
CUST10221,Susan Reed,Texas,Bachelor,Male,25,Yes,1,2023-04-03,2024-06-29,246.83,397
CUST10689,Jonathan Tucker,Florida,PhD,Non-Binary,53,No,0,2021-07-06,2024-01-18,45.77,560
CUST10897,Richard Becker,Washington,High School,Male,27,Yes,4,2022-04-22,2023-07-06,100.65,756
CUST10005,Cynthia Moody,Texas,Master,Female,37,Yes,0,2022-05-17,2025-04-23,283.96,99
CUST10306,Brittany Huff,Florida,Master,Female,54,No,2,2022-10-10,2024-03-01,38.41,517
CUST10683,Richard Erickson,California,Associate,Female,22,No,1,2022-09-26,2023-11-11,113.72,628
CUST10503,Laurie Hall,Illinois,High School,Female,27,No,0,2021-08-05,2024-03-15,445.35,503
CUST10871,Jessica Lee,California,Associate,Non-Binary,42,No,2,2022-10-16,2024-09-26,449.89,308
CUST10528,Mr. Gary Graham DDS,Georgia,Master,Male,35,Yes,0,2024-03-04,2024-12-04,733.01,239
CUST10559,Lauren White,Florida,Associate,Male,68,Yes,2,2020-09-11,2025-06-19,345.29,42
CUST10008,Jennifer Gray,Georgia,High School,Female,31,Yes,1,2022-05-18,2023-03-01,259.96,883
CUST10180,Julia Dennis,Washington,PhD,Non-Binary,45,No,0,2021-03-02,2021-09-09,128.12,1421
CUST10439,Mrs. Traci Hernandez,Georgia,Master,Male,77,Yes,2,2023-10-17,2025-02-03,491.96,178
CUST10337,William Cohen,Illinois,PhD,Non-Binary,20,No,0,2021-08-14,2024-04-19,91.41,468
CUST10769,Jason Morales,California,Master,Non-Binary,48,No,1,2022-11-04,2024-03-13,257.32,505
CUST10776,Christopher Smith,Washington,Master,Male,60,Yes,0,2024-05-03,2024-05-05,331.68,452
CUST10345,Crystal Richards,California,Associate,Female,21,Yes,2,2021-05-12,2023-06-26,594.78,766
CUST10083,Marc Olson,Florida,Associate,Non-Binary,73,No,2,2022-11-17,2025-06-04,389.03,57
CUST10989,David Hernandez,California,High School,Non-Binary,35,Yes,1,2023-07-23,2024-02-03,172.25,544
CUST10424,John Anderson,Washington,Associate,Non-Binary,18,No,0,2024-04-24,2025-01-19,49.87,193
CUST10386,Courtney Nelson,New York,High School,Male,71,No,2,2020-09-20,2022-02-19,90.84,1258
CUST10270,Stephen Rodriguez,Colorado,Associate,Female,42,Yes,0,2020-12-12,2025-01-30,231.58,182
CUST10685,Shelley Thomas,Arizona,PhD,Female,58,No,2,2024-04-22,2024-10-28,97.22,276
CUST10475,Natalie Mitchell,California,Master,Non-Binary,24,No,2,2022-11-06,2024-04-20,383.24,467
CUST10984,David Cowan,Washington,Master,Female,18,Yes,1,2021-02-25,2021-12-06,320.95,1333
CUST10555,Andrew Watson,California,PhD,Female,64,No,0,2022-09-10,2023-10-19,982.2,651
CUST10297,Michelle Rogers,Arizona,Master,Female,40,Yes,2,2024-07-24,2024-09-27,427.0,307
CUST10654,Austin Schultz,Colorado,Bachelor,Non-Binary,59,Yes,2,2021-03-22,2023-04-02,248.03,851
CUST10484,Jason Richardson,Texas,PhD,Female,52,Yes,1,2022-02-06,2024-12-29,381.96,214
CUST10752,Paula Ross,Washington,Bachelor,Non-Binary,46,Yes,2,2021-04-04,2022-03-08,789.05,1241
CUST10014,Matthew Alvarez,Texas,High School,Non-Binary,40,No,2,2022-09-12,2024-11-27,461.81,246
CUST10053,Melinda Beard,Illinois,High School,Male,60,Yes,1,2021-01-09,2022-08-17,397.99,1079
CUST10884,Dennis Brennan,Florida,Bachelor,Female,73,No,2,2023-05-28,2023-06-10,263.74,782
CUST10886,Elizabeth Brown,Washington,Bachelor,Female,79,No,0,2022-09-05,2023-12-30,297.91,579
CUST10987,Victoria Wolf,Ohio,PhD,Male,22,Yes,4,2024-04-07,2025-02-09,804.36,172
CUST10304,Adrian Gallagher,Washington,Master,Non-Binary,58,No,2,2023-10-30,2025-06-04,523.49,57
CUST10782,Keith Alvarez,Illinois,Associate,Non-Binary,51,No,0,2022-07-27,2022-09-12,160.5,1053
CUST10627,Gary Richardson,New York,Master,Non-Binary,32,No,0,2021-06-18,2024-10-17,1322.23,287
CUST10859,Tyler Garza,Illinois,Bachelor,Female,30,Yes,2,2023-01-16,2024-08-21,158.23,344
CUST10929,John Brown,Arizona,PhD,Non-Binary,31,Yes,0,2023-08-06,2023-08-19,305.83,712
CUST10593,Phillip Padilla,Arizona,High School,Female,55,No,0,2020-12-08,2022-07-03,195.2,1124
CUST10835,Riley Torres,New York,PhD,Non-Binary,49,Yes,1,2020-11-28,2021-08-09,156.99,1452
CUST10517,Jonathan Cunningham PhD,Ohio,Master,Non-Binary,54,No,2,2021-02-02,2023-05-10,323.53,813
CUST10962,Richard Rogers,Colorado,Associate,Female,26,No,0,2024-05-08,2024-11-07,342.14,266
CUST10172,Donna Cain,California,Bachelor,Male,19,No,0,2021-10-08,2023-06-11,252.86,781
CUST10311,Dennis Moss,Ohio,Bachelor,Female,53,Yes,2,2023-06-15,2023-10-08,293.5,662
CUST10309,Autumn Reed,Georgia,PhD,Male,41,Yes,3,2020-10-18,2025-06-01,329.36,60
CUST10383,Willie Green,Colorado,PhD,Non-Binary,74,Yes,1,2022-01-22,2023-03-11,867.12,873
CUST10785,Mr. Joshua Martinez,New York,High School,Female,19,No,0,2021-08-26,2022-08-28,113.51,1068
CUST10563,Jim Johnson PhD,Illinois,Associate,Male,44,No,2,2021-12-27,2022-08-17,116.94,1079
CUST10915,Robert Jones,New York,High School,Female,61,No,2,2022-08-05,2023-01-11,601.63,932
CUST10147,Jay James,Colorado,PhD,Female,63,Yes,2,2024-01-26,2024-09-19,129.63,315
CUST10033,Kelli Robinson,Arizona,PhD,Male,18,No,3,2023-05-28,2023-11-22,58.3,617
CUST10980,Mike Alvarado,New York,Bachelor,Male,45,No,0,2023-12-09,2025-06-06,202.74,55
CUST10150,Mary Keller,Arizona,Bachelor,Female,74,Yes,1,2021-04-01,2021-08-19,307.01,1442
CUST10810,Richard Bailey,Illinois,High School,Non-Binary,77,Yes,0,2023-01-08,2023-12-30,157.41,579
CUST10486,James Wells,Georgia,Master,Female,21,Yes,4,2023-11-20,2024-08-26,216.35,339
CUST10755,Alexander Martinez,Texas,Bachelor,Non-Binary,23,Yes,1,2022-04-15,2024-06-15,147.71,411
CUST10240,Travis Herring,Colorado,High School,Non-Binary,34,Yes,0,2024-07-02,2025-05-12,434.36,80
CUST10392,Philip Moore,Illinois,Bachelor,Male,37,No,0,2021-01-13,2022-05-04,212.32,1184
CUST10856,Julie Henry,Georgia,High School,Female,25,No,2,2023-12-03,2025-01-27,208.35,185
CUST10747,Sean Gonzalez,Ohio,Associate,Male,27,No,3,2022-10-08,2023-09-09,379.59,691
CUST10645,Scott Daniels,Ohio,Bachelor,Female,41,Yes,2,2023-05-24,2023-08-22,275.89,709
CUST10295,Lisa Ball,Arizona,Master,Male,26,No,3,2024-02-05,2025-01-06,554.76,206
CUST10226,Darren Bishop,Ohio,Associate,Male,64,Yes,1,2022-01-09,2023-03-26,118.09,858
CUST10305,Heather Russell,Washington,Master,Female,21,Yes,2,2021-12-11,2024-06-01,236.02,425
CUST10210,Jon Rich,Illinois,PhD,Non-Binary,34,No,3,2021-08-28,2022-04-08,444.79,1210
CUST10053,Melinda Beard,Illinois,High School,Male,60,Yes,1,2021-01-09,2025-07-24,183.39,7
CUST10973,Sherri Pearson,Illinois,Associate,Female,76,No,0,2024-02-20,2025-06-25,181.2,36
CUST10196,Kristin Pearson,Colorado,Master,Non-Binary,64,No,1,2022-11-30,2025-02-03,362.57,178
CUST10929,John Brown,Arizona,PhD,Non-Binary,31,Yes,0,2023-08-06,2024-01-17,100.59,561
CUST10696,Cheryl Payne,Ohio,Associate,Non-Binary,38,No,1,2023-09-07,2024-06-20,155.79,406
CUST10084,Michael Nelson,Florida,High School,Female,41,Yes,2,2022-01-18,2023-03-14,123.31,870
CUST10026,Joseph Mcbride,Washington,High School,Male,27,Yes,0,2021-12-07,2025-05-25,215.44,67
CUST10812,Alison Stanley,New York,Master,Non-Binary,45,No,2,2021-02-15,2023-05-21,326.44,802
CUST10792,Richard Henry,Texas,PhD,Male,54,Yes,3,2022-10-06,2023-02-21,63.67,891
CUST10288,David Strickland,Georgia,Master,Male,27,No,0,2022-08-13,2023-08-05,632.07,726
CUST10981,Olivia Smith,Arizona,Associate,Male,25,Yes,1,2024-03-20,2025-01-31,512.93,181
CUST10548,Gordon Roman,New York,High School,Non-Binary,62,No,2,2023-10-11,2023-11-01,178.17,638
CUST10151,Dawn Elliott,Arizona,High School,Male,41,No,2,2022-07-07,2024-05-15,298.71,442
CUST10998,Nicole Cunningham,Ohio,Bachelor,Non-Binary,37,Yes,1,2020-09-23,2023-03-02,732.32,882
CUST10844,Nancy Wood,California,High School,Female,40,Yes,1,2023-04-02,2025-01-22,144.94,190
CUST10627,Gary Richardson,New York,Master,Non-Binary,32,No,0,2021-06-18,2022-12-28,233.03,946
CUST10106,Kenneth Martinez Jr.,Arizona,High School,Male,73,No,1,2024-05-29,2024-11-05,534.13,268
CUST10794,Whitney Nichols,Georgia,Bachelor,Female,43,No,1,2021-03-07,2024-12-11,100.7,232
CUST10282,Jordan Tapia,Washington,High School,Non-Binary,41,Yes,2,2021-12-31,2023-07-20,572.96,742
CUST10104,Jamie Rose,Florida,High School,Male,51,Yes,3,2024-01-30,2024-07-17,97.75,379
CUST10556,Ashley Roberts,California,Associate,Non-Binary,50,No,4,2023-01-22,2023-12-01,616.29,608
CUST10406,Kimberly Huynh,California,Bachelor,Male,52,Yes,4,2021-08-24,2024-01-21,211.21,557
CUST10229,Andrea Roberts,Illinois,High School,Male,76,No,1,2022-02-01,2024-01-23,565.04,555
CUST10264,Gabriel Garrison,Colorado,PhD,Non-Binary,45,Yes,1,2020-08-08,2024-11-11,362.96,262
CUST10565,Matthew Stone,Washington,High School,Female,59,Yes,3,2023-01-12,2024-02-01,125.74,546
CUST10329,Gary Campbell,California,PhD,Male,43,No,1,2024-03-14,2024-05-30,789.38,427
CUST10375,Renee Simpson,Georgia,PhD,Non-Binary,29,Yes,1,2024-06-20,2024-11-10,64.74,263
CUST10282,Jordan Tapia,Washington,High School,Non-Binary,41,Yes,2,2021-12-31,2023-08-06,189.85,725
CUST10266,Robert Murphy,Ohio,Bachelor,Male,42,No,0,2020-08-27,2024-08-03,157.41,362
CUST10391,Melissa Patrick,Florida,PhD,Non-Binary,76,No,2,2021-06-08,2024-12-01,50.65,242
CUST10313,Jamie Harrison,Georgia,PhD,Female,33,Yes,1,2021-04-12,2023-05-09,516.04,814
CUST10075,Rebecca Acosta,Colorado,Bachelor,Female,78,No,1,2021-09-21,2023-11-03,222.93,636
CUST10611,John Walsh,New York,Master,Male,74,No,2,2021-05-15,2022-09-18,243.02,1047
CUST10690,Leah Moore,Arizona,Bachelor,Non-Binary,24,Yes,1,2021-07-24,2025-04-01,240.88,121
CUST10259,Nicholas Carter,Texas,High School,Non-Binary,32,Yes,3,2023-03-31,2025-03-15,485.02,138
CUST10498,Derek Greene,Colorado,Associate,Non-Binary,52,No,1,2024-07-26,2024-11-29,482.2,244
CUST10144,Jennifer Santiago,Florida,Master,Female,61,Yes,0,2022-05-16,2022-06-23,82.69,1134
CUST10734,Christine Baker,Ohio,Associate,Female,34,Yes,3,2022-08-05,2024-04-23,189.97,464
CUST10719,Christopher Williams,Ohio,High School,Female,49,Yes,2,2023-09-14,2025-07-17,602.88,14
CUST10035,Christina Lambert,Illinois,PhD,Non-Binary,25,Yes,4,2024-01-29,2025-03-19,240.39,134
CUST10763,Melissa Harrison,Arizona,Bachelor,Non-Binary,64,No,0,2023-10-03,2024-05-17,130.47,440
CUST10003,Jeffrey Scott,Texas,Master,Non-Binary,41,Yes,1,2021-04-06,2024-05-20,444.42,437
CUST10059,Amy Davis,Georgia,PhD,Male,21,Yes,2,2021-10-20,2023-03-13,36.97,871
CUST10695,Jennifer Burton,Washington,Master,Male,72,Yes,0,2024-04-05,2025-07-15,616.65,16
CUST10023,Joshua Norris,New York,Bachelor,Female,60,Yes,1,2022-01-25,2024-10-14,281.1,290
CUST10004,Randy Richardson,Ohio,Associate,Non-Binary,68,No,1,2022-08-01,2023-04-05,139.12,848
CUST10395,Mary Mcneil,Ohio,Bachelor,Male,33,No,0,2022-08-06,2023-12-23,373.28,586
CUST10276,Sandra Torres,Texas,High School,Non-Binary,59,No,1,2023-08-15,2025-04-01,470.24,121
CUST10228,Victor Johnston DDS,Colorado,High School,Male,47,No,4,2022-10-07,2023-05-29,138.74,794
CUST10838,Derek Salinas,Ohio,Associate,Non-Binary,62,Yes,1,2021-12-06,2022-07-26,217.95,1101
CUST10002,Dylan Schwartz,New York,Bachelor,Female,22,No,0,2021-06-24,2023-10-23,165.46,647
CUST10728,Barbara Baker,Florida,Associate,Male,60,Yes,1,2021-10-04,2022-10-16,258.46,1019
CUST10679,Ann Rose,Arizona,Associate,Male,54,Yes,0,2022-10-04,2025-05-12,677.39,80
CUST10762,Shannon Ross,Texas,Associate,Non-Binary,75,No,4,2023-03-22,2025-04-13,247.81,109
CUST10935,Scott Wood MD,California,High School,Male,78,No,0,2023-02-05,2023-09-22,891.78,678
CUST10332,Susan Garner,New York,Associate,Female,30,No,0,2023-11-14,2025-02-18,146.8,163
CUST10212,Joseph Williams,Arizona,Associate,Female,39,No,1,2021-03-13,2024-07-13,862.85,383
CUST10664,Kathleen Bailey,California,High School,Male,25,No,2,2022-12-06,2024-08-19,259.57,346
CUST10025,Timothy Wright,Ohio,Master,Female,58,Yes,2,2021-06-12,2024-12-29,202.05,214
CUST10226,Darren Bishop,Ohio,Associate,Male,64,Yes,1,2022-01-09,2025-03-17,47.46,136
CUST10688,Christine Martinez,New York,Associate,Male,54,Yes,1,2024-02-24,2024-05-13,355.86,444
CUST10453,Christian Villanueva,California,Master,Non-Binary,33,No,2,2023-02-23,2023-05-26,577.08,797
CUST10171,Catherine Mendoza,Ohio,Master,Female,43,Yes,4,2022-12-10,2023-10-27,249.78,643
CUST10473,Christopher Daniels,Georgia,Associate,Male,63,No,2,2024-05-20,2025-04-18,700.25,104
CUST10007,Lori Murphy,Georgia,Associate,Female,22,No,2,2024-03-25,2025-05-01,127.0,91
CUST10309,Autumn Reed,Georgia,PhD,Male,41,Yes,3,2020-10-18,2020-11-13,332.08,1721
CUST10246,Michael Wilson,New York,High School,Non-Binary,78,No,1,2023-12-29,2024-07-31,557.45,365
CUST10977,Charles Harris,Ohio,Associate,Female,31,Yes,4,2021-03-12,2025-03-21,316.76,132
CUST10218,Jason Austin,Ohio,PhD,Female,67,Yes,1,2023-03-02,2023-03-16,614.9,868
CUST10147,Jay James,Colorado,PhD,Female,63,Yes,2,2024-01-26,2024-10-31,372.24,273
CUST10583,Sergio Taylor,New York,Master,Non-Binary,32,No,1,2020-10-01,2023-12-05,604.18,604
CUST10384,Briana Drake,Texas,Master,Male,75,Yes,3,2022-06-13,2023-05-21,22.11,802
CUST10521,Ms. Maria Garrett,Florida,High School,Female,23,Yes,1,2020-12-30,2021-01-14,171.45,1659
CUST10713,Charles Travis,New York,PhD,Male,23,No,3,2023-10-08,2024-11-12,293.18,261
CUST10176,Phyllis Mason,California,PhD,Female,38,No,3,2021-05-02,2025-01-06,741.4,206
CUST10071,Eric Thompson,Florida,Associate,Female,45,No,2,2020-08-31,2020-09-08,321.6,1787
CUST10842,Jordan Wilson,New York,Bachelor,Male,77,No,1,2024-06-05,2025-04-09,528.99,113
CUST10865,Patrick Peters,Ohio,Master,Non-Binary,49,No,0,2022-10-01,2025-07-07,73.44,24
CUST10266,Robert Murphy,Ohio,Bachelor,Male,42,No,0,2020-08-27,2025-07-13,501.25,18
CUST10152,Catherine Santiago,New York,Master,Female,75,No,1,2021-05-10,2022-01-25,490.47,1283
CUST10742,Kayla Hunter,Colorado,Bachelor,Female,65,Yes,0,2023-11-08,2025-04-20,243.3,102
CUST10137,Brian Meyer Jr.,Washington,Master,Non-Binary,61,No,3,2022-10-24,2024-02-05,609.49,542
CUST10908,Adam Ellison,Washington,High School,Female,77,Yes,1,2021-07-12,2022-01-06,269.25,1302
CUST10997,Cameron Potts,New York,High School,Male,57,Yes,0,2023-04-22,2023-09-16,298.41,684
CUST10256,Ashley Nunez,California,Bachelor,Male,51,No,0,2021-07-13,2022-10-22,498.0,1013
CUST10520,Crystal Horton,Georgia,Master,Non-Binary,18,No,1,2020-11-09,2021-07-26,127.47,1466
CUST10070,Veronica Horn,Florida,Master,Female,80,No,0,2020-10-24,2025-05-14,191.94,78
CUST10013,Jennifer Ritter,Florida,PhD,Non-Binary,73,Yes,4,2024-02-06,2025-02-16,520.81,165
CUST10481,Jenna Butler,New York,Master,Female,30,Yes,2,2024-06-03,2024-10-27,276.25,277
CUST10996,Cody Harper,New York,High School,Female,62,No,2,2022-02-02,2022-12-17,325.96,957
CUST10573,Brandy Willis,Arizona,High School,Male,72,Yes,0,2020-08-02,2023-09-07,150.22,693
CUST10026,Joseph Mcbride,Washington,High School,Male,27,Yes,0,2021-12-07,2021-12-26,827.29,1313
CUST10068,Mary Schneider,Colorado,Associate,Non-Binary,54,Yes,0,2023-06-24,2025-06-11,188.14,50
CUST10277,Jason Terry,Washington,Master,Male,60,Yes,0,2020-11-08,2023-01-16,39.95,927
CUST10856,Julie Henry,Georgia,High School,Female,25,No,2,2023-12-03,2025-03-05,299.08,148
CUST10379,Angela Johnson,Georgia,Associate,Female,44,Yes,0,2023-03-29,2023-08-06,137.29,725
CUST10426,Jessica Anderson,Washington,High School,Female,38,Yes,2,2023-05-10,2024-10-08,201.34,296
CUST10102,Tyler Black,Texas,PhD,Male,34,No,1,2022-05-16,2025-01-26,258.3,186
CUST10063,James Allen,Washington,High School,Non-Binary,47,No,2,2021-08-11,2021-08-26,796.92,1435
CUST10208,Daniel Patton,Arizona,Associate,Male,62,Yes,0,2020-10-29,2025-01-08,214.37,204
CUST10600,Mark Thompson,Ohio,Associate,Female,49,Yes,0,2020-10-21,2020-12-23,617.41,1681
CUST10616,Mark Ryan,New York,Bachelor,Male,66,No,0,2021-03-28,2021-05-09,167.78,1544
CUST10231,Carrie Williams,Ohio,PhD,Male,28,No,1,2020-10-08,2024-09-01,271.31,333
CUST10399,Dr. Ryan Coleman,Texas,High School,Non-Binary,37,Yes,1,2020-11-24,2023-12-04,267.61,605
CUST10670,Logan Cohen,Illinois,Bachelor,Non-Binary,75,No,1,2024-03-10,2024-03-10,391.05,508
CUST10496,Haley Dyer,Florida,Bachelor,Female,53,No,0,2023-11-17,2024-07-11,224.79,385
CUST10451,Dominique Hughes,New York,High School,Female,26,No,2,2024-03-27,2024-09-20,322.55,314
CUST10298,Benjamin Ramirez,Georgia,Bachelor,Non-Binary,30,No,1,2024-07-03,2025-03-12,182.31,141
CUST10909,Daniel Contreras,Colorado,Associate,Non-Binary,18,Yes,2,2023-08-15,2024-01-17,335.87,561
CUST10200,Nicole Maynard,Texas,Bachelor,Female,51,Yes,1,2021-08-30,2023-01-25,80.75,918
CUST10924,Christopher Craig,Florida,PhD,Female,23,No,1,2024-02-23,2024-10-30,562.15,274
CUST10508,Stacy Mckenzie,Texas,Bachelor,Non-Binary,46,No,0,2021-08-05,2023-05-17,39.81,806
CUST10300,Jennifer Williams,California,Associate,Male,61,Yes,1,2022-06-25,2024-07-20,166.75,376
CUST10680,Samantha Johnson,Texas,PhD,Male,80,Yes,0,2022-10-05,2024-03-19,198.24,499
CUST10532,Lee Miller,California,High School,Non-Binary,61,No,0,2021-12-28,2024-02-12,446.68,535
CUST10974,Mr. Wesley Martin Jr.,Ohio,Bachelor,Non-Binary,68,Yes,1,2024-04-27,2024-11-02,189.35,271
CUST10205,Francis Romero,Texas,High School,Non-Binary,22,Yes,0,2023-10-13,2024-12-07,534.25,236
CUST10199,David Nguyen,Colorado,Associate,Female,70,Yes,1,2023-09-10,2025-03-02,123.01,151
CUST10776,Christopher Smith,Washington,Master,Male,60,Yes,0,2024-05-03,2024-12-08,997.91,235
CUST10603,Joseph Lee MD,California,Associate,Non-Binary,65,No,0,2021-04-07,2024-02-05,201.5,542
CUST10244,Patricia Garrison,Florida,High School,Female,57,No,2,2024-01-25,2025-05-14,236.79,78
CUST10065,Mr. Donald Johnson,Washington,PhD,Female,65,No,2,2024-06-09,2025-04-08,109.76,114
CUST10709,Jason Haynes,California,Bachelor,Female,36,No,1,2023-10-03,2023-12-09,242.97,600
CUST10175,David Russell,New York,PhD,Male,29,Yes,0,2023-02-08,2023-02-16,211.79,896
CUST10101,Melissa Flores,Georgia,Master,Non-Binary,78,No,2,2023-01-06,2025-04-08,100.75,114
CUST10782,Keith Alvarez,Illinois,Associate,Non-Binary,51,No,0,2022-07-27,2025-05-10,335.57,82
CUST10529,David Flores,Ohio,Associate,Female,64,No,3,2024-02-03,2024-08-30,300.33,335
CUST10269,Elizabeth Salazar,Colorado,High School,Female,55,Yes,0,2021-03-17,2022-07-04,1627.76,1123
CUST10338,Charles Davis,Arizona,Master,Female,50,Yes,3,2023-07-14,2024-10-07,226.66,297
CUST10888,James Wilkins,Florida,Associate,Non-Binary,52,Yes,3,2023-04-16,2024-08-07,539.38,358
CUST10869,Olivia Ramirez,New York,Bachelor,Male,61,No,1,2020-09-02,2021-01-19,35.15,1654
CUST10694,Lauren Williams,Ohio,PhD,Non-Binary,29,Yes,1,2023-06-18,2024-04-07,83.6,480
CUST10645,Scott Daniels,Ohio,Bachelor,Female,41,Yes,2,2023-05-24,2025-02-26,141.46,155
CUST10001,Anthony Gordon,Washington,Associate,Non-Binary,32,No,1,2023-02-20,2023-05-14,353.85,809
CUST10021,Kimberly Hester,Ohio,Associate,Male,35,Yes,0,2021-03-03,2022-09-09,518.39,1056
CUST10254,Dean Wright,Florida,PhD,Male,80,No,0,2021-05-30,2023-08-07,239.01,724
CUST10286,Nicole Porter DVM,New York,Master,Male,46,Yes,0,2024-02-09,2025-05-25,389.75,67
CUST10704,Sharon Cox,Ohio,High School,Non-Binary,37,No,1,2022-02-28,2023-11-04,439.07,635
CUST10054,Taylor Cook,California,Master,Male,40,Yes,0,2024-07-15,2025-05-04,218.95,88
CUST10321,Micheal Davis,Texas,High School,Female,39,Yes,3,2023-12-30,2025-04-02,148.56,120
CUST10678,Nancy Rogers,Ohio,High School,Male,40,Yes,0,2022-06-09,2023-12-04,579.79,605
CUST10928,Jessica Pierce,Texas,Associate,Male,42,No,0,2022-10-21,2022-11-22,863.64,982
CUST10180,Julia Dennis,Washington,PhD,Non-Binary,45,No,0,2021-03-02,2023-05-23,703.27,800
CUST10260,Karen Kim,California,Master,Non-Binary,54,No,0,2024-03-27,2025-06-19,124.13,42
CUST10569,Brandon Castro,Illinois,Master,Non-Binary,35,Yes,2,2022-06-29,2022-08-25,448.49,1071
CUST10542,Catherine Haynes,Texas,PhD,Female,18,No,0,2023-10-17,2024-11-04,160.86,269
CUST10248,Michelle Rojas,Arizona,Master,Non-Binary,65,No,4,2021-05-06,2023-07-02,387.36,760
CUST10830,Kenneth Frost,New York,Master,Female,32,Yes,1,2024-04-17,2025-01-14,276.13,198
CUST10477,Caleb Perry,Ohio,High School,Female,63,No,0,2022-12-27,2023-12-03,202.19,606
CUST10759,Christine Adkins,New York,Bachelor,Non-Binary,40,No,0,2024-01-28,2024-04-05,261.47,482
CUST10851,Robert Arnold,Ohio,Associate,Male,43,No,1,2024-01-09,2024-11-18,251.88,255
CUST10822,Laura Roy,Georgia,High School,Male,23,No,2,2024-06-16,2025-07-24,217.0,7
CUST10907,Matthew Graham,Ohio,PhD,Female,31,No,2,2021-02-26,2024-10-04,609.4,300
CUST10404,Brian Reynolds,Florida,PhD,Female,21,Yes,1,2023-11-04,2025-01-29,350.95,183
CUST10207,Audrey Jones,Washington,High School,Non-Binary,60,No,1,2020-12-26,2022-02-19,317.17,1258
CUST10048,Jennifer Baker,New York,Master,Male,56,Yes,1,2021-08-04,2023-05-22,616.97,801
CUST10290,Pamela Richardson,Texas,Master,Male,68,Yes,1,2020-11-20,2024-03-02,589.94,516
CUST10664,Kathleen Bailey,California,High School,Male,25,No,2,2022-12-06,2023-11-02,119.47,637
CUST10418,Lee Young,Ohio,Bachelor,Male,44,Yes,4,2023-12-30,2025-05-02,274.76,90
CUST10265,Richard Sims,Arizona,Master,Male,50,No,4,2022-12-08,2024-08-01,158.34,364
CUST10293,Susan Davis,Illinois,Master,Male,45,Yes,2,2021-09-22,2022-01-10,154.76,1298
CUST10054,Taylor Cook,California,Master,Male,40,Yes,0,2024-07-15,2025-01-20,666.79,192
CUST10377,Kenneth Bird,Illinois,PhD,Male,69,Yes,0,2023-06-23,2023-11-08,287.46,631
CUST10965,Kristin Dillon,Illinois,Master,Male,40,Yes,2,2022-07-29,2022-09-25,705.86,1040
CUST10492,Frank Wyatt,New York,PhD,Non-Binary,55,No,3,2022-11-21,2025-01-15,252.78,197
CUST10246,Michael Wilson,New York,High School,Non-Binary,78,No,1,2023-12-29,2025-03-31,257.05,122
CUST10885,Cody Pierce,New York,Bachelor,Male,36,Yes,1,2023-03-28,2024-08-14,218.4,351
CUST10478,Samantha Lowe,California,Associate,Non-Binary,44,Yes,2,2021-12-24,2022-08-01,18.98,1095
CUST10928,Jessica Pierce,Texas,Associate,Male,42,No,0,2022-10-21,2025-01-26,248.99,186
CUST10080,Nicole Burns,New York,Associate,Male,23,No,3,2022-07-09,2023-05-29,468.5,794
CUST10405,Kimberly Quinn,Arizona,Bachelor,Male,25,Yes,0,2022-04-13,2024-05-14,219.16,443
CUST10218,Jason Austin,Ohio,PhD,Female,67,Yes,1,2023-03-02,2023-09-25,333.5,675
CUST10129,Christopher Mccann,Washington,Bachelor,Male,69,No,4,2024-04-20,2025-07-12,377.64,19
CUST10013,Jennifer Ritter,Florida,PhD,Non-Binary,73,Yes,4,2024-02-06,2024-03-31,149.56,487
CUST10616,Mark Ryan,New York,Bachelor,Male,66,No,0,2021-03-28,2022-08-02,147.62,1094
CUST10871,Jessica Lee,California,Associate,Non-Binary,42,No,2,2022-10-16,2025-05-19,152.24,73
CUST10335,Donald Martin,California,Associate,Non-Binary,67,Yes,4,2020-07-31,2022-02-11,210.21,1266
CUST10300,Jennifer Williams,California,Associate,Male,61,Yes,1,2022-06-25,2023-09-18,245.37,682
CUST10359,Erica Cherry,Georgia,PhD,Female,53,No,0,2020-10-08,2024-12-23,221.91,220
CUST10423,Danielle Miller,Arizona,PhD,Female,51,No,0,2023-05-31,2025-02-02,668.62,179
CUST10382,Crystal Hines,Ohio,High School,Male,41,Yes,1,2022-06-10,2025-03-02,131.97,151
CUST10256,Ashley Nunez,California,Bachelor,Male,51,No,0,2021-07-13,2024-11-20,114.67,253
CUST10176,Phyllis Mason,California,PhD,Female,38,No,3,2021-05-02,2022-12-15,10.49,959
CUST10601,Eric Norris,New York,Bachelor,Male,67,Yes,2,2024-02-10,2024-04-27,63.23,460
CUST10514,Kristen Eaton,New York,Associate,Male,33,Yes,1,2021-01-03,2024-11-07,127.48,266
CUST10049,Mathew Schmidt,Arizona,Associate,Female,66,Yes,2,2021-07-25,2022-01-31,443.31,1277
CUST10939,Brian Carson,Georgia,PhD,Female,22,No,3,2021-07-28,2022-09-20,199.5,1045
CUST10567,Kelsey Hughes,Colorado,Master,Male,65,Yes,0,2021-10-31,2025-04-23,774.9,99
CUST10236,Tonya Brady,Texas,High School,Female,77,Yes,1,2023-12-24,2024-06-21,196.7,405
CUST10215,Daniel Bishop,Washington,Master,Non-Binary,40,No,2,2021-01-25,2023-04-09,123.36,844
CUST10538,Lindsay Jones,Arizona,PhD,Male,23,Yes,0,2021-03-19,2022-01-08,68.48,1300
CUST10435,Ralph Brown,Florida,Bachelor,Female,37,Yes,2,2020-11-18,2023-12-17,573.62,592
CUST10720,Mrs. Raven Fisher,Florida,High School,Non-Binary,72,No,1,2021-04-06,2022-11-13,274.08,991
CUST10163,Scott Mitchell,California,Associate,Non-Binary,28,Yes,2,2020-10-22,2024-08-29,22.31,336
CUST10315,Patty Wood,Colorado,Associate,Male,34,Yes,0,2023-10-21,2025-03-10,107.85,143
CUST10009,Patrick Barnes,California,Bachelor,Non-Binary,41,Yes,0,2024-04-14,2025-04-16,320.49,106
CUST10708,Amber Boyer,Texas,Associate,Female,67,No,1,2021-07-09,2023-03-23,156.81,861
CUST10648,Marcus Anderson,Florida,PhD,Non-Binary,19,No,1,2021-06-24,2023-03-14,527.62,870
CUST10899,Megan Olson,Georgia,Associate,Female,50,Yes,0,2023-03-26,2023-05-19,386.01,804
CUST10363,David Lopez,Georgia,High School,Female,75,No,3,2024-05-10,2025-01-02,119.16,210
CUST10575,Beth Jensen,Colorado,Bachelor,Non-Binary,59,Yes,2,2024-07-27,2025-04-04,513.35,118
CUST10332,Susan Garner,New York,Associate,Female,30,No,0,2023-11-14,2025-06-17,719.01,44
CUST10015,Kayla Oneill,Texas,PhD,Non-Binary,69,No,2,2021-05-07,2022-08-05,187.0,1091
CUST10387,Jamie Anderson,California,High School,Male,77,Yes,2,2021-03-25,2023-12-14,417.06,595
CUST10580,Kayla Gonzalez,Georgia,High School,Female,45,No,1,2021-11-28,2022-10-03,675.42,1032
CUST10274,Tracy Tate,Illinois,Master,Female,51,Yes,0,2023-07-05,2023-10-21,582.0,649
CUST10274,Tracy Tate,Illinois,Master,Female,51,Yes,0,2023-07-05,2024-11-04,758.44,269
CUST10827,Christopher Daniels,Illinois,PhD,Male,64,Yes,1,2021-07-18,2024-05-17,141.74,440
CUST10994,Misty Davis,Colorado,Master,Non-Binary,36,Yes,3,2023-01-06,2025-02-01,837.13,180
CUST10594,Ashley Pope,Washington,Associate,Male,31,No,0,2023-10-13,2024-12-09,132.57,234
CUST10922,Tammie Lopez,Washington,Associate,Male,73,No,0,2021-10-10,2023-08-06,260.42,725
CUST10967,Earl Waller,New York,Bachelor,Male,57,Yes,1,2022-09-26,2023-04-18,28.19,835
CUST10966,Lauren Taylor,New York,Associate,Non-Binary,30,No,2,2023-12-14,2025-06-30,210.41,31
CUST10144,Jennifer Santiago,Florida,Master,Female,61,Yes,0,2022-05-16,2022-06-29,120.37,1128
CUST10631,Jennifer Durham,Ohio,Bachelor,Male,51,Yes,4,2024-03-21,2024-04-16,130.73,471
CUST10048,Jennifer Baker,New York,Master,Male,56,Yes,1,2021-08-04,2021-12-08,180.81,1331
CUST10134,Travis Barber,Ohio,Bachelor,Male,67,Yes,0,2020-11-15,2022-10-31,173.28,1004
CUST10496,Haley Dyer,Florida,Bachelor,Female,53,No,0,2023-11-17,2025-01-03,397.17,209
CUST10072,Scott Williams,Florida,Bachelor,Male,54,No,0,2022-03-18,2024-02-13,311.27,534
CUST10302,John Rush,California,Master,Non-Binary,49,No,4,2024-06-23,2024-12-07,377.41,236
CUST10943,Olivia Morgan,Colorado,Master,Non-Binary,18,Yes,0,2024-07-02,2024-09-06,348.93,328
CUST10943,Olivia Morgan,Colorado,Master,Non-Binary,18,Yes,0,2024-07-02,2024-11-04,581.99,269
CUST10118,Hannah Williams,New York,Master,Non-Binary,46,Yes,3,2020-11-19,2022-01-15,165.86,1293
CUST10952,Courtney Jimenez,California,Associate,Non-Binary,76,No,4,2024-05-30,2024-12-27,456.35,216
CUST10601,Eric Norris,New York,Bachelor,Male,67,Yes,2,2024-02-10,2024-03-26,580.97,492
CUST10540,Michael Rose,Georgia,Master,Non-Binary,21,No,0,2021-12-29,2023-05-25,338.19,798
CUST10434,Megan Hughes,Ohio,PhD,Male,24,Yes,2,2023-10-05,2023-12-26,316.9,583
CUST10067,Peter Brooks,Illinois,Associate,Non-Binary,26,No,1,2021-08-29,2024-10-22,256.49,282
CUST10008,Jennifer Gray,Georgia,High School,Female,31,Yes,1,2022-05-18,2023-09-04,341.41,696
CUST10909,Daniel Contreras,Colorado,Associate,Non-Binary,18,Yes,2,2023-08-15,2025-07-04,259.03,27
CUST10319,Scott Perez,Florida,High School,Non-Binary,47,Yes,1,2021-09-19,2023-09-08,408.35,692
CUST10144,Jennifer Santiago,Florida,Master,Female,61,Yes,0,2022-05-16,2025-06-28,240.28,33
CUST10348,Robert Simmons,Texas,Master,Male,68,Yes,2,2021-02-01,2021-02-07,259.47,1635
CUST10866,Evelyn Bartlett,Georgia,Bachelor,Female,31,Yes,2,2021-11-19,2024-07-11,139.41,385
CUST10407,Robert Anderson,Arizona,High School,Non-Binary,66,Yes,3,2021-09-18,2022-05-18,230.09,1170
CUST10809,Pamela Carey,Colorado,PhD,Female,46,No,0,2023-03-22,2023-04-16,525.51,837
CUST10084,Michael Nelson,Florida,High School,Female,41,Yes,2,2022-01-18,2023-07-28,367.88,734
CUST10783,Patrick Douglas,Colorado,Master,Male,76,No,1,2022-01-04,2024-03-10,248.72,508
CUST10048,Jennifer Baker,New York,Master,Male,56,Yes,1,2021-08-04,2024-09-22,285.35,312
CUST10349,James Smith,Arizona,High School,Non-Binary,64,No,0,2021-11-21,2023-02-01,863.82,911
CUST10180,Julia Dennis,Washington,PhD,Non-Binary,45,No,0,2021-03-02,2025-02-24,196.48,157
CUST10681,Linda Wilson,New York,High School,Non-Binary,80,Yes,2,2022-05-05,2024-05-19,155.96,438
CUST10060,Nathaniel Price,California,Master,Female,47,No,2,2022-12-14,2024-04-28,716.33,459
CUST10195,Barbara Hernandez,Georgia,High School,Female,39,No,1,2023-12-23,2025-05-06,461.79,86
CUST10966,Lauren Taylor,New York,Associate,Non-Binary,30,No,2,2023-12-14,2024-11-13,176.13,260
CUST10634,Jane Rocha,Ohio,Associate,Female,26,No,2,2023-03-24,2025-04-17,375.87,105
CUST10348,Robert Simmons,Texas,Master,Male,68,Yes,2,2021-02-01,2025-02-28,739.86,153
CUST10950,Monica Smith,Washington,Bachelor,Female,55,Yes,3,2022-07-17,2023-02-16,149.84,896
CUST10101,Melissa Flores,Georgia,Master,Non-Binary,78,No,2,2023-01-06,2024-08-15,329.01,350
CUST10524,Cassie Ray,California,Bachelor,Non-Binary,46,No,0,2024-06-25,2025-01-22,525.59,190
CUST10955,Nicole Garcia,Colorado,Bachelor,Female,30,Yes,1,2023-11-03,2025-07-01,372.47,30
CUST10612,Sophia Harrell,Georgia,High School,Male,30,No,0,2023-11-29,2024-07-12,83.3,384
CUST10927,Paul Garcia,Texas,Bachelor,Male,54,No,3,2021-02-13,2022-12-23,346.16,951
CUST10007,Lori Murphy,Georgia,Associate,Female,22,No,2,2024-03-25,2024-04-15,452.83,472
CUST10521,Ms. Maria Garrett,Florida,High School,Female,23,Yes,1,2020-12-30,2024-03-09,220.99,509
CUST10368,Benjamin Weber,Washington,Associate,Male,34,Yes,2,2021-01-11,2024-01-24,292.67,554
CUST10970,Francisco Alvarez,New York,High School,Male,36,Yes,2,2021-11-01,2022-05-29,36.8,1159
CUST10400,Daniel Gregory,Colorado,Associate,Female,38,Yes,2,2022-09-20,2025-01-26,200.87,186
CUST10708,Amber Boyer,Texas,Associate,Female,67,No,1,2021-07-09,2023-05-17,153.48,806
CUST10939,Brian Carson,Georgia,PhD,Female,22,No,3,2021-07-28,2022-05-09,127.27,1179
CUST10033,Kelli Robinson,Arizona,PhD,Male,18,No,3,2023-05-28,2024-07-29,723.7,367
CUST10298,Benjamin Ramirez,Georgia,Bachelor,Non-Binary,30,No,1,2024-07-03,2024-12-02,450.26,241
CUST10032,Stephanie Morales,California,Bachelor,Non-Binary,63,Yes,4,2020-10-22,2021-12-06,587.98,1333
CUST10901,Matthew Miller,Ohio,High School,Male,23,No,2,2022-02-09,2024-02-27,439.27,520
CUST10387,Jamie Anderson,California,High School,Male,77,Yes,2,2021-03-25,2021-05-10,327.68,1543
CUST10787,Louis Gibson,Colorado,Associate,Non-Binary,47,No,1,2024-07-04,2024-11-29,274.51,244
CUST10227,William Mclean,California,PhD,Female,64,Yes,0,2023-12-20,2024-07-19,297.69,377
CUST10994,Misty Davis,Colorado,Master,Non-Binary,36,Yes,3,2023-01-06,2023-04-20,340.62,833
CUST10752,Paula Ross,Washington,Bachelor,Non-Binary,46,Yes,2,2021-04-04,2023-08-13,437.95,718
CUST10703,Gregory Perry,New York,High School,Non-Binary,55,No,2,2022-01-21,2023-11-20,60.09,619
CUST10859,Tyler Garza,Illinois,Bachelor,Female,30,Yes,2,2023-01-16,2023-07-30,514.22,732
CUST10212,Joseph Williams,Arizona,Associate,Female,39,No,1,2021-03-13,2023-10-09,141.92,661
CUST10568,Scott Weeks,New York,Associate,Female,62,No,0,2023-07-17,2024-05-15,73.94,442
CUST10492,Frank Wyatt,New York,PhD,Non-Binary,55,No,3,2022-11-21,2023-12-02,157.25,607
CUST10773,Leslie Park PhD,Colorado,PhD,Female,41,No,2,2023-09-26,2023-09-29,411.94,671
CUST10614,Cynthia Campbell,California,Associate,Male,27,No,1,2021-06-01,2022-04-24,90.28,1194
CUST10325,Valerie Shelton,New York,Associate,Male,21,No,0,2022-03-17,2025-03-17,158.83,136
CUST10409,Gwendolyn Brooks,Illinois,High School,Female,26,Yes,0,2021-04-01,2021-08-11,449.26,1450
CUST10630,Ronald Stevens,Colorado,High School,Female,47,No,3,2021-12-16,2022-07-30,451.79,1097
CUST10499,Kathryn Campbell,Florida,Associate,Female,34,No,1,2023-11-13,2025-01-25,271.17,187
CUST10826,Elizabeth Mason,Washington,Associate,Non-Binary,75,Yes,1,2020-08-04,2023-10-24,172.7,646
CUST10921,Rhonda Sanchez,California,Associate,Female,44,Yes,0,2023-01-14,2024-11-13,310.85,260
CUST10406,Kimberly Huynh,California,Bachelor,Male,52,Yes,4,2021-08-24,2024-03-24,653.66,494
CUST10756,Melissa Roberts,Illinois,PhD,Male,24,No,2,2024-03-30,2025-06-07,469.34,54
CUST10582,Adrian Henry,Texas,Master,Non-Binary,26,No,2,2021-12-14,2023-09-01,486.78,699
CUST10386,Courtney Nelson,New York,High School,Male,71,No,2,2020-09-20,2021-12-09,348.91,1330
CUST10683,Richard Erickson,California,Associate,Female,22,No,1,2022-09-26,2022-12-12,740.79,962
CUST10473,Christopher Daniels,Georgia,Associate,Male,63,No,2,2024-05-20,2025-07-05,67.78,26
CUST10273,Ashley Keller,Georgia,PhD,Non-Binary,46,No,0,2023-01-27,2024-07-22,852.06,374
CUST10730,Willie Chandler,Georgia,Associate,Male,27,No,2,2022-06-21,2023-09-05,445.03,695
CUST10472,Heather Ferguson,Georgia,Master,Male,38,No,2,2024-03-20,2025-02-02,162.39,179
CUST10343,Laura Atkins,Arizona,Bachelor,Non-Binary,52,Yes,1,2023-05-26,2025-06-30,251.17,31
CUST10879,Kristina Pineda,Washington,PhD,Non-Binary,41,Yes,1,2022-11-07,2023-03-28,796.36,856
CUST10665,Eric Christian,Colorado,Bachelor,Female,43,No,0,2021-12-09,2022-05-20,623.8,1168
CUST10283,Adam Davis,Illinois,High School,Male,51,No,0,2022-06-13,2022-07-21,613.76,1106
CUST10440,Linda Merritt,Colorado,Master,Non-Binary,40,Yes,1,2022-04-19,2022-10-23,45.96,1012
CUST10160,Donald Jones,Illinois,PhD,Female,74,No,0,2020-08-15,2024-05-16,249.01,441
CUST10812,Alison Stanley,New York,Master,Non-Binary,45,No,2,2021-02-15,2024-08-08,716.3,357
CUST10568,Scott Weeks,New York,Associate,Female,62,No,0,2023-07-17,2024-09-22,410.03,312
CUST10862,James Blake,Texas,Associate,Non-Binary,26,No,0,2021-03-20,2024-07-09,272.35,387
CUST10986,Catherine Choi,Texas,PhD,Female,40,No,2,2022-05-23,2025-02-27,303.44,154
CUST10100,Timothy Cook,Georgia,High School,Female,39,Yes,1,2024-07-28,2025-07-26,102.65,5
CUST10149,Kayla Ortiz,Washington,PhD,Non-Binary,73,No,2,2022-11-09,2023-10-27,288.75,643
CUST10250,Alicia Higgins,Texas,Master,Female,74,Yes,1,2023-10-15,2025-05-09,159.35,83
CUST10974,Mr. Wesley Martin Jr.,Ohio,Bachelor,Non-Binary,68,Yes,1,2024-04-27,2025-01-03,261.86,209
CUST10364,Douglas Sullivan DDS,Arizona,Master,Male,80,No,0,2023-01-30,2024-12-17,229.02,226
CUST10571,Frederick Chandler,New York,High School,Male,73,No,0,2021-07-13,2024-07-23,161.03,373
CUST10060,Nathaniel Price,California,Master,Female,47,No,2,2022-12-14,2025-04-03,447.56,119
CUST10158,Heather Brown,New York,Bachelor,Male,21,Yes,2,2021-12-06,2025-06-04,296.45,57
CUST10303,Antonio Sanchez,Colorado,Associate,Male,26,Yes,2,2022-11-07,2024-05-19,924.52,438
CUST10775,Luis Huffman,Ohio,Master,Non-Binary,39,No,4,2023-09-03,2025-03-16,412.8,137
CUST10294,Connor Young,New York,High School,Male,66,Yes,1,2021-06-01,2022-05-10,410.53,1178
CUST10143,Catherine Church,Georgia,PhD,Non-Binary,74,No,2,2023-09-12,2025-07-24,97.8,7
CUST10481,Jenna Butler,New York,Master,Female,30,Yes,2,2024-06-03,2024-09-21,314.4,313
CUST10595,Maria Jackson,California,Master,Female,72,No,2,2023-09-08,2024-06-11,149.25,415
CUST10955,Nicole Garcia,Colorado,Bachelor,Female,30,Yes,1,2023-11-03,2025-07-26,849.4,5
CUST10671,Michael Edwards,Illinois,Bachelor,Non-Binary,63,No,1,2022-03-30,2025-05-23,413.67,69
CUST10423,Danielle Miller,Arizona,PhD,Female,51,No,0,2023-05-31,2024-04-22,140.43,465
CUST10690,Leah Moore,Arizona,Bachelor,Non-Binary,24,Yes,1,2021-07-24,2023-11-27,129.46,612
CUST10083,Marc Olson,Florida,Associate,Non-Binary,73,No,2,2022-11-17,2023-02-08,368.41,904
CUST10217,Sara Patton MD,Georgia,Master,Male,49,Yes,3,2021-07-28,2023-08-14,20.55,717
CUST10295,Lisa Ball,Arizona,Master,Male,26,No,3,2024-02-05,2025-01-22,797.81,190
CUST10800,Michael Tate,Colorado,Associate,Male,39,Yes,0,2023-10-30,2024-03-13,556.01,505
CUST10690,Leah Moore,Arizona,Bachelor,Non-Binary,24,Yes,1,2021-07-24,2022-02-25,417.72,1252
CUST10077,James Chang,Georgia,Associate,Non-Binary,76,Yes,2,2022-10-10,2023-01-15,340.98,928
CUST10101,Melissa Flores,Georgia,Master,Non-Binary,78,No,2,2023-01-06,2024-07-23,510.37,373
CUST10982,Annette Martin,New York,Master,Female,66,Yes,4,2021-05-12,2022-12-24,64.24,950
CUST10090,Cameron Bowen,Arizona,Master,Female,32,No,2,2022-10-29,2023-02-08,133.88,904
CUST10960,Michael Stephenson,Ohio,PhD,Female,49,Yes,2,2022-04-26,2023-05-24,239.92,799
CUST10059,Amy Davis,Georgia,PhD,Male,21,Yes,2,2021-10-20,2024-11-03,572.19,270
CUST10580,Kayla Gonzalez,Georgia,High School,Female,45,No,1,2021-11-28,2023-02-21,525.69,891
CUST10234,Chelsea Reynolds,Illinois,Master,Non-Binary,73,Yes,1,2023-07-02,2024-01-15,157.94,563
CUST10725,John Tyler,Arizona,Bachelor,Female,69,No,2,2023-06-18,2024-03-20,216.72,498
CUST10117,Jeffrey Miles,Arizona,High School,Male,21,Yes,2,2020-09-28,2022-05-05,306.32,1183
CUST10273,Ashley Keller,Georgia,PhD,Non-Binary,46,No,0,2023-01-27,2025-06-15,333.89,46
CUST10368,Benjamin Weber,Washington,Associate,Male,34,Yes,2,2021-01-11,2024-03-03,173.42,515
CUST10274,Tracy Tate,Illinois,Master,Female,51,Yes,0,2023-07-05,2023-12-29,854.78,580
CUST10558,Andrew Rivera,Colorado,High School,Male,69,No,2,2024-06-13,2025-04-22,318.65,100
CUST10238,Ruben Hendricks,Texas,Master,Male,52,No,1,2024-06-07,2025-05-02,1349.12,90
CUST10854,Brittany Fox,New York,Master,Male,74,Yes,0,2023-04-12,2025-01-12,325.72,200
CUST10749,Bradley Hicks,Washington,PhD,Non-Binary,24,Yes,2,2023-12-11,2024-05-05,662.99,452
CUST10616,Mark Ryan,New York,Bachelor,Male,66,No,0,2021-03-28,2021-04-20,159.41,1563
CUST10333,Wendy Ponce,Ohio,Master,Male,60,Yes,4,2024-05-12,2024-07-06,211.22,390
CUST10520,Crystal Horton,Georgia,Master,Non-Binary,18,No,1,2020-11-09,2025-03-07,325.13,146
CUST10776,Christopher Smith,Washington,Master,Male,60,Yes,0,2024-05-03,2024-06-25,154.79,401
CUST10137,Brian Meyer Jr.,Washington,Master,Non-Binary,61,No,3,2022-10-24,2025-06-07,236.88,54
CUST10228,Victor Johnston DDS,Colorado,High School,Male,47,No,4,2022-10-07,2025-07-21,125.34,10
CUST10476,Brad Jones,Illinois,Bachelor,Male,56,No,0,2024-01-21,2024-09-03,328.84,331
CUST10618,Kelly Beard,Colorado,Bachelor,Non-Binary,58,Yes,1,2021-03-17,2024-12-30,68.77,213
CUST10715,Nicholas Bond,California,Associate,Male,75,Yes,2,2020-08-24,2025-03-13,394.44,140
CUST10017,Kenneth Ferguson,Florida,High School,Male,74,No,1,2023-07-25,2023-10-09,176.93,661
CUST10500,Sandra Matthews,Ohio,Master,Non-Binary,72,Yes,2,2023-01-20,2024-07-17,927.98,379
CUST10176,Phyllis Mason,California,PhD,Female,38,No,3,2021-05-02,2023-06-05,559.32,787
CUST10956,Richard Mercado,New York,Bachelor,Non-Binary,74,No,1,2021-05-25,2025-07-10,243.4,21
CUST10861,Angela Johnson,California,High School,Non-Binary,32,No,0,2023-11-16,2024-02-18,147.58,529
CUST10267,Melissa Marshall,Arizona,Associate,Non-Binary,57,Yes,1,2023-04-03,2025-03-06,245.41,147
CUST10578,Robert Smith,California,Master,Male,74,No,0,2022-12-17,2023-08-22,415.19,709
CUST10427,Jesse Robinson,Washington,Master,Male,75,No,0,2022-02-14,2024-11-17,826.72,256
CUST10394,Stuart Young,California,Bachelor,Female,33,No,1,2021-02-10,2022-02-04,584.34,1273
CUST10794,Whitney Nichols,Georgia,Bachelor,Female,43,No,1,2021-03-07,2024-12-11,471.02,232
CUST10221,Susan Reed,Texas,Bachelor,Male,25,Yes,1,2023-04-03,2024-07-24,267.12,372
CUST10716,John Lopez,Georgia,High School,Non-Binary,79,No,0,2020-12-29,2022-03-28,175.87,1221
CUST10975,Max Carson,Ohio,Master,Male,34,No,0,2021-03-10,2022-06-15,834.49,1142
CUST10311,Dennis Moss,Ohio,Bachelor,Female,53,Yes,2,2023-06-15,2024-10-29,41.2,275
CUST10241,Logan Garcia,Georgia,High School,Non-Binary,69,Yes,1,2022-03-23,2024-03-13,481.14,505
CUST10061,Robert Humphrey,Florida,Bachelor,Female,33,Yes,2,2023-08-04,2025-06-02,494.43,59
CUST10881,Charles Roach,Illinois,Master,Non-Binary,63,Yes,2,2024-01-24,2024-11-13,446.0,260
CUST10901,Matthew Miller,Ohio,High School,Male,23,No,2,2022-02-09,2025-03-21,789.32,132
CUST10083,Marc Olson,Florida,Associate,Non-Binary,73,No,2,2022-11-17,2023-12-06,334.67,603
CUST10297,Michelle Rogers,Arizona,Master,Female,40,Yes,2,2024-07-24,2024-11-27,202.36,246
CUST10550,Derrick Daniel,Colorado,Bachelor,Male,77,No,2,2022-03-07,2022-11-14,469.1,990
CUST10300,Jennifer Williams,California,Associate,Male,61,Yes,1,2022-06-25,2023-09-27,350.35,673
CUST10249,Randall Johnson,Arizona,PhD,Male,73,No,2,2023-10-14,2024-02-27,135.87,520
CUST10987,Victoria Wolf,Ohio,PhD,Male,22,Yes,4,2024-04-07,2025-05-13,58.07,79
CUST10711,Tanya Moore,Arizona,PhD,Male,73,Yes,4,2023-08-30,2025-02-23,320.57,158
CUST10921,Rhonda Sanchez,California,Associate,Female,44,Yes,0,2023-01-14,2025-05-11,797.04,81
CUST10138,Chelsea James,Texas,PhD,Male,69,No,2,2024-06-14,2025-02-11,157.98,170
CUST10510,Timothy Mclaughlin,Illinois,Bachelor,Non-Binary,20,No,0,2020-09-08,2023-09-14,168.39,686
CUST10435,Ralph Brown,Florida,Bachelor,Female,37,Yes,2,2020-11-18,2023-10-20,248.75,650
CUST10029,Amanda Rogers,Washington,PhD,Female,37,No,2,2023-12-10,2024-05-09,118.46,448
CUST10178,Ryan Diaz,Florida,Master,Female,18,Yes,3,2021-07-03,2025-04-30,160.89,92
CUST10965,Kristin Dillon,Illinois,Master,Male,40,Yes,2,2022-07-29,2024-04-22,619.77,465
CUST10484,Jason Richardson,Texas,PhD,Female,52,Yes,1,2022-02-06,2025-05-18,313.63,74
CUST10388,Ronald Ramirez,Illinois,High School,Male,50,No,2,2022-05-24,2024-09-22,1210.15,312
CUST10949,Craig Cook,Ohio,Master,Female,39,Yes,0,2022-04-28,2023-09-03,540.95,697
CUST10948,Patricia Koch,Texas,PhD,Male,28,Yes,2,2021-01-07,2023-10-24,317.53,646
CUST10355,Wendy Diaz,Ohio,High School,Male,22,Yes,2,2022-06-05,2022-10-21,141.05,1014
CUST10336,Garrett Sanders,Florida,Master,Non-Binary,69,No,3,2021-10-17,2024-03-13,585.95,505
CUST10853,Ryan Miller,Florida,High School,Non-Binary,55,No,0,2022-06-20,2023-02-14,259.69,898
CUST10738,Tanya Wilkinson,New York,Associate,Non-Binary,62,Yes,0,2023-02-09,2023-09-03,294.34,697
CUST10487,Theresa Crawford,Georgia,PhD,Male,18,Yes,1,2023-11-04,2025-04-11,1186.22,111
CUST10542,Catherine Haynes,Texas,PhD,Female,18,No,0,2023-10-17,2024-12-14,156.48,229
CUST10183,Casey Arnold,Florida,PhD,Female,24,No,1,2023-08-22,2023-11-12,286.01,627
CUST10916,Morgan Smith,Texas,Associate,Non-Binary,74,No,3,2021-03-06,2022-05-22,630.42,1166
CUST10543,Amber Lewis,Georgia,High School,Male,46,Yes,3,2023-07-09,2024-09-29,270.29,305
CUST10431,Daniel Fernandez,California,Associate,Female,36,Yes,0,2021-07-04,2024-10-05,281.53,299
CUST10438,Natasha Buchanan,Illinois,High School,Non-Binary,48,Yes,0,2024-01-13,2025-07-12,164.53,19
CUST10557,Shane Ross,Texas,Associate,Male,23,Yes,3,2021-03-15,2022-04-05,469.84,1213
CUST10897,Richard Becker,Washington,High School,Male,27,Yes,4,2022-04-22,2023-01-29,368.3,914
CUST10604,Bethany Sanders,Colorado,Associate,Female,38,Yes,2,2023-08-20,2023-12-14,490.25,595
CUST10179,Michael King,California,Bachelor,Female,65,No,2,2024-07-06,2025-02-25,438.16,156
CUST10986,Catherine Choi,Texas,PhD,Female,40,No,2,2022-05-23,2025-01-06,430.08,206
CUST10623,Dennis Howell,Georgia,PhD,Male,77,No,2,2024-01-06,2025-03-28,461.46,125
CUST10329,Gary Campbell,California,PhD,Male,43,No,1,2024-03-14,2024-05-02,333.13,455
CUST10197,Nicole Alvarez,Washington,Master,Male,46,Yes,1,2021-08-26,2023-07-26,757.49,736
CUST10776,Christopher Smith,Washington,Master,Male,60,Yes,0,2024-05-03,2024-08-13,229.45,352
CUST10392,Philip Moore,Illinois,Bachelor,Male,37,No,0,2021-01-13,2024-12-08,145.52,235
CUST10696,Cheryl Payne,Ohio,Associate,Non-Binary,38,No,1,2023-09-07,2024-10-21,466.33,283
CUST10797,Michael Cameron,Florida,Bachelor,Non-Binary,27,No,0,2021-05-26,2025-03-13,1028.58,140
CUST10938,John Price,California,PhD,Male,44,No,2,2020-08-31,2025-06-05,486.94,56
CUST10577,Brandon Williams,California,Associate,Non-Binary,19,Yes,3,2024-05-25,2025-05-27,522.24,65
CUST10706,Ronald Becker,California,PhD,Non-Binary,22,No,2,2024-03-08,2024-06-04,357.72,422
CUST10896,Charles Love,Illinois,High School,Non-Binary,38,No,2,2022-10-17,2022-12-09,157.78,965
CUST10914,Austin Sweeney,Ohio,Master,Non-Binary,56,Yes,2,2020-09-22,2023-01-17,729.14,926
CUST10648,Marcus Anderson,Florida,PhD,Non-Binary,19,No,1,2021-06-24,2023-03-30,321.94,854
CUST10645,Scott Daniels,Ohio,Bachelor,Female,41,Yes,2,2023-05-24,2024-02-23,135.3,524
CUST10917,Beth Henry,Illinois,Bachelor,Female,51,No,1,2024-01-02,2025-03-16,389.98,137
CUST10949,Craig Cook,Ohio,Master,Female,39,Yes,0,2022-04-28,2024-04-13,193.87,474
CUST10933,Jonathan Lewis,Texas,Associate,Male,37,Yes,3,2022-02-16,2025-04-07,128.1,115
CUST10040,Natalie Gonzales DDS,California,Associate,Non-Binary,78,Yes,0,2021-09-20,2025-01-21,367.48,191
CUST10845,Jennifer Khan,Washington,PhD,Female,78,Yes,1,2023-10-27,2023-11-17,261.15,622
CUST10874,Shannon Clayton,Arizona,PhD,Female,53,No,2,2022-09-11,2023-02-15,386.91,897
CUST10306,Brittany Huff,Florida,Master,Female,54,No,2,2022-10-10,2023-07-27,364.41,735
CUST10291,Jeffrey Johnson,Arizona,Bachelor,Male,45,Yes,1,2024-03-28,2024-07-04,251.3,392
CUST10759,Christine Adkins,New York,Bachelor,Non-Binary,40,No,0,2024-01-28,2024-04-19,131.74,468
CUST10777,Andrew Walker,Georgia,Master,Female,46,Yes,1,2022-10-28,2024-10-14,181.31,290
CUST10140,Sean Becker,Texas,Associate,Male,41,No,2,2024-06-10,2024-07-14,528.58,382
CUST10061,Robert Humphrey,Florida,Bachelor,Female,33,Yes,2,2023-08-04,2024-10-16,260.61,288
CUST10992,Sheila Gonzales,Arizona,Associate,Female,48,Yes,1,2022-07-07,2024-09-22,308.97,312
CUST10846,Donna Carlson,Georgia,Master,Female,50,Yes,1,2022-01-12,2024-11-09,1098.31,264
CUST10839,Samuel Barron,California,Master,Non-Binary,54,Yes,2,2021-05-27,2022-06-22,151.85,1135
CUST10884,Dennis Brennan,Florida,Bachelor,Female,73,No,2,2023-05-28,2024-09-27,623.54,307
CUST10465,Juan Zamora,Colorado,High School,Female,51,No,1,2023-03-03,2025-04-11,342.75,111
CUST10473,Christopher Daniels,Georgia,Associate,Male,63,No,2,2024-05-20,2025-06-03,236.93,58
CUST10209,Richard Brown,New York,High School,Male,71,Yes,2,2023-04-06,2023-05-21,266.76,802
CUST10500,Sandra Matthews,Ohio,Master,Non-Binary,72,Yes,2,2023-01-20,2024-09-29,494.73,305
CUST10977,Charles Harris,Ohio,Associate,Female,31,Yes,4,2021-03-12,2021-11-25,198.57,1344
CUST10208,Daniel Patton,Arizona,Associate,Male,62,Yes,0,2020-10-29,2021-11-28,313.45,1341
CUST10392,Philip Moore,Illinois,Bachelor,Male,37,No,0,2021-01-13,2023-07-28,173.56,734
CUST10284,Diane Bowen,California,Associate,Non-Binary,20,No,1,2024-06-26,2024-09-05,545.63,329
CUST10622,Andre Dennis,Illinois,Bachelor,Male,34,Yes,0,2022-09-17,2025-04-19,358.66,103
CUST10847,Rebecca Mitchell,Illinois,Bachelor,Non-Binary,42,Yes,2,2022-10-22,2024-03-07,274.9,511
CUST10072,Scott Williams,Florida,Bachelor,Male,54,No,0,2022-03-18,2024-03-29,168.97,489
CUST10684,David Roy,Illinois,High School,Male,27,No,0,2021-09-22,2025-03-12,682.5,141
CUST10430,Sandra King,Texas,Bachelor,Non-Binary,46,No,0,2021-10-24,2021-11-09,644.4,1360
CUST10077,James Chang,Georgia,Associate,Non-Binary,76,Yes,2,2022-10-10,2024-12-01,243.11,242
CUST10816,Victoria Smith,Colorado,Bachelor,Non-Binary,38,No,2,2023-12-26,2024-01-21,56.04,557
CUST10026,Joseph Mcbride,Washington,High School,Male,27,Yes,0,2021-12-07,2022-06-09,132.24,1148
CUST10789,Chelsea Jenkins,Florida,PhD,Female,30,No,1,2022-12-11,2023-07-20,184.19,742
CUST10749,Bradley Hicks,Washington,PhD,Non-Binary,24,Yes,2,2023-12-11,2025-02-10,104.11,171
CUST10915,Robert Jones,New York,High School,Female,61,No,2,2022-08-05,2025-05-09,142.4,83
CUST10774,Brad Guzman,Texas,Associate,Female,43,Yes,2,2021-05-15,2025-03-17,131.31,136
CUST10337,William Cohen,Illinois,PhD,Non-Binary,20,No,0,2021-08-14,2024-04-29,214.5,458
CUST10953,Bobby Reed,Colorado,PhD,Female,38,No,0,2021-10-19,2022-07-25,584.55,1102
CUST10493,Angela Massey,Washington,Bachelor,Non-Binary,65,No,4,2023-06-15,2024-04-04,669.58,483
CUST10539,Richard Price,Texas,Associate,Female,19,Yes,2,2021-01-04,2022-05-13,16.05,1175
CUST10105,Shelley King,Colorado,Bachelor,Male,65,No,2,2022-06-22,2024-09-04,47.49,330
CUST10128,Zachary Gonzalez,California,Associate,Female,48,No,1,2023-10-25,2023-12-08,395.09,601
CUST10816,Victoria Smith,Colorado,Bachelor,Non-Binary,38,No,2,2023-12-26,2023-12-31,608.76,578
CUST10231,Carrie Williams,Ohio,PhD,Male,28,No,1,2020-10-08,2021-02-02,195.84,1640
CUST10257,Mary Wilkins,Washington,Associate,Non-Binary,41,No,0,2022-08-01,2025-06-21,90.19,40
CUST10883,Susan Larson,Texas,PhD,Female,58,No,0,2022-01-06,2023-09-17,241.38,683
CUST10294,Connor Young,New York,High School,Male,66,Yes,1,2021-06-01,2022-06-13,34.15,1144
CUST10311,Dennis Moss,Ohio,Bachelor,Female,53,Yes,2,2023-06-15,2024-12-13,101.25,230
CUST10134,Travis Barber,Ohio,Bachelor,Male,67,Yes,0,2020-11-15,2025-02-27,391.39,154
CUST10139,Julie Preston,Colorado,PhD,Non-Binary,18,Yes,3,2024-03-29,2024-05-30,567.18,427
CUST10563,Jim Johnson PhD,Illinois,Associate,Male,44,No,2,2021-12-27,2023-03-24,89.6,860
CUST10810,Richard Bailey,Illinois,High School,Non-Binary,77,Yes,0,2023-01-08,2024-12-17,277.92,226
CUST10004,Randy Richardson,Ohio,Associate,Non-Binary,68,No,1,2022-08-01,2023-12-28,450.11,581
CUST10103,Brooke Hendricks,Texas,Master,Male,27,Yes,0,2023-08-12,2025-04-13,85.6,109
CUST10441,Erin Gutierrez,Texas,Associate,Female,56,Yes,1,2021-12-06,2022-08-24,193.31,1072
CUST10125,Erik Campbell,Arizona,PhD,Non-Binary,64,Yes,1,2022-12-31,2023-07-02,1237.97,760
CUST10738,Tanya Wilkinson,New York,Associate,Non-Binary,62,Yes,0,2023-02-09,2024-09-03,299.6,331
CUST10107,Shelley Mcdowell,Florida,High School,Male,61,No,0,2020-08-17,2023-11-10,210.59,629
CUST10401,Jason Miller DDS,Texas,Bachelor,Male,37,No,2,2024-07-08,2024-08-17,409.12,348
CUST10318,Matthew Ruiz,Washington,Associate,Female,31,Yes,1,2021-08-09,2023-04-06,229.44,847
CUST10933,Jonathan Lewis,Texas,Associate,Male,37,Yes,3,2022-02-16,2023-09-14,188.27,686
CUST10458,Jennifer Cook,California,Associate,Female,36,No,0,2022-08-07,2022-09-09,444.63,1056
CUST10324,Stephanie Austin,Arizona,High School,Non-Binary,70,No,1,2020-10-24,2021-08-12,293.76,1449
CUST10760,Becky May,Colorado,Master,Female,23,Yes,2,2024-06-07,2024-08-16,259.96,349
CUST10410,Jay Mercer,Illinois,Master,Male,45,Yes,0,2022-02-01,2024-09-22,207.46,312
CUST10210,Jon Rich,Illinois,PhD,Non-Binary,34,No,3,2021-08-28,2022-11-26,375.34,978
CUST10652,William Underwood,Colorado,Associate,Female,36,No,0,2022-05-12,2025-07-06,947.15,25
CUST10501,Kristopher Powell,Illinois,Bachelor,Female,43,Yes,0,2024-04-26,2024-08-29,99.34,336
CUST10343,Laura Atkins,Arizona,Bachelor,Non-Binary,52,Yes,1,2023-05-26,2023-10-04,210.06,666
CUST10703,Gregory Perry,New York,High School,Non-Binary,55,No,2,2022-01-21,2022-05-22,571.52,1166
CUST10455,Maurice Cook,Illinois,Bachelor,Non-Binary,48,No,0,2021-11-17,2022-10-26,487.63,1009
CUST10411,Whitney Lucas,Colorado,Associate,Non-Binary,39,No,2,2022-09-04,2025-06-06,208.74,55
CUST10080,Nicole Burns,New York,Associate,Male,23,No,3,2022-07-09,2022-08-16,209.32,1080
CUST10607,Adrienne Thomas,Georgia,Bachelor,Male,24,Yes,1,2023-08-01,2024-02-29,61.15,518
CUST10224,Jacob Yates,Washington,Master,Non-Binary,60,No,0,2023-03-30,2025-04-29,294.25,93
CUST10436,Sean Santos,Georgia,Bachelor,Non-Binary,68,Yes,2,2021-12-19,2023-01-12,492.03,931
CUST10976,Dennis Turner,California,Master,Male,30,Yes,2,2024-05-17,2024-06-27,173.99,399
CUST10016,Melinda Smith,Florida,Associate,Male,65,No,4,2020-12-07,2024-09-04,98.36,330
CUST10509,Andrew Griffith,Washington,PhD,Male,32,No,0,2023-08-20,2024-01-12,261.55,566
CUST10226,Darren Bishop,Ohio,Associate,Male,64,Yes,1,2022-01-09,2024-10-29,67.47,275
CUST10899,Megan Olson,Georgia,Associate,Female,50,Yes,0,2023-03-26,2024-11-04,290.14,269
CUST10390,Dr. Phillip Brooks,Florida,High School,Male,53,Yes,2,2022-05-29,2023-05-14,188.08,809
CUST10620,Jesse Pratt,Texas,Master,Male,64,No,0,2023-04-13,2025-03-02,351.66,151
CUST10938,John Price,California,PhD,Male,44,No,2,2020-08-31,2023-08-26,100.84,705
CUST10547,Amanda Hall,Washington,Associate,Female,28,No,2,2023-07-03,2024-07-22,90.06,374
CUST10964,Carla Johnson,Washington,PhD,Non-Binary,19,Yes,1,2023-08-04,2024-06-03,401.66,423
CUST10758,Nicolas Cruz,Illinois,Master,Male,66,No,1,2022-02-25,2024-01-27,357.86,551
CUST10929,John Brown,Arizona,PhD,Non-Binary,31,Yes,0,2023-08-06,2025-02-07,383.69,174
CUST10020,Christopher Sparks,Florida,Bachelor,Female,31,No,0,2023-09-19,2023-12-23,347.58,586
CUST10163,Scott Mitchell,California,Associate,Non-Binary,28,Yes,2,2020-10-22,2024-12-08,225.4,235
CUST10842,Jordan Wilson,New York,Bachelor,Male,77,No,1,2024-06-05,2024-11-07,196.49,266
CUST10963,Tyler Snyder,Colorado,Bachelor,Non-Binary,23,No,0,2021-06-12,2021-07-22,591.12,1470
CUST10978,Kenneth Vang,Texas,Master,Non-Binary,75,No,0,2021-05-08,2025-01-08,370.39,204
CUST10168,Cynthia Bradley,Illinois,Bachelor,Female,58,No,1,2021-05-09,2021-07-11,256.91,1481
CUST10749,Bradley Hicks,Washington,PhD,Non-Binary,24,Yes,2,2023-12-11,2024-02-05,382.66,542
CUST10729,James Jackson,Illinois,Bachelor,Male,75,No,0,2024-02-08,2024-05-07,181.74,450
CUST10574,David Jensen,New York,Bachelor,Non-Binary,51,No,4,2021-05-11,2023-08-12,362.67,719
CUST10310,Luke Duffy,Illinois,PhD,Male,39,Yes,0,2021-11-26,2023-11-15,342.31,624
CUST10235,Ashley Olson,Arizona,Master,Non-Binary,48,Yes,3,2020-08-25,2023-09-22,426.51,678
CUST10837,Michael Navarro,California,Bachelor,Female,70,Yes,3,2022-06-04,2025-01-03,253.52,209
CUST10703,Gregory Perry,New York,High School,Non-Binary,55,No,2,2022-01-21,2023-05-11,695.26,812
CUST10287,Megan Leon,Illinois,High School,Female,78,No,0,2023-01-09,2023-12-10,203.76,599
CUST10695,Jennifer Burton,Washington,Master,Male,72,Yes,0,2024-04-05,2024-11-07,617.67,266
CUST10958,Brandon Moore,Ohio,Associate,Female,31,No,3,2022-05-19,2025-05-30,323.51,62
CUST10441,Erin Gutierrez,Texas,Associate,Female,56,Yes,1,2021-12-06,2023-04-01,163.38,852
CUST10406,Kimberly Huynh,California,Bachelor,Male,52,Yes,4,2021-08-24,2025-06-12,540.76,49
CUST10672,Stephen Wright,Florida,Associate,Non-Binary,75,Yes,0,2021-05-24,2023-10-10,243.72,660
CUST10483,Robert Oconnell,Illinois,Associate,Female,57,Yes,1,2022-04-22,2022-09-27,349.19,1038
CUST10541,Joan Smith,Washington,Master,Male,77,No,2,2022-01-29,2023-03-11,144.17,873
CUST10001,Anthony Gordon,Washington,Associate,Non-Binary,32,No,1,2023-02-20,2023-10-03,389.14,667
CUST10052,William Kemp,Arizona,PhD,Female,72,Yes,1,2023-08-15,2024-09-26,526.13,308
CUST10568,Scott Weeks,New York,Associate,Female,62,No,0,2023-07-17,2025-02-09,632.16,172
CUST10567,Kelsey Hughes,Colorado,Master,Male,65,Yes,0,2021-10-31,2024-06-26,612.49,400
CUST10174,Michael Velazquez,Texas,Bachelor,Non-Binary,40,No,2,2022-10-23,2023-11-15,325.37,624
CUST10223,Mr. Jason Jones,Washington,High School,Female,20,No,1,2020-12-03,2021-01-05,776.92,1668
CUST10079,Amber Moreno,Florida,Bachelor,Male,46,No,3,2023-08-11,2024-12-12,807.39,231
CUST10524,Cassie Ray,California,Bachelor,Non-Binary,46,No,0,2024-06-25,2024-11-17,44.06,256
CUST10000,Chloe Sanford,Colorado,Associate,Non-Binary,77,No,1,2024-07-04,2025-02-08,141.69,173
CUST10509,Andrew Griffith,Washington,PhD,Male,32,No,0,2023-08-20,2025-03-31,131.35,122
CUST10815,Carol Peterson MD,Washington,Master,Non-Binary,46,Yes,3,2024-06-17,2024-10-05,797.45,299
CUST10615,Frank Bowman,New York,Master,Non-Binary,59,No,3,2024-01-25,2024-03-25,106.6,493
CUST10820,David Ramirez,Florida,Associate,Non-Binary,74,Yes,1,2022-03-16,2025-03-12,337.41,141
CUST10388,Ronald Ramirez,Illinois,High School,Male,50,No,2,2022-05-24,2025-02-24,193.5,157
CUST10797,Michael Cameron,Florida,Bachelor,Non-Binary,27,No,0,2021-05-26,2022-05-27,437.92,1161
CUST10160,Donald Jones,Illinois,PhD,Female,74,No,0,2020-08-15,2021-10-15,490.17,1385
CUST10915,Robert Jones,New York,High School,Female,61,No,2,2022-08-05,2023-05-05,360.5,818
CUST10948,Patricia Koch,Texas,PhD,Male,28,Yes,2,2021-01-07,2021-11-15,597.45,1354
CUST10997,Cameron Potts,New York,High School,Male,57,Yes,0,2023-04-22,2024-06-14,635.68,412
CUST10025,Timothy Wright,Ohio,Master,Female,58,Yes,2,2021-06-12,2023-03-12,289.1,872
CUST10850,Elizabeth Edwards,Colorado,Bachelor,Male,34,Yes,1,2022-01-29,2024-02-27,70.0,520
CUST10978,Kenneth Vang,Texas,Master,Non-Binary,75,No,0,2021-05-08,2024-08-06,510.92,359
CUST10942,Christie Rodriguez,Washington,PhD,Female,66,No,1,2023-01-23,2023-09-17,266.6,683
CUST10492,Frank Wyatt,New York,PhD,Non-Binary,55,No,3,2022-11-21,2023-05-03,775.36,820
CUST10254,Dean Wright,Florida,PhD,Male,80,No,0,2021-05-30,2024-04-12,1013.49,475
CUST10332,Susan Garner,New York,Associate,Female,30,No,0,2023-11-14,2024-10-22,34.68,282
CUST10066,Richard Walker,California,Bachelor,Non-Binary,71,Yes,0,2022-10-24,2025-06-28,208.87,33
CUST10824,Megan Perry,Illinois,High School,Non-Binary,74,Yes,2,2020-09-11,2021-04-25,175.23,1558
CUST10450,Denise Ray,Florida,Associate,Non-Binary,43,Yes,2,2023-11-13,2024-10-31,167.61,273
CUST10337,William Cohen,Illinois,PhD,Non-Binary,20,No,0,2021-08-14,2021-10-08,544.58,1392
CUST10572,Kristen Reynolds,Colorado,Master,Male,52,No,2,2024-05-19,2024-10-17,202.33,287
CUST10703,Gregory Perry,New York,High School,Non-Binary,55,No,2,2022-01-21,2024-04-22,229.75,465
CUST10024,Corey Shelton,Washington,Bachelor,Female,19,Yes,0,2021-12-20,2023-06-29,230.98,763
CUST10165,Ashley Kim,Illinois,Master,Non-Binary,32,Yes,0,2021-09-25,2023-08-01,423.42,730
CUST10565,Matthew Stone,Washington,High School,Female,59,Yes,3,2023-01-12,2024-06-22,296.51,404
CUST10877,David Vazquez,Arizona,Master,Male,26,Yes,1,2022-10-15,2024-09-17,246.11,317
CUST10040,Natalie Gonzales DDS,California,Associate,Non-Binary,78,Yes,0,2021-09-20,2023-12-09,140.45,600
CUST10634,Jane Rocha,Ohio,Associate,Female,26,No,2,2023-03-24,2025-05-15,213.93,77
CUST10264,Gabriel Garrison,Colorado,PhD,Non-Binary,45,Yes,1,2020-08-08,2021-07-07,268.81,1485
CUST10154,Margaret Espinoza,Washington,PhD,Female,61,Yes,1,2021-02-16,2022-10-08,227.67,1027
CUST10219,Karen Johns,Texas,High School,Female,28,Yes,1,2021-12-06,2022-11-13,411.86,991
CUST10850,Elizabeth Edwards,Colorado,Bachelor,Male,34,Yes,1,2022-01-29,2025-04-15,94.82,107
CUST10969,Victor Johnson,Texas,PhD,Non-Binary,56,Yes,4,2022-03-11,2025-06-14,434.98,47
CUST10881,Charles Roach,Illinois,Master,Non-Binary,63,Yes,2,2024-01-24,2024-04-09,274.64,478
CUST10043,Timothy Contreras,Colorado,PhD,Non-Binary,23,No,1,2023-11-08,2024-08-26,277.5,339
CUST10263,Rodney James,Ohio,High School,Non-Binary,61,No,0,2023-11-20,2025-05-05,151.75,87
CUST10072,Scott Williams,Florida,Bachelor,Male,54,No,0,2022-03-18,2024-12-30,813.86,213
CUST10013,Jennifer Ritter,Florida,PhD,Non-Binary,73,Yes,4,2024-02-06,2024-12-21,140.29,222
CUST10744,Robert Kelly,Florida,Associate,Non-Binary,78,Yes,2,2023-09-24,2025-06-09,288.04,52
CUST10010,Joseph Reed,Florida,High School,Female,29,No,0,2020-09-01,2020-09-28,214.26,1767
CUST10900,Larry Long,Ohio,Associate,Male,41,No,0,2023-09-02,2023-10-30,173.79,640
CUST10561,Joseph Krueger,Florida,Associate,Female,24,Yes,0,2022-06-30,2023-01-16,291.24,927
CUST10814,Kristin Beard,Texas,Master,Non-Binary,47,Yes,2,2022-01-08,2024-05-22,466.92,435
CUST10512,Sean Butler,Illinois,Bachelor,Male,73,Yes,3,2022-02-10,2023-08-14,293.77,717
CUST10294,Connor Young,New York,High School,Male,66,Yes,1,2021-06-01,2025-03-17,375.78,136
CUST10263,Rodney James,Ohio,High School,Non-Binary,61,No,0,2023-11-20,2024-07-18,658.88,378
CUST10539,Richard Price,Texas,Associate,Female,19,Yes,2,2021-01-04,2023-08-07,205.62,724
CUST10560,April Richardson,Florida,Master,Female,28,No,0,2021-09-12,2023-03-09,205.07,875
CUST10664,Kathleen Bailey,California,High School,Male,25,No,2,2022-12-06,2025-03-03,286.78,150
CUST10995,Patrick Harris,California,Associate,Male,56,No,1,2023-04-13,2024-06-23,1070.16,403
CUST10344,Jennifer Garcia,Washington,High School,Male,74,Yes,1,2020-11-22,2024-05-20,560.81,437
CUST10233,Mark Macdonald,Texas,Bachelor,Male,45,No,0,2021-07-06,2022-07-16,424.39,1111
CUST10628,Joseph Mcbride,Ohio,Master,Non-Binary,66,Yes,3,2024-01-27,2025-05-31,526.4,61
CUST10617,Dr. Stacy Cervantes,California,Master,Male,54,No,3,2024-04-18,2025-06-22,290.16,39
CUST10992,Sheila Gonzales,Arizona,Associate,Female,48,Yes,1,2022-07-07,2023-09-29,242.64,671
CUST10077,James Chang,Georgia,Associate,Non-Binary,76,Yes,2,2022-10-10,2024-03-28,164.7,490
CUST10858,Lisa Wong,Arizona,Master,Female,75,Yes,2,2021-02-19,2023-09-28,163.69,672
CUST10259,Nicholas Carter,Texas,High School,Non-Binary,32,Yes,3,2023-03-31,2024-09-01,408.33,333
CUST10856,Julie Henry,Georgia,High School,Female,25,No,2,2023-12-03,2024-12-25,871.09,218
CUST10690,Leah Moore,Arizona,Bachelor,Non-Binary,24,Yes,1,2021-07-24,2021-08-18,125.48,1443
CUST10987,Victoria Wolf,Ohio,PhD,Male,22,Yes,4,2024-04-07,2025-03-28,240.94,125
CUST10495,Andrew Hogan,Florida,High School,Non-Binary,49,No,3,2022-03-10,2023-01-22,351.08,921
CUST10143,Catherine Church,Georgia,PhD,Non-Binary,74,No,2,2023-09-12,2024-02-02,211.11,545
CUST10512,Sean Butler,Illinois,Bachelor,Male,73,Yes,3,2022-02-10,2024-02-10,450.95,537
CUST10952,Courtney Jimenez,California,Associate,Non-Binary,76,No,4,2024-05-30,2025-06-08,110.42,53
CUST10508,Stacy Mckenzie,Texas,Bachelor,Non-Binary,46,No,0,2021-08-05,2023-03-24,188.92,860
CUST10430,Sandra King,Texas,Bachelor,Non-Binary,46,No,0,2021-10-24,2025-04-25,53.83,97
CUST10764,Cassie Morgan,Florida,Bachelor,Non-Binary,67,Yes,1,2024-07-14,2025-01-31,96.91,181
CUST10522,Sean Williams,New York,Associate,Non-Binary,73,No,1,2023-07-21,2024-08-14,124.23,351
CUST10650,Phillip Taylor,Ohio,PhD,Non-Binary,70,Yes,1,2023-12-13,2024-10-21,355.65,283
CUST10948,Patricia Koch,Texas,PhD,Male,28,Yes,2,2021-01-07,2023-12-18,259.18,591
CUST10893,Jeff Miller,California,High School,Male,26,Yes,3,2022-09-11,2022-09-26,775.52,1039
CUST10685,Shelley Thomas,Arizona,PhD,Female,58,No,2,2024-04-22,2024-08-22,636.14,343
CUST10519,Angela Smith,Georgia,Associate,Male,25,No,0,2023-09-23,2024-09-26,219.42,308
CUST10378,Molly Campbell,California,PhD,Female,27,Yes,1,2021-08-01,2023-04-26,505.86,827
CUST10273,Ashley Keller,Georgia,PhD,Non-Binary,46,No,0,2023-01-27,2023-11-27,102.89,612
CUST10258,Gregory Baker,Colorado,PhD,Female,73,Yes,1,2023-02-09,2023-06-21,286.13,771
CUST10638,Douglas Moore,Arizona,Master,Female,80,No,0,2022-02-19,2024-05-23,86.17,434
CUST10872,Paige Rubio,Georgia,Associate,Male,51,No,0,2023-10-19,2024-11-20,461.41,253
CUST10942,Christie Rodriguez,Washington,PhD,Female,66,No,1,2023-01-23,2023-10-12,508.01,658
CUST10808,Mr. Dillon Gross,Washington,Bachelor,Female,45,No,0,2021-11-12,2022-03-05,451.29,1244
CUST10530,Dana Smith,New York,High School,Female,41,Yes,2,2024-01-12,2024-08-03,156.6,362
CUST10461,David Cook,Georgia,PhD,Female,74,Yes,0,2021-07-27,2022-06-12,339.79,1145
CUST10476,Brad Jones,Illinois,Bachelor,Male,56,No,0,2024-01-21,2024-11-30,203.69,243
CUST10060,Nathaniel Price,California,Master,Female,47,No,2,2022-12-14,2025-05-08,281.99,84
CUST10370,Brandi Black,California,High School,Female,42,Yes,1,2023-05-31,2025-06-11,134.51,50
CUST10275,Gavin Martinez,Colorado,Associate,Non-Binary,22,Yes,2,2021-08-04,2022-01-26,186.94,1282
CUST10107,Shelley Mcdowell,Florida,High School,Male,61,No,0,2020-08-17,2021-04-26,49.33,1557
CUST10226,Darren Bishop,Ohio,Associate,Male,64,Yes,1,2022-01-09,2025-07-20,390.94,11
CUST10794,Whitney Nichols,Georgia,Bachelor,Female,43,No,1,2021-03-07,2022-08-13,493.47,1083
CUST10245,Jennifer Luna,Georgia,Bachelor,Male,42,Yes,4,2021-07-18,2025-05-10,483.15,82
CUST10092,Melissa Lee,Illinois,Bachelor,Non-Binary,24,Yes,1,2020-10-17,2022-01-19,366.72,1289
CUST10435,Ralph Brown,Florida,Bachelor,Female,37,Yes,2,2020-11-18,2025-02-21,279.84,160
CUST10733,Jean Reed,Florida,Associate,Male,68,Yes,4,2023-07-27,2024-08-18,151.6,347
CUST10004,Randy Richardson,Ohio,Associate,Non-Binary,68,No,1,2022-08-01,2022-12-21,205.98,953
CUST10599,Laura Charles,Arizona,Associate,Male,20,No,2,2022-08-30,2023-10-12,146.04,658
CUST10977,Charles Harris,Ohio,Associate,Female,31,Yes,4,2021-03-12,2025-05-05,154.32,87
CUST10318,Matthew Ruiz,Washington,Associate,Female,31,Yes,1,2021-08-09,2022-03-15,525.33,1234
CUST10117,Jeffrey Miles,Arizona,High School,Male,21,Yes,2,2020-09-28,2024-07-08,191.65,388
CUST10854,Brittany Fox,New York,Master,Male,74,Yes,0,2023-04-12,2024-05-22,374.26,435
CUST10673,Michael Wilson,Georgia,PhD,Non-Binary,78,Yes,3,2021-03-23,2022-03-18,38.93,1231
CUST10341,Joseph Cox,Florida,Master,Male,35,No,3,2023-04-13,2023-07-23,101.18,739
CUST10324,Stephanie Austin,Arizona,High School,Non-Binary,70,No,1,2020-10-24,2024-01-31,273.01,547
CUST10131,Daniel Park,New York,PhD,Non-Binary,39,Yes,3,2022-10-29,2024-01-31,279.37,547
CUST10992,Sheila Gonzales,Arizona,Associate,Female,48,Yes,1,2022-07-07,2023-10-24,671.59,646
CUST10504,Neil Wilson,Colorado,Bachelor,Female,29,Yes,2,2020-12-17,2021-03-04,273.33,1610
CUST10535,Teresa Garcia,Georgia,High School,Female,28,No,0,2024-05-15,2024-07-19,128.6,377
CUST10489,Tony Thomas,Colorado,Bachelor,Female,77,No,0,2021-03-11,2024-04-27,147.72,460
CUST10231,Carrie Williams,Ohio,PhD,Male,28,No,1,2020-10-08,2022-10-20,895.04,1015
CUST10396,Jessica Wang,Florida,PhD,Male,29,No,2,2021-03-29,2023-12-07,250.58,602
CUST10693,Sarah Snyder,California,Master,Non-Binary,29,Yes,3,2021-07-04,2025-03-22,576.04,131
CUST10162,Mark Erickson,Texas,Master,Female,43,Yes,2,2023-12-06,2024-04-16,30.39,471
CUST10375,Renee Simpson,Georgia,PhD,Non-Binary,29,Yes,1,2024-06-20,2024-09-22,196.31,312
CUST10191,Dr. Katie Lamb,Ohio,High School,Non-Binary,32,Yes,2,2020-12-22,2023-01-15,247.74,928
CUST10511,Tiffany Hayes,Colorado,Associate,Non-Binary,34,No,0,2022-04-26,2022-12-15,124.06,959
CUST10923,Justin Drake,Colorado,PhD,Female,25,Yes,2,2022-12-25,2024-08-13,595.63,352
CUST10416,Robin Baker,California,Associate,Female,40,Yes,1,2023-07-10,2025-03-04,292.85,149
CUST10152,Catherine Santiago,New York,Master,Female,75,No,1,2021-05-10,2025-07-18,105.61,13
CUST10836,Brandon Evans,Georgia,High School,Non-Binary,21,Yes,1,2023-03-18,2024-06-28,261.11,398
CUST10997,Cameron Potts,New York,High School,Male,57,Yes,0,2023-04-22,2023-07-09,131.18,753
CUST10542,Catherine Haynes,Texas,PhD,Female,18,No,0,2023-10-17,2024-05-06,55.59,451
CUST10830,Kenneth Frost,New York,Master,Female,32,Yes,1,2024-04-17,2025-04-08,601.05,114
CUST10250,Alicia Higgins,Texas,Master,Female,74,Yes,1,2023-10-15,2025-03-30,355.83,123
CUST10778,Jillian Bauer PhD,Texas,PhD,Non-Binary,57,Yes,4,2023-05-20,2024-04-09,112.4,478
CUST10145,Miranda Velazquez,Ohio,Master,Non-Binary,47,Yes,0,2024-05-02,2024-10-27,306.44,277
CUST10076,Roberto Lewis,Colorado,Bachelor,Female,79,No,1,2023-02-11,2023-12-23,380.78,586
CUST10369,Matthew Coleman,New York,Associate,Female,73,Yes,1,2024-07-26,2025-04-29,714.16,93
CUST10538,Lindsay Jones,Arizona,PhD,Male,23,Yes,0,2021-03-19,2021-10-05,985.83,1395
CUST10411,Whitney Lucas,Colorado,Associate,Non-Binary,39,No,2,2022-09-04,2022-09-25,1250.51,1040
CUST10135,Deanna Payne,Ohio,Associate,Female,51,Yes,0,2023-11-11,2025-04-28,317.43,94
CUST10001,Anthony Gordon,Washington,Associate,Non-Binary,32,No,1,2023-02-20,2023-04-01,205.98,852
CUST10494,Christopher Golden,Texas,PhD,Male,35,No,2,2020-11-19,2022-03-07,56.19,1242
CUST10617,Dr. Stacy Cervantes,California,Master,Male,54,No,3,2024-04-18,2024-07-30,1161.76,366
CUST10388,Ronald Ramirez,Illinois,High School,Male,50,No,2,2022-05-24,2023-08-26,311.95,705
CUST10670,Logan Cohen,Illinois,Bachelor,Non-Binary,75,No,1,2024-03-10,2024-12-13,333.1,230
CUST10524,Cassie Ray,California,Bachelor,Non-Binary,46,No,0,2024-06-25,2024-08-08,395.94,357
CUST10943,Olivia Morgan,Colorado,Master,Non-Binary,18,Yes,0,2024-07-02,2025-03-28,306.89,125
CUST10224,Jacob Yates,Washington,Master,Non-Binary,60,No,0,2023-03-30,2024-06-08,1166.62,418
CUST10566,Renee Reed,Florida,Associate,Female,54,No,1,2023-09-18,2024-06-19,271.92,407
CUST10639,Mike Crawford,Colorado,PhD,Male,42,Yes,1,2024-07-02,2025-01-11,613.63,201
CUST10294,Connor Young,New York,High School,Male,66,Yes,1,2021-06-01,2023-09-17,61.65,683
CUST10439,Mrs. Traci Hernandez,Georgia,Master,Male,77,Yes,2,2023-10-17,2024-08-11,462.42,354
CUST10650,Phillip Taylor,Ohio,PhD,Non-Binary,70,Yes,1,2023-12-13,2024-12-01,169.19,242
CUST10133,Brett Holloway,Washington,PhD,Non-Binary,49,Yes,4,2022-03-16,2023-11-22,72.97,617
CUST10947,Teresa Valdez,Washington,Master,Male,39,No,0,2022-03-29,2023-09-11,137.35,689
CUST10565,Matthew Stone,Washington,High School,Female,59,Yes,3,2023-01-12,2023-06-06,354.03,786
CUST10128,Zachary Gonzalez,California,Associate,Female,48,No,1,2023-10-25,2024-02-11,1030.4,536
CUST10294,Connor Young,New York,High School,Male,66,Yes,1,2021-06-01,2021-09-23,263.22,1407
CUST10970,Francisco Alvarez,New York,High School,Male,36,Yes,2,2021-11-01,2023-02-16,262.96,896
CUST10655,Tammy Stevens,Illinois,PhD,Female,80,No,0,2022-03-10,2022-11-17,599.33,987
CUST10702,Nathan Brown,Ohio,Master,Non-Binary,18,Yes,1,2024-01-21,2025-05-23,261.92,69
CUST10067,Peter Brooks,Illinois,Associate,Non-Binary,26,No,1,2021-08-29,2023-06-30,122.0,762
CUST10755,Alexander Martinez,Texas,Bachelor,Non-Binary,23,Yes,1,2022-04-15,2023-08-24,593.99,707
CUST10887,Jason James,Georgia,PhD,Female,66,No,0,2022-06-28,2022-08-11,199.48,1085
CUST10193,Willie Riley,Texas,PhD,Non-Binary,46,Yes,1,2023-08-19,2024-02-26,233.88,521
CUST10584,Jennifer Bryan,Ohio,PhD,Male,62,No,1,2021-11-06,2025-04-27,104.36,95
CUST10423,Danielle Miller,Arizona,PhD,Female,51,No,0,2023-05-31,2024-09-17,183.54,317
CUST10563,Jim Johnson PhD,Illinois,Associate,Male,44,No,2,2021-12-27,2022-12-24,26.34,950
CUST10487,Theresa Crawford,Georgia,PhD,Male,18,Yes,1,2023-11-04,2024-03-16,307.83,502
CUST10106,Kenneth Martinez Jr.,Arizona,High School,Male,73,No,1,2024-05-29,2024-06-16,24.3,410
CUST10582,Adrian Henry,Texas,Master,Non-Binary,26,No,2,2021-12-14,2024-12-10,131.84,233
CUST10353,Michelle Goodwin,Ohio,PhD,Male,76,No,3,2022-06-03,2022-10-31,115.93,1004
CUST10117,Jeffrey Miles,Arizona,High School,Male,21,Yes,2,2020-09-28,2021-06-06,386.1,1516
CUST10716,John Lopez,Georgia,High School,Non-Binary,79,No,0,2020-12-29,2023-12-23,538.89,586
CUST10722,Jerry Castaneda,California,Associate,Female,29,No,1,2023-08-24,2023-08-24,153.96,707
CUST10939,Brian Carson,Georgia,PhD,Female,22,No,3,2021-07-28,2024-01-23,539.07,555
CUST10645,Scott Daniels,Ohio,Bachelor,Female,41,Yes,2,2023-05-24,2024-04-12,458.73,475
CUST10578,Robert Smith,California,Master,Male,74,No,0,2022-12-17,2024-04-01,622.03,486
CUST10226,Darren Bishop,Ohio,Associate,Male,64,Yes,1,2022-01-09,2022-03-12,1384.21,1237
CUST10611,John Walsh,New York,Master,Male,74,No,2,2021-05-15,2023-01-28,656.42,915
CUST10247,Lawrence Garcia,New York,Bachelor,Male,72,No,1,2021-12-31,2025-06-01,167.54,60
CUST10637,Emily Schneider,Florida,Associate,Non-Binary,68,No,1,2022-03-01,2022-04-16,902.93,1202
CUST10191,Dr. Katie Lamb,Ohio,High School,Non-Binary,32,Yes,2,2020-12-22,2024-01-09,389.49,569
CUST10024,Corey Shelton,Washington,Bachelor,Female,19,Yes,0,2021-12-20,2023-07-22,131.95,740
CUST10723,Ann Brown,New York,High School,Non-Binary,66,Yes,2,2024-04-20,2024-08-02,471.9,363
CUST10819,Philip Wilcox,Florida,Master,Male,39,Yes,2,2023-10-17,2024-01-27,195.35,551
CUST10741,Dr. Erica Perez,California,Master,Male,73,No,0,2022-03-19,2023-05-13,144.54,810
CUST10714,Bradley Williams,Georgia,Associate,Male,75,No,1,2023-05-10,2023-06-11,62.42,781
CUST10406,Kimberly Huynh,California,Bachelor,Male,52,Yes,4,2021-08-24,2025-03-04,32.75,149
CUST10663,Jacob Morrison,California,PhD,Male,19,Yes,1,2020-12-12,2020-12-17,1221.82,1687
CUST10367,Daniel Thompson,Illinois,High School,Male,38,No,3,2023-03-26,2024-02-25,249.68,522
CUST10935,Scott Wood MD,California,High School,Male,78,No,0,2023-02-05,2024-11-16,49.25,257
CUST10745,Robert Mosley,Washington,PhD,Female,20,No,1,2020-08-09,2025-07-06,316.9,25
CUST10073,Anthony Smith,California,High School,Female,20,Yes,0,2021-02-09,2024-08-27,368.99,338
CUST10174,Michael Velazquez,Texas,Bachelor,Non-Binary,40,No,2,2022-10-23,2025-06-04,76.06,57
CUST10285,Miranda Stone,Arizona,Associate,Female,45,No,2,2023-09-09,2024-07-31,811.28,365
CUST10506,Nicholas Hurley,Arizona,Associate,Non-Binary,78,Yes,0,2022-03-19,2024-07-18,494.18,378
CUST10706,Ronald Becker,California,PhD,Non-Binary,22,No,2,2024-03-08,2024-09-26,266.73,308
CUST10199,David Nguyen,Colorado,Associate,Female,70,Yes,1,2023-09-10,2023-11-02,101.2,637
CUST10863,Sara Tanner,Texas,Bachelor,Female,64,Yes,2,2024-03-08,2024-11-17,950.17,256
CUST10338,Charles Davis,Arizona,Master,Female,50,Yes,3,2023-07-14,2025-05-11,190.1,81
CUST10406,Kimberly Huynh,California,Bachelor,Male,52,Yes,4,2021-08-24,2024-12-18,495.21,225
CUST10292,William Jennings,Ohio,High School,Non-Binary,48,No,4,2022-04-18,2023-04-09,98.32,844
CUST10219,Karen Johns,Texas,High School,Female,28,Yes,1,2021-12-06,2021-12-15,198.42,1324
CUST10179,Michael King,California,Bachelor,Female,65,No,2,2024-07-06,2024-12-19,250.77,224
CUST10078,Elizabeth Hall,California,Master,Male,51,No,2,2024-04-24,2024-07-02,91.4,394
CUST10953,Bobby Reed,Colorado,PhD,Female,38,No,0,2021-10-19,2025-07-02,94.55,29
CUST10322,Sheila Holmes,New York,Bachelor,Female,18,Yes,0,2021-12-26,2022-01-27,256.06,1281
CUST10114,Melissa Hall,Washington,Master,Non-Binary,25,Yes,0,2022-02-13,2023-01-05,386.89,938
CUST10996,Cody Harper,New York,High School,Female,62,No,2,2022-02-02,2024-11-11,231.65,262
CUST10835,Riley Torres,New York,PhD,Non-Binary,49,Yes,1,2020-11-28,2023-12-04,128.21,605
CUST10150,Mary Keller,Arizona,Bachelor,Female,74,Yes,1,2021-04-01,2022-07-09,154.48,1118
CUST10981,Olivia Smith,Arizona,Associate,Male,25,Yes,1,2024-03-20,2025-06-16,216.65,45
CUST10736,Stephanie Miller,Washington,Master,Non-Binary,50,No,2,2023-07-26,2023-12-25,526.3,584
CUST10011,Ian Baker,Florida,Master,Non-Binary,64,No,3,2024-01-23,2025-03-26,596.34,127
CUST10204,Jacob Perkins,Colorado,Bachelor,Male,47,Yes,3,2023-04-26,2025-01-11,539.34,201
CUST10885,Cody Pierce,New York,Bachelor,Male,36,Yes,1,2023-03-28,2024-07-11,969.42,385
CUST10370,Brandi Black,California,High School,Female,42,Yes,1,2023-05-31,2025-06-07,306.68,54
CUST10895,William Baker,Arizona,High School,Female,63,Yes,1,2022-08-30,2023-03-25,353.43,859
CUST10929,John Brown,Arizona,PhD,Non-Binary,31,Yes,0,2023-08-06,2025-02-16,231.53,165
CUST10796,Sarah Larsen,Ohio,Bachelor,Female,74,Yes,1,2024-05-17,2025-05-21,338.87,71
CUST10625,Jonathan Fernandez II,Ohio,Master,Male,72,No,3,2021-10-24,2024-01-12,224.05,566
CUST10700,Robert Rodgers,Arizona,High School,Female,34,Yes,0,2024-06-13,2024-06-24,110.56,402
CUST10762,Shannon Ross,Texas,Associate,Non-Binary,75,No,4,2023-03-22,2024-01-20,300.38,558
CUST10217,Sara Patton MD,Georgia,Master,Male,49,Yes,3,2021-07-28,2022-07-08,276.27,1119
CUST10684,David Roy,Illinois,High School,Male,27,No,0,2021-09-22,2022-02-01,259.88,1276
CUST10434,Megan Hughes,Ohio,PhD,Male,24,Yes,2,2023-10-05,2024-09-08,276.83,326
CUST10746,Tonya Gross,Texas,PhD,Male,30,Yes,1,2021-09-06,2023-03-13,225.02,871
CUST10694,Lauren Williams,Ohio,PhD,Non-Binary,29,Yes,1,2023-06-18,2023-11-01,125.92,638
CUST10389,Sean Smith,California,High School,Male,59,No,0,2022-08-10,2024-11-20,584.94,253
CUST10101,Melissa Flores,Georgia,Master,Non-Binary,78,No,2,2023-01-06,2024-09-30,325.39,304
CUST10528,Mr. Gary Graham DDS,Georgia,Master,Male,35,Yes,0,2024-03-04,2024-03-04,374.93,514
CUST10274,Tracy Tate,Illinois,Master,Female,51,Yes,0,2023-07-05,2024-11-27,328.33,246
CUST10978,Kenneth Vang,Texas,Master,Non-Binary,75,No,0,2021-05-08,2025-02-10,446.96,171
CUST10936,Shannon Guzman,New York,Bachelor,Male,43,Yes,3,2020-12-05,2023-10-30,421.24,640
CUST10069,Patricia Santana,California,PhD,Male,70,No,0,2022-07-11,2025-06-21,339.95,40
CUST10845,Jennifer Khan,Washington,PhD,Female,78,Yes,1,2023-10-27,2025-06-21,227.08,40
CUST10779,Tiffany Clements,Arizona,Master,Male,71,No,1,2021-07-23,2025-06-17,836.64,44
CUST10484,Jason Richardson,Texas,PhD,Female,52,Yes,1,2022-02-06,2022-10-26,294.24,1009
CUST10660,Erin Pham,California,Master,Female,26,No,2,2024-02-11,2024-04-04,257.09,483
CUST10160,Donald Jones,Illinois,PhD,Female,74,No,0,2020-08-15,2023-11-20,414.23,619
CUST10775,Luis Huffman,Ohio,Master,Non-Binary,39,No,4,2023-09-03,2023-09-12,991.63,688
CUST10517,Jonathan Cunningham PhD,Ohio,Master,Non-Binary,54,No,2,2021-02-02,2023-08-09,389.03,722
CUST10035,Christina Lambert,Illinois,PhD,Non-Binary,25,Yes,4,2024-01-29,2025-03-25,236.09,128
CUST10767,Miranda Brown,Georgia,PhD,Non-Binary,78,No,0,2021-04-03,2021-08-27,200.64,1434
CUST10694,Lauren Williams,Ohio,PhD,Non-Binary,29,Yes,1,2023-06-18,2023-11-10,212.89,629
CUST10941,Natasha Walker,California,Associate,Non-Binary,40,Yes,1,2024-06-06,2024-12-17,165.35,226
CUST10195,Barbara Hernandez,Georgia,High School,Female,39,No,1,2023-12-23,2024-07-08,788.73,388
CUST10269,Elizabeth Salazar,Colorado,High School,Female,55,Yes,0,2021-03-17,2025-07-01,373.51,30
CUST10257,Mary Wilkins,Washington,Associate,Non-Binary,41,No,0,2022-08-01,2024-06-13,476.98,413
CUST10103,Brooke Hendricks,Texas,Master,Male,27,Yes,0,2023-08-12,2025-04-06,35.96,116
CUST10336,Garrett Sanders,Florida,Master,Non-Binary,69,No,3,2021-10-17,2025-06-01,392.54,60
CUST10185,Randy Buchanan,Texas,Associate,Female,70,No,3,2022-09-03,2023-06-21,465.06,771
CUST10309,Autumn Reed,Georgia,PhD,Male,41,Yes,3,2020-10-18,2023-09-14,457.09,686
CUST10902,Matthew Knox,Florida,High School,Male,32,Yes,0,2024-07-27,2025-05-11,210.75,81
CUST10280,Gina May,Florida,Master,Female,36,Yes,0,2024-07-23,2024-12-04,325.55,239
CUST10903,Catherine Bautista,Arizona,Bachelor,Male,59,No,0,2021-11-06,2022-05-25,458.52,1163
CUST10942,Christie Rodriguez,Washington,PhD,Female,66,No,1,2023-01-23,2023-08-03,507.35,728
CUST10751,Bonnie Buchanan,New York,Master,Male,26,No,1,2020-12-20,2021-05-09,252.81,1544
CUST10339,Denise Thompson,Colorado,Associate,Non-Binary,68,No,3,2022-05-15,2023-01-18,508.22,925
CUST10634,Jane Rocha,Ohio,Associate,Female,26,No,2,2023-03-24,2025-07-09,104.17,22
CUST10969,Victor Johnson,Texas,PhD,Non-Binary,56,Yes,4,2022-03-11,2023-02-27,674.17,885
CUST10100,Timothy Cook,Georgia,High School,Female,39,Yes,1,2024-07-28,2025-03-18,761.5,135
CUST10109,Thomas Gilbert,Florida,Master,Non-Binary,51,Yes,3,2023-03-12,2024-08-15,274.63,350
CUST10125,Erik Campbell,Arizona,PhD,Non-Binary,64,Yes,1,2022-12-31,2024-09-11,710.23,323
CUST10680,Samantha Johnson,Texas,PhD,Male,80,Yes,0,2022-10-05,2024-09-07,240.02,327
CUST10150,Mary Keller,Arizona,Bachelor,Female,74,Yes,1,2021-04-01,2024-02-26,710.08,521
CUST10421,Kimberly Matthews,California,Bachelor,Male,60,Yes,1,2021-07-17,2024-07-08,452.92,388
CUST10019,Lisa Murray,New York,Bachelor,Non-Binary,70,No,0,2023-04-16,2023-08-07,291.13,724
CUST10304,Adrian Gallagher,Washington,Master,Non-Binary,58,No,2,2023-10-30,2024-02-26,342.58,521
CUST10571,Frederick Chandler,New York,High School,Male,73,No,0,2021-07-13,2024-06-04,1581.14,422
CUST10940,Alexandria Potter,New York,High School,Male,72,Yes,3,2022-04-30,2024-06-21,491.07,405
CUST10248,Michelle Rojas,Arizona,Master,Non-Binary,65,No,4,2021-05-06,2022-11-27,235.19,977
CUST10326,Melissa Price,Texas,Bachelor,Non-Binary,65,No,2,2020-09-11,2023-10-29,258.12,641
CUST10043,Timothy Contreras,Colorado,PhD,Non-Binary,23,No,1,2023-11-08,2025-02-02,75.69,179
CUST10161,Barbara Jones,Ohio,High School,Male,54,Yes,1,2024-04-21,2024-05-13,353.59,444
CUST10877,David Vazquez,Arizona,Master,Male,26,Yes,1,2022-10-15,2023-08-01,228.0,730
CUST10116,Ellen Alexander,Colorado,High School,Male,37,Yes,1,2020-11-14,2025-05-08,139.3,84
CUST10695,Jennifer Burton,Washington,Master,Male,72,Yes,0,2024-04-05,2024-05-28,415.38,429
CUST10256,Ashley Nunez,California,Bachelor,Male,51,No,0,2021-07-13,2023-03-04,512.0,880
CUST10125,Erik Campbell,Arizona,PhD,Non-Binary,64,Yes,1,2022-12-31,2023-03-12,229.97,872
CUST10866,Evelyn Bartlett,Georgia,Bachelor,Female,31,Yes,2,2021-11-19,2024-05-12,228.68,445
CUST10742,Kayla Hunter,Colorado,Bachelor,Female,65,Yes,0,2023-11-08,2025-04-23,261.07,99
CUST10636,Shannon Gardner,Colorado,Master,Male,23,No,1,2021-10-26,2023-01-20,209.03,923
CUST10565,Matthew Stone,Washington,High School,Female,59,Yes,3,2023-01-12,2023-10-28,238.18,642
CUST10750,Cheryl Morgan,Texas,Associate,Female,20,Yes,1,2023-11-30,2025-03-22,626.73,131
CUST10263,Rodney James,Ohio,High School,Non-Binary,61,No,0,2023-11-20,2023-12-23,464.72,586
CUST10558,Andrew Rivera,Colorado,High School,Male,69,No,2,2024-06-13,2024-10-25,268.26,279
CUST10117,Jeffrey Miles,Arizona,High School,Male,21,Yes,2,2020-09-28,2025-07-11,666.34,20
CUST10387,Jamie Anderson,California,High School,Male,77,Yes,2,2021-03-25,2025-01-04,309.78,208
CUST10844,Nancy Wood,California,High School,Female,40,Yes,1,2023-04-02,2025-07-29,175.93,2
CUST10654,Austin Schultz,Colorado,Bachelor,Non-Binary,59,Yes,2,2021-03-22,2023-07-17,122.57,745
CUST10609,Joseph Wallace,Washington,Bachelor,Male,45,No,3,2020-12-28,2023-10-01,405.56,669
CUST10769,Jason Morales,California,Master,Non-Binary,48,No,1,2022-11-04,2024-01-06,471.2,572
CUST10637,Emily Schneider,Florida,Associate,Non-Binary,68,No,1,2022-03-01,2022-09-02,220.55,1063
CUST10705,Sarah Hodge,California,Bachelor,Female,25,No,2,2023-10-07,2025-01-26,149.29,186
CUST10976,Dennis Turner,California,Master,Male,30,Yes,2,2024-05-17,2025-05-25,693.49,67
CUST10564,Mary Shaw,Washington,Master,Female,41,No,0,2024-07-13,2025-01-11,94.92,201
CUST10317,Travis Hubbard,Texas,Associate,Male,74,No,1,2022-04-16,2022-11-21,348.19,983
CUST10438,Natasha Buchanan,Illinois,High School,Non-Binary,48,Yes,0,2024-01-13,2024-07-25,558.2,371
CUST10180,Julia Dennis,Washington,PhD,Non-Binary,45,No,0,2021-03-02,2023-04-03,299.2,850
CUST10771,Matthew Ochoa,Texas,High School,Female,20,No,0,2020-10-20,2021-01-11,11.2,1662
CUST10239,Paul Davis,New York,Bachelor,Female,72,Yes,1,2021-04-24,2023-11-01,121.88,638
CUST10677,Tony Johnson,Georgia,Master,Male,26,Yes,3,2022-10-29,2024-02-17,278.56,530
CUST10691,John Velasquez,Ohio,Associate,Female,66,No,0,2021-11-22,2022-09-10,1044.07,1055
CUST10406,Kimberly Huynh,California,Bachelor,Male,52,Yes,4,2021-08-24,2022-03-17,301.58,1232
CUST10726,Mary King,Arizona,High School,Female,55,No,1,2020-11-12,2025-06-07,296.25,54
CUST10184,Stephen Miller,Colorado,PhD,Male,62,Yes,0,2020-08-25,2022-08-18,701.85,1078
CUST10633,Cole Ward,Colorado,Master,Non-Binary,67,Yes,0,2023-11-04,2024-08-19,331.68,346
CUST10780,James Ellis,Ohio,PhD,Male,77,No,2,2022-04-01,2024-09-28,757.87,306
CUST10743,Tamara Miller,Georgia,Master,Male,78,Yes,1,2023-07-17,2025-06-03,284.56,58
CUST10018,Sara Wilson,Texas,High School,Non-Binary,53,No,1,2023-07-31,2024-05-02,201.07,455
CUST10413,Sarah Nelson,Georgia,Master,Male,20,Yes,1,2020-12-14,2024-01-14,91.12,564
CUST10719,Christopher Williams,Ohio,High School,Female,49,Yes,2,2023-09-14,2024-05-07,392.62,450
CUST10779,Tiffany Clements,Arizona,Master,Male,71,No,1,2021-07-23,2024-03-25,160.3,493
CUST10040,Natalie Gonzales DDS,California,Associate,Non-Binary,78,Yes,0,2021-09-20,2024-03-30,415.9,488
CUST10297,Michelle Rogers,Arizona,Master,Female,40,Yes,2,2024-07-24,2024-09-18,417.87,316
CUST10082,Chad Ramos,Georgia,High School,Non-Binary,57,No,2,2020-11-06,2020-12-14,105.74,1690
CUST10497,Elizabeth Mcbride,Washington,Associate,Male,32,No,1,2023-05-18,2024-11-25,504.78,248
CUST10176,Phyllis Mason,California,PhD,Female,38,No,3,2021-05-02,2022-03-20,139.32,1229
CUST10344,Jennifer Garcia,Washington,High School,Male,74,Yes,1,2020-11-22,2023-10-04,454.65,666
CUST10254,Dean Wright,Florida,PhD,Male,80,No,0,2021-05-30,2022-04-11,285.24,1207
CUST10672,Stephen Wright,Florida,Associate,Non-Binary,75,Yes,0,2021-05-24,2024-07-25,160.98,371
CUST10750,Cheryl Morgan,Texas,Associate,Female,20,Yes,1,2023-11-30,2024-09-08,121.62,326
CUST10753,Alison Mccarthy,Georgia,Associate,Male,56,Yes,1,2021-02-25,2021-05-30,564.0,1523
CUST10733,Jean Reed,Florida,Associate,Male,68,Yes,4,2023-07-27,2024-11-27,473.8,246
CUST10728,Barbara Baker,Florida,Associate,Male,60,Yes,1,2021-10-04,2024-12-19,279.03,224
CUST10855,Samantha Burns,Florida,Bachelor,Female,79,No,2,2020-10-18,2024-11-29,509.56,244
CUST10241,Logan Garcia,Georgia,High School,Non-Binary,69,Yes,1,2022-03-23,2024-08-12,281.95,353
CUST10011,Ian Baker,Florida,Master,Non-Binary,64,No,3,2024-01-23,2025-07-17,712.49,14
CUST10686,Dennis Kane,Washington,PhD,Female,75,No,3,2023-08-24,2025-05-24,569.39,68
CUST10371,Deborah Gibson,Washington,PhD,Female,35,No,2,2023-09-24,2024-05-13,350.6,444
CUST10087,Tina Singh,Arizona,Bachelor,Male,44,No,1,2023-10-28,2024-04-25,336.12,462
CUST10126,Charles Powers,Florida,Associate,Non-Binary,46,No,3,2022-10-12,2025-06-26,273.01,35
CUST10078,Elizabeth Hall,California,Master,Male,51,No,2,2024-04-24,2025-02-04,479.97,177
CUST10357,John Thomas,Ohio,Master,Female,63,Yes,0,2023-03-10,2025-05-14,1033.17,78
CUST10012,Andrew White,Colorado,Master,Male,49,No,3,2020-11-09,2024-10-21,289.71,283
CUST10288,David Strickland,Georgia,Master,Male,27,No,0,2022-08-13,2024-09-16,355.33,318
CUST10196,Kristin Pearson,Colorado,Master,Non-Binary,64,No,1,2022-11-30,2023-10-15,237.79,655
CUST10886,Elizabeth Brown,Washington,Bachelor,Female,79,No,0,2022-09-05,2023-05-08,59.38,815
CUST10823,Courtney Meyer,Georgia,High School,Non-Binary,35,Yes,0,2021-12-21,2022-11-10,396.96,994
CUST10621,Michelle Munoz,Georgia,Bachelor,Female,25,No,2,2024-04-11,2025-01-15,420.87,197
CUST10431,Daniel Fernandez,California,Associate,Female,36,Yes,0,2021-07-04,2023-01-10,220.97,933
CUST10739,Evelyn Buckley,Washington,Bachelor,Non-Binary,55,Yes,3,2022-05-04,2025-06-22,539.39,39
CUST10480,Anthony Brown,New York,High School,Female,77,Yes,1,2021-01-12,2023-10-09,419.41,661
CUST10974,Mr. Wesley Martin Jr.,Ohio,Bachelor,Non-Binary,68,Yes,1,2024-04-27,2024-10-18,898.92,286
CUST10983,Sean Galloway,Colorado,High School,Non-Binary,66,Yes,1,2022-02-10,2025-07-20,130.12,11
CUST10931,Cathy Brown,Florida,Bachelor,Female,21,No,0,2022-01-21,2024-07-19,435.67,377
CUST10836,Brandon Evans,Georgia,High School,Non-Binary,21,Yes,1,2023-03-18,2024-02-20,31.07,527
CUST10972,Meghan Oliver,Washington,Master,Female,41,Yes,0,2022-02-24,2023-09-08,137.07,692
CUST10920,Barbara Jackson,Arizona,Master,Female,70,No,1,2021-05-17,2021-12-21,28.92,1318
CUST10565,Matthew Stone,Washington,High School,Female,59,Yes,3,2023-01-12,2024-12-24,301.41,219
CUST10338,Charles Davis,Arizona,Master,Female,50,Yes,3,2023-07-14,2023-08-17,123.04,714
CUST10800,Michael Tate,Colorado,Associate,Male,39,Yes,0,2023-10-30,2024-05-17,103.02,440
CUST10602,William Reed,Florida,High School,Female,69,No,0,2021-05-06,2024-05-25,257.91,432
CUST10194,Frank Fletcher,Washington,High School,Non-Binary,61,No,0,2023-06-05,2024-10-08,359.64,296
CUST10910,Justin Scott,Washington,Bachelor,Male,23,Yes,1,2023-07-04,2024-12-16,558.87,227
CUST10382,Crystal Hines,Ohio,High School,Male,41,Yes,1,2022-06-10,2022-10-14,252.62,1021
CUST10351,Terri Newman,Georgia,Master,Non-Binary,51,No,1,2020-10-11,2024-01-03,318.82,575
CUST10813,Brandon Santiago,Arizona,Master,Non-Binary,42,No,0,2023-01-27,2023-11-24,253.04,615
CUST10134,Travis Barber,Ohio,Bachelor,Male,67,Yes,0,2020-11-15,2024-09-29,814.9,305
CUST10376,Cynthia Rogers,New York,High School,Male,59,Yes,1,2024-04-19,2025-05-14,287.54,78
CUST10263,Rodney James,Ohio,High School,Non-Binary,61,No,0,2023-11-20,2024-12-21,453.0,222
CUST10928,Jessica Pierce,Texas,Associate,Male,42,No,0,2022-10-21,2025-06-04,381.56,57
CUST10153,Michele Brown,Ohio,PhD,Female,70,Yes,1,2024-06-22,2024-07-14,334.43,382
CUST10835,Riley Torres,New York,PhD,Non-Binary,49,Yes,1,2020-11-28,2020-12-29,279.67,1675
CUST10756,Melissa Roberts,Illinois,PhD,Male,24,No,2,2024-03-30,2025-01-18,397.72,194
CUST10500,Sandra Matthews,Ohio,Master,Non-Binary,72,Yes,2,2023-01-20,2024-09-20,423.17,314
CUST10794,Whitney Nichols,Georgia,Bachelor,Female,43,No,1,2021-03-07,2023-07-05,433.91,757
CUST10288,David Strickland,Georgia,Master,Male,27,No,0,2022-08-13,2024-03-18,306.48,500
CUST10982,Annette Martin,New York,Master,Female,66,Yes,4,2021-05-12,2024-12-21,507.8,222
CUST10020,Christopher Sparks,Florida,Bachelor,Female,31,No,0,2023-09-19,2023-11-23,156.65,616
CUST10230,Ricky Skinner,Arizona,PhD,Male,40,Yes,1,2023-05-18,2024-11-07,171.5,266
CUST10484,Jason Richardson,Texas,PhD,Female,52,Yes,1,2022-02-06,2022-06-17,391.54,1140
CUST10486,James Wells,Georgia,Master,Female,21,Yes,4,2023-11-20,2025-07-22,455.68,9
CUST10401,Jason Miller DDS,Texas,Bachelor,Male,37,No,2,2024-07-08,2025-01-13,348.64,199
CUST10502,Hannah Turner,Colorado,Bachelor,Male,30,No,4,2022-04-30,2023-03-25,419.16,859
CUST10105,Shelley King,Colorado,Bachelor,Male,65,No,2,2022-06-22,2023-01-18,483.84,925
CUST10819,Philip Wilcox,Florida,Master,Male,39,Yes,2,2023-10-17,2024-12-30,121.73,213
CUST10425,Scott Thompson,Washington,High School,Female,53,No,1,2021-06-20,2022-04-26,251.16,1192
CUST10732,David Cooper,Illinois,High School,Male,41,Yes,0,2023-04-30,2024-11-09,201.71,264
CUST10897,Richard Becker,Washington,High School,Male,27,Yes,4,2022-04-22,2025-02-14,286.76,167
CUST10620,Jesse Pratt,Texas,Master,Male,64,No,0,2023-04-13,2025-04-16,467.43,106
CUST10679,Ann Rose,Arizona,Associate,Male,54,Yes,0,2022-10-04,2025-07-23,474.89,8
CUST10116,Ellen Alexander,Colorado,High School,Male,37,Yes,1,2020-11-14,2022-06-21,175.69,1136
CUST10779,Tiffany Clements,Arizona,Master,Male,71,No,1,2021-07-23,2022-11-25,236.81,979
CUST10558,Andrew Rivera,Colorado,High School,Male,69,No,2,2024-06-13,2024-12-20,717.72,223
CUST10838,Derek Salinas,Ohio,Associate,Non-Binary,62,Yes,1,2021-12-06,2024-07-20,482.51,376
CUST10952,Courtney Jimenez,California,Associate,Non-Binary,76,No,4,2024-05-30,2024-11-22,343.61,251
CUST10492,Frank Wyatt,New York,PhD,Non-Binary,55,No,3,2022-11-21,2024-11-18,251.13,255
CUST10311,Dennis Moss,Ohio,Bachelor,Female,53,Yes,2,2023-06-15,2025-02-16,657.69,165
CUST10245,Jennifer Luna,Georgia,Bachelor,Male,42,Yes,4,2021-07-18,2022-12-11,208.24,963
CUST10180,Julia Dennis,Washington,PhD,Non-Binary,45,No,0,2021-03-02,2021-10-17,114.4,1383
CUST10042,William Weeks,Arizona,Associate,Male,25,Yes,1,2020-10-28,2021-05-28,549.66,1525
CUST10960,Michael Stephenson,Ohio,PhD,Female,49,Yes,2,2022-04-26,2024-09-25,678.84,309
CUST10584,Jennifer Bryan,Ohio,PhD,Male,62,No,1,2021-11-06,2025-01-08,715.34,204
CUST10485,Jessica Reid,Florida,Associate,Non-Binary,68,No,1,2022-05-09,2024-12-03,251.48,240
CUST10193,Willie Riley,Texas,PhD,Non-Binary,46,Yes,1,2023-08-19,2024-11-25,189.91,248
CUST10021,Kimberly Hester,Ohio,Associate,Male,35,Yes,0,2021-03-03,2023-02-19,199.68,893
CUST10108,Luke Mason,Florida,Bachelor,Non-Binary,64,Yes,1,2023-10-04,2024-04-24,298.07,463
CUST10679,Ann Rose,Arizona,Associate,Male,54,Yes,0,2022-10-04,2023-09-14,715.78,686
CUST10904,Katie Riggs,Georgia,Associate,Non-Binary,76,No,1,2023-10-23,2023-11-25,704.66,614
CUST10633,Cole Ward,Colorado,Master,Non-Binary,67,Yes,0,2023-11-04,2024-02-24,398.15,523
CUST10456,Ronald Myers,Arizona,Associate,Non-Binary,39,Yes,2,2021-09-29,2022-12-15,338.31,959
CUST10513,Jacob Hamilton,Arizona,Bachelor,Non-Binary,73,No,2,2023-04-26,2024-01-07,654.98,571
CUST10539,Richard Price,Texas,Associate,Female,19,Yes,2,2021-01-04,2025-01-09,573.9,203
CUST10511,Tiffany Hayes,Colorado,Associate,Non-Binary,34,No,0,2022-04-26,2024-03-03,93.23,515
CUST10429,Steven Simmons,Florida,PhD,Male,71,Yes,1,2021-03-24,2023-06-29,228.3,763
CUST10338,Charles Davis,Arizona,Master,Female,50,Yes,3,2023-07-14,2024-12-24,392.36,219
CUST10257,Mary Wilkins,Washington,Associate,Non-Binary,41,No,0,2022-08-01,2024-11-29,697.63,244
CUST10091,Sherry Whitney,Florida,PhD,Male,75,Yes,1,2022-12-05,2025-03-28,113.39,125
CUST10756,Melissa Roberts,Illinois,PhD,Male,24,No,2,2024-03-30,2025-02-14,415.08,167
CUST10915,Robert Jones,New York,High School,Female,61,No,2,2022-08-05,2023-09-13,49.76,687
CUST10149,Kayla Ortiz,Washington,PhD,Non-Binary,73,No,2,2022-11-09,2024-05-24,115.49,433
CUST10454,Kimberly Flores,Florida,PhD,Male,46,Yes,0,2023-11-02,2024-04-22,661.58,465
CUST10361,Tammy Lawrence,Washington,Master,Male,48,No,4,2024-05-27,2024-12-28,688.79,215
CUST10286,Nicole Porter DVM,New York,Master,Male,46,Yes,0,2024-02-09,2024-10-05,253.06,299
CUST10582,Adrian Henry,Texas,Master,Non-Binary,26,No,2,2021-12-14,2022-07-09,445.08,1118
CUST10969,Victor Johnson,Texas,PhD,Non-Binary,56,Yes,4,2022-03-11,2023-05-05,124.27,818
CUST10246,Michael Wilson,New York,High School,Non-Binary,78,No,1,2023-12-29,2025-02-21,734.66,160
CUST10250,Alicia Higgins,Texas,Master,Female,74,Yes,1,2023-10-15,2024-10-20,509.5,284
CUST10494,Christopher Golden,Texas,PhD,Male,35,No,2,2020-11-19,2020-11-20,536.57,1714
CUST10327,Collin Terrell,Ohio,Master,Male,65,No,2,2023-12-07,2024-11-04,189.18,269
CUST10586,Robert Peck,California,PhD,Female,68,No,2,2021-09-03,2023-03-06,365.83,878
CUST10434,Megan Hughes,Ohio,PhD,Male,24,Yes,2,2023-10-05,2024-05-25,198.67,432
CUST10007,Lori Murphy,Georgia,Associate,Female,22,No,2,2024-03-25,2025-06-08,36.03,53
CUST10605,Cynthia Schroeder,Ohio,PhD,Non-Binary,33,No,4,2021-11-28,2025-04-03,276.92,119
CUST10034,Grant Wood,Illinois,PhD,Male,49,Yes,0,2022-06-24,2024-11-21,160.4,252
CUST10030,Matthew Tran,New York,Master,Male,47,No,2,2022-11-08,2025-07-10,123.68,21
CUST10719,Christopher Williams,Ohio,High School,Female,49,Yes,2,2023-09-14,2023-10-27,69.35,643
CUST10280,Gina May,Florida,Master,Female,36,Yes,0,2024-07-23,2024-12-12,765.1,231
CUST10351,Terri Newman,Georgia,Master,Non-Binary,51,No,1,2020-10-11,2021-06-01,796.03,1521
CUST10229,Andrea Roberts,Illinois,High School,Male,76,No,1,2022-02-01,2024-11-07,209.44,266
CUST10604,Bethany Sanders,Colorado,Associate,Female,38,Yes,2,2023-08-20,2024-05-27,103.37,430
CUST10755,Alexander Martinez,Texas,Bachelor,Non-Binary,23,Yes,1,2022-04-15,2024-01-02,880.93,576
CUST10089,Alexandria Scott,Colorado,Bachelor,Male,21,Yes,2,2023-08-16,2023-09-08,273.01,692
CUST10562,Dustin Bell,Florida,High School,Male,19,Yes,1,2024-04-12,2024-10-29,248.32,275
CUST10285,Miranda Stone,Arizona,Associate,Female,45,No,2,2023-09-09,2024-06-05,162.94,421
CUST10094,Dr. Clinton Lopez,Colorado,Bachelor,Female,54,No,2,2022-09-13,2023-07-31,446.99,731
CUST10212,Joseph Williams,Arizona,Associate,Female,39,No,1,2021-03-13,2021-08-20,143.6,1441
CUST10436,Sean Santos,Georgia,Bachelor,Non-Binary,68,Yes,2,2021-12-19,2025-02-27,508.65,154
CUST10097,Frank Moore,Ohio,Associate,Male,80,No,0,2021-07-22,2023-08-07,222.44,724
CUST10657,David Woods,Georgia,Associate,Non-Binary,76,No,0,2023-08-27,2025-06-05,191.32,56
CUST10569,Brandon Castro,Illinois,Master,Non-Binary,35,Yes,2,2022-06-29,2022-07-17,52.48,1110
CUST10187,Craig Eaton,New York,Master,Non-Binary,66,Yes,0,2022-11-24,2023-09-24,198.42,676
CUST10066,Richard Walker,California,Bachelor,Non-Binary,71,Yes,0,2022-10-24,2023-02-28,427.63,884
CUST10098,Madeline Gamble,Washington,Bachelor,Male,40,Yes,2,2024-04-01,2025-07-24,609.71,7
CUST10681,Linda Wilson,New York,High School,Non-Binary,80,Yes,2,2022-05-05,2023-12-18,239.55,591
CUST10330,Jeffrey Wells,Georgia,Bachelor,Male,63,Yes,1,2023-09-08,2024-06-16,576.55,410
CUST10474,John Graham,Washington,Bachelor,Female,73,No,2,2023-02-06,2024-02-28,180.6,519
CUST10265,Richard Sims,Arizona,Master,Male,50,No,4,2022-12-08,2025-01-15,142.99,197
CUST10106,Kenneth Martinez Jr.,Arizona,High School,Male,73,No,1,2024-05-29,2024-11-11,721.42,262
CUST10392,Philip Moore,Illinois,Bachelor,Male,37,No,0,2021-01-13,2021-12-01,323.55,1338
CUST10783,Patrick Douglas,Colorado,Master,Male,76,No,1,2022-01-04,2022-06-12,44.35,1145
CUST10219,Karen Johns,Texas,High School,Female,28,Yes,1,2021-12-06,2023-11-12,462.17,627
CUST10113,Sean Mathews,Arizona,Associate,Non-Binary,65,No,1,2023-07-17,2024-12-27,88.46,216
CUST10425,Scott Thompson,Washington,High School,Female,53,No,1,2021-06-20,2025-04-22,159.84,100
CUST10238,Ruben Hendricks,Texas,Master,Male,52,No,1,2024-06-07,2025-05-10,486.45,82
CUST10654,Austin Schultz,Colorado,Bachelor,Non-Binary,59,Yes,2,2021-03-22,2022-10-27,530.85,1008
CUST10843,Matthew Thompson,Ohio,High School,Non-Binary,56,No,2,2024-03-28,2025-06-07,157.2,54
CUST10116,Ellen Alexander,Colorado,High School,Male,37,Yes,1,2020-11-14,2023-03-26,270.53,858
CUST10874,Shannon Clayton,Arizona,PhD,Female,53,No,2,2022-09-11,2025-01-04,552.77,208
CUST10933,Jonathan Lewis,Texas,Associate,Male,37,Yes,3,2022-02-16,2023-05-25,501.22,798
CUST10662,Pamela Mckinney,Colorado,High School,Non-Binary,20,Yes,2,2024-02-10,2025-05-12,595.66,80
CUST10893,Jeff Miller,California,High School,Male,26,Yes,3,2022-09-11,2023-09-12,130.14,688
CUST10556,Ashley Roberts,California,Associate,Non-Binary,50,No,4,2023-01-22,2025-01-02,219.94,210
CUST10017,Kenneth Ferguson,Florida,High School,Male,74,No,1,2023-07-25,2025-01-17,218.51,195
CUST10089,Alexandria Scott,Colorado,Bachelor,Male,21,Yes,2,2023-08-16,2024-01-10,518.54,568
CUST10742,Kayla Hunter,Colorado,Bachelor,Female,65,Yes,0,2023-11-08,2024-06-08,10.67,418
CUST10340,Elizabeth Phillips,California,Bachelor,Non-Binary,80,No,0,2020-08-30,2021-07-08,782.58,1484
CUST10458,Jennifer Cook,California,Associate,Female,36,No,0,2022-08-07,2024-05-26,425.7,431
CUST10451,Dominique Hughes,New York,High School,Female,26,No,2,2024-03-27,2025-01-03,480.6,209
CUST10563,Jim Johnson PhD,Illinois,Associate,Male,44,No,2,2021-12-27,2022-03-09,249.18,1240
CUST10156,Daniel Mullins,Arizona,PhD,Non-Binary,63,No,0,2021-08-20,2024-06-13,261.46,413
CUST10789,Chelsea Jenkins,Florida,PhD,Female,30,No,1,2022-12-11,2024-12-12,122.89,231
CUST10043,Timothy Contreras,Colorado,PhD,Non-Binary,23,No,1,2023-11-08,2024-05-05,617.6,452
CUST10074,James Garcia DDS,Florida,Master,Male,58,Yes,1,2022-05-14,2022-07-07,362.29,1120
CUST10515,Brian White,Florida,Master,Female,32,Yes,0,2023-10-10,2024-01-03,173.97,575
CUST10930,Anthony Neal,Texas,High School,Non-Binary,64,Yes,0,2023-03-24,2023-12-17,310.22,592
CUST10026,Joseph Mcbride,Washington,High School,Male,27,Yes,0,2021-12-07,2024-05-12,547.65,445
CUST10313,Jamie Harrison,Georgia,PhD,Female,33,Yes,1,2021-04-12,2024-07-05,180.96,391
CUST10694,Lauren Williams,Ohio,PhD,Non-Binary,29,Yes,1,2023-06-18,2023-11-16,261.01,623
CUST10714,Bradley Williams,Georgia,Associate,Male,75,No,1,2023-05-10,2024-12-18,503.46,225
CUST10495,Andrew Hogan,Florida,High School,Non-Binary,49,No,3,2022-03-10,2023-05-29,557.19,794
CUST10586,Robert Peck,California,PhD,Female,68,No,2,2021-09-03,2024-12-03,18.19,240
CUST10574,David Jensen,New York,Bachelor,Non-Binary,51,No,4,2021-05-11,2021-08-05,109.37,1456
CUST10388,Ronald Ramirez,Illinois,High School,Male,50,No,2,2022-05-24,2025-04-08,279.58,114
CUST10064,Chris Martin,Georgia,Associate,Male,53,Yes,3,2022-06-12,2025-02-21,786.65,160
CUST10339,Denise Thompson,Colorado,Associate,Non-Binary,68,No,3,2022-05-15,2024-12-06,409.67,237
CUST10207,Audrey Jones,Washington,High School,Non-Binary,60,No,1,2020-12-26,2021-01-08,336.02,1665
CUST10538,Lindsay Jones,Arizona,PhD,Male,23,Yes,0,2021-03-19,2023-01-15,342.4,928
CUST10458,Jennifer Cook,California,Associate,Female,36,No,0,2022-08-07,2024-06-27,602.92,399
CUST10529,David Flores,Ohio,Associate,Female,64,No,3,2024-02-03,2025-07-30,84.8,1
CUST10155,Gavin Olson,Ohio,Associate,Non-Binary,50,No,1,2021-02-05,2024-05-31,255.05,426
CUST10106,Kenneth Martinez Jr.,Arizona,High School,Male,73,No,1,2024-05-29,2025-02-17,318.8,164
CUST10978,Kenneth Vang,Texas,Master,Non-Binary,75,No,0,2021-05-08,2021-05-24,194.68,1529
CUST10227,William Mclean,California,PhD,Female,64,Yes,0,2023-12-20,2025-01-19,328.89,193
CUST10377,Kenneth Bird,Illinois,PhD,Male,69,Yes,0,2023-06-23,2025-07-04,374.27,27
CUST10005,Cynthia Moody,Texas,Master,Female,37,Yes,0,2022-05-17,2022-10-12,383.48,1023
CUST10894,Jared Williamson,California,PhD,Non-Binary,60,No,1,2023-07-18,2024-04-17,128.03,470
CUST10566,Renee Reed,Florida,Associate,Female,54,No,1,2023-09-18,2024-01-13,466.27,565
CUST10010,Joseph Reed,Florida,High School,Female,29,No,0,2020-09-01,2022-01-09,283.26,1299
CUST10381,Jeffrey Cook,Arizona,Master,Female,21,No,1,2021-06-16,2023-05-14,247.67,809
CUST10975,Max Carson,Ohio,Master,Male,34,No,0,2021-03-10,2021-05-24,486.91,1529
CUST10083,Marc Olson,Florida,Associate,Non-Binary,73,No,2,2022-11-17,2023-03-07,136.01,877
CUST10596,Gary James,Georgia,Associate,Non-Binary,39,Yes,1,2024-03-12,2024-05-08,809.56,449
CUST10412,James Gonzalez,California,PhD,Male,33,No,0,2024-05-06,2024-07-15,160.61,381
CUST10090,Cameron Bowen,Arizona,Master,Female,32,No,2,2022-10-29,2025-01-17,66.75,195
CUST10220,Elizabeth Monroe,Illinois,PhD,Female,61,Yes,3,2023-04-26,2024-10-05,187.32,299
CUST10405,Kimberly Quinn,Arizona,Bachelor,Male,25,Yes,0,2022-04-13,2023-10-19,1030.38,651
CUST10886,Elizabeth Brown,Washington,Bachelor,Female,79,No,0,2022-09-05,2023-12-19,131.02,590
CUST10723,Ann Brown,New York,High School,Non-Binary,66,Yes,2,2024-04-20,2024-10-28,209.79,276
CUST10893,Jeff Miller,California,High School,Male,26,Yes,3,2022-09-11,2024-04-05,440.36,482
CUST10135,Deanna Payne,Ohio,Associate,Female,51,Yes,0,2023-11-11,2025-03-02,268.09,151
CUST10759,Christine Adkins,New York,Bachelor,Non-Binary,40,No,0,2024-01-28,2024-07-26,75.66,370
CUST10708,Amber Boyer,Texas,Associate,Female,67,No,1,2021-07-09,2021-10-24,380.65,1376
CUST10468,Parker Lewis,Texas,PhD,Female,40,No,1,2021-07-23,2021-08-19,63.95,1442
CUST10005,Cynthia Moody,Texas,Master,Female,37,Yes,0,2022-05-17,2023-09-15,295.4,685
CUST10578,Robert Smith,California,Master,Male,74,No,0,2022-12-17,2023-09-25,254.32,675
CUST10178,Ryan Diaz,Florida,Master,Female,18,Yes,3,2021-07-03,2021-09-15,209.24,1415
CUST10448,Charles Waters,Arizona,Bachelor,Non-Binary,43,No,2,2024-04-26,2025-05-12,1462.08,80
CUST10866,Evelyn Bartlett,Georgia,Bachelor,Female,31,Yes,2,2021-11-19,2022-06-07,1257.57,1150
CUST10867,Alexander Koch,Georgia,Bachelor,Male,53,No,4,2022-12-10,2024-05-31,440.41,426
CUST10865,Patrick Peters,Ohio,Master,Non-Binary,49,No,0,2022-10-01,2024-12-26,207.01,217
CUST10534,Matthew Smith,Texas,Associate,Female,76,No,1,2024-03-23,2024-04-15,447.67,472
CUST10113,Sean Mathews,Arizona,Associate,Non-Binary,65,No,1,2023-07-17,2023-08-20,418.61,711
CUST10361,Tammy Lawrence,Washington,Master,Male,48,No,4,2024-05-27,2024-12-21,116.85,222
CUST10502,Hannah Turner,Colorado,Bachelor,Male,30,No,4,2022-04-30,2023-04-18,216.81,835
CUST10226,Darren Bishop,Ohio,Associate,Male,64,Yes,1,2022-01-09,2023-06-29,100.73,763
CUST10912,Diana Clark,Florida,High School,Non-Binary,46,Yes,1,2024-03-23,2024-11-13,76.97,260
CUST10040,Natalie Gonzales DDS,California,Associate,Non-Binary,78,Yes,0,2021-09-20,2021-11-27,177.18,1342
CUST10948,Patricia Koch,Texas,PhD,Male,28,Yes,2,2021-01-07,2021-10-20,218.59,1380
CUST10055,Bethany Keller,Georgia,Associate,Female,43,Yes,3,2024-06-08,2024-10-21,125.86,283
CUST10411,Whitney Lucas,Colorado,Associate,Non-Binary,39,No,2,2022-09-04,2023-01-18,499.87,925
CUST10115,Jon Chang,Arizona,Associate,Male,62,Yes,0,2023-04-13,2023-04-17,380.87,836
CUST10569,Brandon Castro,Illinois,Master,Non-Binary,35,Yes,2,2022-06-29,2025-03-18,211.62,135
CUST10774,Brad Guzman,Texas,Associate,Female,43,Yes,2,2021-05-15,2025-03-05,408.87,148
CUST10343,Laura Atkins,Arizona,Bachelor,Non-Binary,52,Yes,1,2023-05-26,2024-03-09,481.0,509
CUST10227,William Mclean,California,PhD,Female,64,Yes,0,2023-12-20,2024-08-09,167.21,356
CUST10912,Diana Clark,Florida,High School,Non-Binary,46,Yes,1,2024-03-23,2024-10-29,369.95,275
CUST10959,Angela Huber,Arizona,PhD,Non-Binary,70,No,0,2021-10-14,2024-12-05,94.17,238
CUST10917,Beth Henry,Illinois,Bachelor,Female,51,No,1,2024-01-02,2024-10-25,58.48,279
CUST10908,Adam Ellison,Washington,High School,Female,77,Yes,1,2021-07-12,2025-01-21,196.9,191
CUST10940,Alexandria Potter,New York,High School,Male,72,Yes,3,2022-04-30,2024-04-25,388.87,462
CUST10953,Bobby Reed,Colorado,PhD,Female,38,No,0,2021-10-19,2022-08-19,294.48,1077
CUST10629,Vanessa Mcmahon,Florida,Bachelor,Male,58,No,1,2023-06-27,2025-03-06,173.03,147
CUST10966,Lauren Taylor,New York,Associate,Non-Binary,30,No,2,2023-12-14,2024-09-04,44.73,330
CUST10381,Jeffrey Cook,Arizona,Master,Female,21,No,1,2021-06-16,2023-07-03,162.17,759
CUST10108,Luke Mason,Florida,Bachelor,Non-Binary,64,Yes,1,2023-10-04,2023-12-02,274.8,607
CUST10296,Felicia Ward,New York,High School,Male,71,Yes,4,2022-09-20,2024-04-09,321.35,478
CUST10031,Albert Anderson,New York,High School,Non-Binary,39,No,1,2022-01-17,2022-10-22,363.25,1013
CUST10957,Stephanie Mills,Colorado,Associate,Non-Binary,73,Yes,1,2023-06-02,2025-07-03,71.39,28
CUST10440,Linda Merritt,Colorado,Master,Non-Binary,40,Yes,1,2022-04-19,2023-03-02,338.81,882
CUST10471,Brian Mullins,Arizona,PhD,Female,77,Yes,1,2020-09-18,2022-06-24,561.23,1133
CUST10486,James Wells,Georgia,Master,Female,21,Yes,4,2023-11-20,2024-08-07,432.46,358
CUST10686,Dennis Kane,Washington,PhD,Female,75,No,3,2023-08-24,2025-01-04,424.23,208
CUST10969,Victor Johnson,Texas,PhD,Non-Binary,56,Yes,4,2022-03-11,2022-12-01,120.0,973
CUST10959,Angela Huber,Arizona,PhD,Non-Binary,70,No,0,2021-10-14,2022-03-05,417.47,1244
CUST10838,Derek Salinas,Ohio,Associate,Non-Binary,62,Yes,1,2021-12-06,2024-07-20,722.65,376
CUST10087,Tina Singh,Arizona,Bachelor,Male,44,No,1,2023-10-28,2025-02-06,116.24,175
CUST10938,John Price,California,PhD,Male,44,No,2,2020-08-31,2024-10-03,193.34,301
CUST10560,April Richardson,Florida,Master,Female,28,No,0,2021-09-12,2025-03-30,256.96,123
CUST10395,Mary Mcneil,Ohio,Bachelor,Male,33,No,0,2022-08-06,2025-03-22,298.51,131
CUST10247,Lawrence Garcia,New York,Bachelor,Male,72,No,1,2021-12-31,2023-03-23,244.8,861
CUST10278,Brenda Conway,Arizona,Bachelor,Non-Binary,55,Yes,1,2022-12-16,2023-11-08,137.19,631
CUST10587,John Clark,New York,Master,Female,53,Yes,3,2022-04-05,2024-10-05,110.92,299
CUST10642,Alyssa King,Colorado,Associate,Female,71,Yes,3,2023-01-04,2023-01-18,412.63,925
CUST10453,Christian Villanueva,California,Master,Non-Binary,33,No,2,2023-02-23,2024-02-17,428.8,530
CUST10628,Joseph Mcbride,Ohio,Master,Non-Binary,66,Yes,3,2024-01-27,2024-03-25,158.5,493
CUST10193,Willie Riley,Texas,PhD,Non-Binary,46,Yes,1,2023-08-19,2024-12-01,168.38,242
CUST10334,Luis Davies,Arizona,Bachelor,Non-Binary,68,No,1,2024-06-26,2025-06-24,240.52,37
CUST10664,Kathleen Bailey,California,High School,Male,25,No,2,2022-12-06,2024-04-04,1685.46,483
CUST10914,Austin Sweeney,Ohio,Master,Non-Binary,56,Yes,2,2020-09-22,2022-09-29,691.15,1036
CUST10842,Jordan Wilson,New York,Bachelor,Male,77,No,1,2024-06-05,2024-08-12,214.92,353
CUST10795,Jamie Gardner,Washington,Associate,Female,47,No,1,2020-11-12,2023-10-01,323.67,669
CUST10431,Daniel Fernandez,California,Associate,Female,36,Yes,0,2021-07-04,2024-06-15,724.99,411
CUST10027,Douglas Rowland,Texas,Bachelor,Male,46,Yes,2,2021-04-29,2024-01-02,573.19,576
CUST10482,Mark Clark,Arizona,Bachelor,Male,39,No,1,2020-08-15,2024-03-05,245.95,513
CUST10167,Grant Gonzales,Ohio,Bachelor,Female,53,Yes,2,2023-02-25,2024-02-16,316.22,531
CUST10219,Karen Johns,Texas,High School,Female,28,Yes,1,2021-12-06,2025-05-23,706.79,69
CUST10116,Ellen Alexander,Colorado,High School,Male,37,Yes,1,2020-11-14,2021-07-28,420.03,1464
CUST10303,Antonio Sanchez,Colorado,Associate,Male,26,Yes,2,2022-11-07,2023-11-17,318.26,622
CUST10107,Shelley Mcdowell,Florida,High School,Male,61,No,0,2020-08-17,2025-06-09,665.91,52
CUST10299,Nancy Wu,Arizona,Master,Female,72,No,2,2021-05-09,2021-07-26,183.67,1466
CUST10855,Samantha Burns,Florida,Bachelor,Female,79,No,2,2020-10-18,2021-01-24,190.92,1649
CUST10633,Cole Ward,Colorado,Master,Non-Binary,67,Yes,0,2023-11-04,2025-07-01,370.89,30
CUST10677,Tony Johnson,Georgia,Master,Male,26,Yes,3,2022-10-29,2024-04-22,381.07,465
CUST10813,Brandon Santiago,Arizona,Master,Non-Binary,42,No,0,2023-01-27,2024-07-30,500.18,366
CUST10981,Olivia Smith,Arizona,Associate,Male,25,Yes,1,2024-03-20,2025-04-30,193.25,92
CUST10870,Joshua Anthony,Illinois,Master,Non-Binary,33,Yes,0,2023-03-17,2024-06-24,393.77,402
CUST10845,Jennifer Khan,Washington,PhD,Female,78,Yes,1,2023-10-27,2023-11-21,249.3,618
CUST10447,Emily Conner,Florida,High School,Male,76,No,2,2022-06-14,2024-09-20,441.14,314
CUST10758,Nicolas Cruz,Illinois,Master,Male,66,No,1,2022-02-25,2023-07-27,193.34,735
CUST10841,Stephen Cooke,Texas,PhD,Female,55,Yes,2,2022-05-25,2024-07-06,539.48,390
CUST10733,Jean Reed,Florida,Associate,Male,68,Yes,4,2023-07-27,2024-03-13,343.37,505
CUST10522,Sean Williams,New York,Associate,Non-Binary,73,No,1,2023-07-21,2023-08-16,153.31,715
CUST10773,Leslie Park PhD,Colorado,PhD,Female,41,No,2,2023-09-26,2023-11-12,382.65,627
CUST10308,John Bell,Georgia,Master,Female,69,No,1,2020-08-03,2025-01-20,375.57,192
CUST10294,Connor Young,New York,High School,Male,66,Yes,1,2021-06-01,2022-09-28,432.23,1037
CUST10705,Sarah Hodge,California,Bachelor,Female,25,No,2,2023-10-07,2025-03-17,233.64,136
CUST10958,Brandon Moore,Ohio,Associate,Female,31,No,3,2022-05-19,2023-08-13,222.68,718
CUST10216,Kimberly Parker,Arizona,Associate,Non-Binary,41,Yes,2,2022-11-27,2023-05-02,361.83,821
CUST10528,Mr. Gary Graham DDS,Georgia,Master,Male,35,Yes,0,2024-03-04,2024-08-17,733.99,348
CUST10827,Christopher Daniels,Illinois,PhD,Male,64,Yes,1,2021-07-18,2025-01-14,337.26,198
CUST10467,Kaitlyn Hudson,New York,PhD,Female,55,No,2,2022-07-11,2023-08-14,454.94,717
CUST10237,Tracy Salazar,California,PhD,Male,58,No,4,2022-06-30,2022-12-25,191.81,949
CUST10198,Joseph Wilson,Florida,Associate,Male,38,No,0,2020-10-06,2024-08-20,274.5,345
CUST10326,Melissa Price,Texas,Bachelor,Non-Binary,65,No,2,2020-09-11,2021-03-08,94.0,1606
CUST10484,Jason Richardson,Texas,PhD,Female,52,Yes,1,2022-02-06,2024-12-10,376.15,233
CUST10843,Matthew Thompson,Ohio,High School,Non-Binary,56,No,2,2024-03-28,2024-09-11,472.85,323
CUST10379,Angela Johnson,Georgia,Associate,Female,44,Yes,0,2023-03-29,2023-09-10,245.54,690
CUST10076,Roberto Lewis,Colorado,Bachelor,Female,79,No,1,2023-02-11,2023-11-06,390.08,633
CUST10539,Richard Price,Texas,Associate,Female,19,Yes,2,2021-01-04,2025-02-28,289.38,153
CUST10122,Brandy Robertson,Florida,PhD,Female,76,No,2,2021-09-19,2023-10-22,328.32,648
CUST10424,John Anderson,Washington,Associate,Non-Binary,18,No,0,2024-04-24,2024-11-02,1172.75,271
CUST10449,John Lloyd,Arizona,Master,Non-Binary,31,Yes,0,2022-07-03,2022-07-23,535.96,1104
CUST10651,Joanna Sullivan,Georgia,Master,Female,61,No,1,2022-03-08,2023-09-02,722.21,698
CUST10553,Matthew Levy,Ohio,Master,Male,28,No,2,2022-12-02,2023-07-15,451.04,747
CUST10675,Benjamin Daniel,Washington,Bachelor,Non-Binary,19,No,0,2022-10-13,2025-03-24,245.56,129
CUST10416,Robin Baker,California,Associate,Female,40,Yes,1,2023-07-10,2025-03-13,248.26,140
CUST10862,James Blake,Texas,Associate,Non-Binary,26,No,0,2021-03-20,2023-12-12,299.15,597
CUST10930,Anthony Neal,Texas,High School,Non-Binary,64,Yes,0,2023-03-24,2025-04-18,23.94,104
CUST10744,Robert Kelly,Florida,Associate,Non-Binary,78,Yes,2,2023-09-24,2024-12-23,739.18,220
CUST10017,Kenneth Ferguson,Florida,High School,Male,74,No,1,2023-07-25,2024-07-28,405.49,368
CUST10277,Jason Terry,Washington,Master,Male,60,Yes,0,2020-11-08,2024-01-16,180.98,562
CUST10799,Dwayne Harper,Arizona,PhD,Female,19,Yes,2,2022-06-02,2025-01-08,605.68,204
CUST10860,Evelyn Li,Colorado,Master,Non-Binary,45,Yes,2,2022-07-18,2025-02-09,600.49,172
CUST10021,Kimberly Hester,Ohio,Associate,Male,35,Yes,0,2021-03-03,2025-07-08,285.36,23
CUST10107,Shelley Mcdowell,Florida,High School,Male,61,No,0,2020-08-17,2023-07-29,248.79,733
CUST10861,Angela Johnson,California,High School,Non-Binary,32,No,0,2023-11-16,2024-02-23,153.59,524
CUST10301,Chloe Morrison,Florida,Master,Female,23,Yes,3,2021-06-18,2025-07-06,155.89,25
CUST10784,Connie Page,Georgia,High School,Female,51,No,0,2023-10-30,2024-08-14,436.75,351
CUST10430,Sandra King,Texas,Bachelor,Non-Binary,46,No,0,2021-10-24,2022-05-22,573.58,1166
CUST10011,Ian Baker,Florida,Master,Non-Binary,64,No,3,2024-01-23,2025-06-11,233.45,50
CUST10734,Christine Baker,Ohio,Associate,Female,34,Yes,3,2022-08-05,2025-03-09,49.4,144
CUST10716,John Lopez,Georgia,High School,Non-Binary,79,No,0,2020-12-29,2023-05-08,94.66,815
CUST10719,Christopher Williams,Ohio,High School,Female,49,Yes,2,2023-09-14,2025-07-25,469.36,6
CUST10161,Barbara Jones,Ohio,High School,Male,54,Yes,1,2024-04-21,2024-12-31,281.12,212
CUST10533,Sara Mccullough,Washington,Master,Male,28,Yes,3,2020-08-27,2023-02-04,268.47,908
CUST10021,Kimberly Hester,Ohio,Associate,Male,35,Yes,0,2021-03-03,2021-12-28,429.74,1311
CUST10828,Dr. Malik Zamora,Illinois,High School,Male,64,No,4,2021-06-25,2024-08-11,145.77,354
CUST10862,James Blake,Texas,Associate,Non-Binary,26,No,0,2021-03-20,2022-01-09,42.85,1299
CUST10014,Matthew Alvarez,Texas,High School,Non-Binary,40,No,2,2022-09-12,2025-07-19,188.54,12
CUST10959,Angela Huber,Arizona,PhD,Non-Binary,70,No,0,2021-10-14,2023-11-15,90.81,624
CUST10641,Joshua Mccormick,Texas,PhD,Male,52,No,3,2022-12-15,2025-03-26,307.06,127
CUST10611,John Walsh,New York,Master,Male,74,No,2,2021-05-15,2022-06-16,234.2,1141
CUST10079,Amber Moreno,Florida,Bachelor,Male,46,No,3,2023-08-11,2025-05-07,295.0,85
CUST10874,Shannon Clayton,Arizona,PhD,Female,53,No,2,2022-09-11,2023-06-12,136.06,780
CUST10690,Leah Moore,Arizona,Bachelor,Non-Binary,24,Yes,1,2021-07-24,2024-05-16,121.95,441
CUST10655,Tammy Stevens,Illinois,PhD,Female,80,No,0,2022-03-10,2023-03-24,504.08,860
CUST10566,Renee Reed,Florida,Associate,Female,54,No,1,2023-09-18,2025-05-20,161.34,72
CUST10837,Michael Navarro,California,Bachelor,Female,70,Yes,3,2022-06-04,2024-03-06,142.27,512
CUST10427,Jesse Robinson,Washington,Master,Male,75,No,0,2022-02-14,2023-08-21,340.84,710
CUST10358,Scott Finley,Ohio,High School,Male,21,Yes,2,2021-10-31,2024-08-16,737.64,349
CUST10447,Emily Conner,Florida,High School,Male,76,No,2,2022-06-14,2025-06-11,532.33,50
CUST10688,Christine Martinez,New York,Associate,Male,54,Yes,1,2024-02-24,2024-06-14,292.31,412
CUST10906,Kenneth Smith,California,High School,Male,68,Yes,1,2022-05-02,2024-03-28,68.48,490
CUST10200,Nicole Maynard,Texas,Bachelor,Female,51,Yes,1,2021-08-30,2024-03-14,147.08,504
CUST10917,Beth Henry,Illinois,Bachelor,Female,51,No,1,2024-01-02,2024-01-23,239.78,555
CUST10752,Paula Ross,Washington,Bachelor,Non-Binary,46,Yes,2,2021-04-04,2025-05-11,495.52,81
CUST10475,Natalie Mitchell,California,Master,Non-Binary,24,No,2,2022-11-06,2025-01-13,353.2,199
CUST10928,Jessica Pierce,Texas,Associate,Male,42,No,0,2022-10-21,2024-09-29,190.97,305
CUST10085,Carmen Jones,Washington,Master,Non-Binary,27,Yes,2,2023-11-30,2024-05-18,251.4,439
CUST10272,Ray Lopez,Arizona,Master,Female,24,No,2,2022-10-23,2025-02-19,100.51,162
CUST10530,Dana Smith,New York,High School,Female,41,Yes,2,2024-01-12,2025-05-16,633.26,76
CUST10623,Dennis Howell,Georgia,PhD,Male,77,No,2,2024-01-06,2024-01-10,451.56,568
CUST10148,Erin Mason,Florida,PhD,Male,37,Yes,2,2020-11-28,2024-12-28,439.49,215
CUST10148,Erin Mason,Florida,PhD,Male,37,Yes,2,2020-11-28,2021-06-01,261.8,1521
CUST10278,Brenda Conway,Arizona,Bachelor,Non-Binary,55,Yes,1,2022-12-16,2025-04-27,87.58,95
CUST10083,Marc Olson,Florida,Associate,Non-Binary,73,No,2,2022-11-17,2022-12-08,235.61,966
CUST10052,William Kemp,Arizona,PhD,Female,72,Yes,1,2023-08-15,2024-11-23,145.85,250
CUST10298,Benjamin Ramirez,Georgia,Bachelor,Non-Binary,30,No,1,2024-07-03,2024-12-21,179.05,222
CUST10450,Denise Ray,Florida,Associate,Non-Binary,43,Yes,2,2023-11-13,2025-02-11,407.5,170
CUST10119,Kenneth Ponce,Ohio,High School,Male,38,No,0,2020-10-28,2021-03-01,1488.35,1613
CUST10946,Amber Shaw,Illinois,PhD,Male,29,No,0,2022-09-08,2023-03-13,89.45,871
CUST10104,Jamie Rose,Florida,High School,Male,51,Yes,3,2024-01-30,2025-02-12,676.16,169
CUST10856,Julie Henry,Georgia,High School,Female,25,No,2,2023-12-03,2024-02-17,55.76,530
CUST10662,Pamela Mckinney,Colorado,High School,Non-Binary,20,Yes,2,2024-02-10,2024-04-24,231.03,463
CUST10743,Tamara Miller,Georgia,Master,Male,78,Yes,1,2023-07-17,2025-03-15,177.6,138
CUST10064,Chris Martin,Georgia,Associate,Male,53,Yes,3,2022-06-12,2023-07-04,1092.24,758
CUST10525,Michelle Campbell,Colorado,PhD,Female,72,Yes,1,2021-10-04,2022-11-27,299.04,977
CUST10667,David Martinez,Arizona,Master,Female,63,No,0,2021-07-14,2024-06-24,184.75,402
CUST10812,Alison Stanley,New York,Master,Non-Binary,45,No,2,2021-02-15,2024-04-30,491.08,457
CUST10021,Kimberly Hester,Ohio,Associate,Male,35,Yes,0,2021-03-03,2025-07-13,348.62,18
CUST10981,Olivia Smith,Arizona,Associate,Male,25,Yes,1,2024-03-20,2024-09-19,245.95,315
CUST10213,Vicki Massey,Arizona,PhD,Non-Binary,25,No,0,2022-08-12,2025-04-16,427.64,106
CUST10582,Adrian Henry,Texas,Master,Non-Binary,26,No,2,2021-12-14,2023-12-17,25.54,592
CUST10120,Robert Gray,Colorado,Master,Male,77,No,2,2021-07-11,2021-07-14,233.21,1478
CUST10167,Grant Gonzales,Ohio,Bachelor,Female,53,Yes,2,2023-02-25,2023-06-22,362.79,770
CUST10010,Joseph Reed,Florida,High School,Female,29,No,0,2020-09-01,2023-12-17,266.23,592
CUST10355,Wendy Diaz,Ohio,High School,Male,22,Yes,2,2022-06-05,2023-12-09,203.88,600
CUST10622,Andre Dennis,Illinois,Bachelor,Male,34,Yes,0,2022-09-17,2024-09-06,237.81,328
CUST10330,Jeffrey Wells,Georgia,Bachelor,Male,63,Yes,1,2023-09-08,2024-06-14,194.32,412
CUST10824,Megan Perry,Illinois,High School,Non-Binary,74,Yes,2,2020-09-11,2021-06-12,438.17,1510
CUST10847,Rebecca Mitchell,Illinois,Bachelor,Non-Binary,42,Yes,2,2022-10-22,2023-08-29,389.84,702
CUST10674,Robert Turner,Ohio,Associate,Female,78,No,1,2021-10-06,2025-02-19,229.28,162
CUST10771,Matthew Ochoa,Texas,High School,Female,20,No,0,2020-10-20,2023-07-11,89.55,751
CUST10386,Courtney Nelson,New York,High School,Male,71,No,2,2020-09-20,2025-02-02,151.2,179
CUST10371,Deborah Gibson,Washington,PhD,Female,35,No,2,2023-09-24,2024-02-09,353.29,538
CUST10328,Ariel Love,California,Master,Female,79,No,0,2024-07-24,2025-03-03,580.89,150
CUST10492,Frank Wyatt,New York,PhD,Non-Binary,55,No,3,2022-11-21,2024-03-22,660.12,496
CUST10542,Catherine Haynes,Texas,PhD,Female,18,No,0,2023-10-17,2024-09-21,148.97,313
CUST10474,John Graham,Washington,Bachelor,Female,73,No,2,2023-02-06,2025-07-27,204.21,4
CUST10717,Ashley Lee,New York,Master,Female,76,Yes,0,2024-06-25,2025-04-13,235.55,109
CUST10929,John Brown,Arizona,PhD,Non-Binary,31,Yes,0,2023-08-06,2024-01-09,328.58,569
CUST10833,Steven Burns,Georgia,PhD,Female,60,No,1,2023-08-24,2024-06-29,303.82,397
CUST10330,Jeffrey Wells,Georgia,Bachelor,Male,63,Yes,1,2023-09-08,2023-11-11,95.03,628
CUST10223,Mr. Jason Jones,Washington,High School,Female,20,No,1,2020-12-03,2025-07-07,462.18,24
CUST10593,Phillip Padilla,Arizona,High School,Female,55,No,0,2020-12-08,2022-09-09,166.28,1056
CUST10059,Amy Davis,Georgia,PhD,Male,21,Yes,2,2021-10-20,2021-11-12,932.68,1357
CUST10639,Mike Crawford,Colorado,PhD,Male,42,Yes,1,2024-07-02,2025-05-03,154.02,89
CUST10393,Marie Wells,Georgia,Bachelor,Female,35,No,0,2021-01-27,2023-09-22,509.74,678
CUST10396,Jessica Wang,Florida,PhD,Male,29,No,2,2021-03-29,2024-06-24,953.91,402
CUST10801,Tyler Peterson,Ohio,Bachelor,Non-Binary,53,No,3,2023-10-28,2025-05-25,157.72,67
CUST10283,Adam Davis,Illinois,High School,Male,51,No,0,2022-06-13,2023-01-02,382.21,941
CUST10532,Lee Miller,California,High School,Non-Binary,61,No,0,2021-12-28,2024-08-17,143.14,348
CUST10585,Monica Lawson,Colorado,Master,Male,57,No,1,2020-10-18,2025-06-07,58.39,54
CUST10474,John Graham,Washington,Bachelor,Female,73,No,2,2023-02-06,2024-11-14,191.07,259
CUST10582,Adrian Henry,Texas,Master,Non-Binary,26,No,2,2021-12-14,2024-05-02,168.78,455
CUST10265,Richard Sims,Arizona,Master,Male,50,No,4,2022-12-08,2024-08-12,120.96,353
CUST10579,Johnathan Berry,Georgia,Associate,Female,78,Yes,1,2022-05-07,2023-03-04,631.13,880
CUST10769,Jason Morales,California,Master,Non-Binary,48,No,1,2022-11-04,2023-04-15,113.64,838
CUST10281,Kayla Estes,Washington,Master,Non-Binary,76,Yes,2,2024-07-10,2024-11-19,184.98,254
CUST10325,Valerie Shelton,New York,Associate,Male,21,No,0,2022-03-17,2023-10-16,357.67,654
CUST10588,Joanna Howe,Washington,Bachelor,Non-Binary,47,No,1,2023-08-13,2024-12-24,225.41,219
CUST10794,Whitney Nichols,Georgia,Bachelor,Female,43,No,1,2021-03-07,2021-11-05,272.7,1364
CUST10204,Jacob Perkins,Colorado,Bachelor,Male,47,Yes,3,2023-04-26,2025-01-02,381.14,210
CUST10374,Jennifer Jones,Arizona,Master,Non-Binary,40,No,2,2021-07-22,2024-11-23,806.85,250
CUST10083,Marc Olson,Florida,Associate,Non-Binary,73,No,2,2022-11-17,2024-03-10,373.52,508
CUST10059,Amy Davis,Georgia,PhD,Male,21,Yes,2,2021-10-20,2024-08-05,287.03,360
CUST10549,Brett Campbell,Colorado,Master,Male,22,No,3,2020-11-01,2023-12-08,86.33,601
CUST10366,Sherri Webster,California,Bachelor,Male,80,Yes,2,2022-05-29,2025-01-31,48.46,181
CUST10776,Christopher Smith,Washington,Master,Male,60,Yes,0,2024-05-03,2024-08-15,187.14,350
CUST10342,Melissa Johnston,Arizona,Bachelor,Female,80,No,0,2021-09-10,2023-11-23,235.78,616
CUST10399,Dr. Ryan Coleman,Texas,High School,Non-Binary,37,Yes,1,2020-11-24,2025-03-14,141.17,139
CUST10236,Tonya Brady,Texas,High School,Female,77,Yes,1,2023-12-24,2024-01-18,369.48,560
CUST10957,Stephanie Mills,Colorado,Associate,Non-Binary,73,Yes,1,2023-06-02,2024-04-14,222.89,473
CUST10847,Rebecca Mitchell,Illinois,Bachelor,Non-Binary,42,Yes,2,2022-10-22,2024-10-15,328.3,289
CUST10713,Charles Travis,New York,PhD,Male,23,No,3,2023-10-08,2024-03-06,138.42,512
CUST10022,Chris Collins,Georgia,PhD,Female,59,Yes,2,2022-03-04,2023-02-05,264.9,907
CUST10285,Miranda Stone,Arizona,Associate,Female,45,No,2,2023-09-09,2024-05-22,388.49,435
CUST10433,Shannon Simpson,Georgia,PhD,Female,30,Yes,1,2020-10-21,2023-07-04,295.75,758
CUST10763,Melissa Harrison,Arizona,Bachelor,Non-Binary,64,No,0,2023-10-03,2023-12-23,104.08,586
CUST10298,Benjamin Ramirez,Georgia,Bachelor,Non-Binary,30,No,1,2024-07-03,2025-04-11,673.56,111
CUST10708,Amber Boyer,Texas,Associate,Female,67,No,1,2021-07-09,2024-01-28,295.88,550
CUST10228,Victor Johnston DDS,Colorado,High School,Male,47,No,4,2022-10-07,2024-09-12,447.55,322
CUST10130,Eric Nelson,Ohio,Bachelor,Female,44,Yes,1,2022-01-19,2024-08-04,168.43,361
CUST10367,Daniel Thompson,Illinois,High School,Male,38,No,3,2023-03-26,2025-01-08,332.7,204
CUST10070,Veronica Horn,Florida,Master,Female,80,No,0,2020-10-24,2024-02-13,345.8,534
CUST10916,Morgan Smith,Texas,Associate,Non-Binary,74,No,3,2021-03-06,2021-08-07,268.11,1454
CUST10290,Pamela Richardson,Texas,Master,Male,68,Yes,1,2020-11-20,2023-09-18,120.16,682
CUST10962,Richard Rogers,Colorado,Associate,Female,26,No,0,2024-05-08,2025-01-10,602.77,202
CUST10098,Madeline Gamble,Washington,Bachelor,Male,40,Yes,2,2024-04-01,2024-07-19,104.6,377
CUST10293,Susan Davis,Illinois,Master,Male,45,Yes,2,2021-09-22,2022-10-13,416.06,1022
CUST10673,Michael Wilson,Georgia,PhD,Non-Binary,78,Yes,3,2021-03-23,2022-02-12,573.77,1265
CUST10287,Megan Leon,Illinois,High School,Female,78,No,0,2023-01-09,2023-05-01,134.18,822
CUST10270,Stephen Rodriguez,Colorado,Associate,Female,42,Yes,0,2020-12-12,2020-12-19,384.13,1685
CUST10196,Kristin Pearson,Colorado,Master,Non-Binary,64,No,1,2022-11-30,2023-06-06,241.95,786
CUST10724,Mark Anderson,Georgia,High School,Non-Binary,42,No,0,2020-09-06,2021-12-07,342.69,1332
CUST10955,Nicole Garcia,Colorado,Bachelor,Female,30,Yes,1,2023-11-03,2024-02-24,694.38,523
CUST10123,Lauren Wilkerson,California,Associate,Non-Binary,53,Yes,1,2021-03-10,2022-05-10,415.04,1178
CUST10129,Christopher Mccann,Washington,Bachelor,Male,69,No,4,2024-04-20,2025-04-05,16.95,117
CUST10222,Mr. Lance Cisneros,Texas,Associate,Non-Binary,64,No,2,2022-11-03,2025-03-27,411.21,126
CUST10755,Alexander Martinez,Texas,Bachelor,Non-Binary,23,Yes,1,2022-04-15,2023-09-03,190.35,697
CUST10197,Nicole Alvarez,Washington,Master,Male,46,Yes,1,2021-08-26,2022-03-07,490.22,1242
CUST10868,Michael Crawford,Illinois,Associate,Male,48,Yes,1,2021-08-20,2022-02-06,627.6,1271
CUST10072,Scott Williams,Florida,Bachelor,Male,54,No,0,2022-03-18,2025-01-28,178.86,184
CUST10745,Robert Mosley,Washington,PhD,Female,20,No,1,2020-08-09,2020-12-25,664.51,1679
CUST10218,Jason Austin,Ohio,PhD,Female,67,Yes,1,2023-03-02,2025-05-22,234.48,70
CUST10808,Mr. Dillon Gross,Washington,Bachelor,Female,45,No,0,2021-11-12,2025-02-05,22.64,176
CUST10165,Ashley Kim,Illinois,Master,Non-Binary,32,Yes,0,2021-09-25,2022-09-28,251.8,1037
CUST10788,Lori Jordan,New York,Master,Male,32,No,2,2022-01-24,2024-03-08,576.43,510
CUST10148,Erin Mason,Florida,PhD,Male,37,Yes,2,2020-11-28,2025-01-09,749.15,203
CUST10879,Kristina Pineda,Washington,PhD,Non-Binary,41,Yes,1,2022-11-07,2025-06-30,629.95,31
CUST10956,Richard Mercado,New York,Bachelor,Non-Binary,74,No,1,2021-05-25,2025-02-20,991.07,161
CUST10494,Christopher Golden,Texas,PhD,Male,35,No,2,2020-11-19,2024-06-18,247.88,408
CUST10716,John Lopez,Georgia,High School,Non-Binary,79,No,0,2020-12-29,2022-01-16,315.95,1292
CUST10461,David Cook,Georgia,PhD,Female,74,Yes,0,2021-07-27,2025-06-02,135.13,59
CUST10379,Angela Johnson,Georgia,Associate,Female,44,Yes,0,2023-03-29,2024-10-03,913.82,301
CUST10089,Alexandria Scott,Colorado,Bachelor,Male,21,Yes,2,2023-08-16,2024-10-21,128.94,283
CUST10313,Jamie Harrison,Georgia,PhD,Female,33,Yes,1,2021-04-12,2023-02-03,255.55,909
CUST10207,Audrey Jones,Washington,High School,Non-Binary,60,No,1,2020-12-26,2024-07-12,483.09,384
CUST10517,Jonathan Cunningham PhD,Ohio,Master,Non-Binary,54,No,2,2021-02-02,2021-07-29,483.97,1463
CUST10348,Robert Simmons,Texas,Master,Male,68,Yes,2,2021-02-01,2024-06-24,479.02,402
CUST10002,Dylan Schwartz,New York,Bachelor,Female,22,No,0,2021-06-24,2022-01-26,310.68,1282
CUST10690,Leah Moore,Arizona,Bachelor,Non-Binary,24,Yes,1,2021-07-24,2024-09-13,612.86,321
CUST10191,Dr. Katie Lamb,Ohio,High School,Non-Binary,32,Yes,2,2020-12-22,2022-03-01,444.89,1248
CUST10876,Erica Flowers,New York,Associate,Female,70,Yes,1,2021-08-06,2022-02-24,156.06,1253
CUST10520,Crystal Horton,Georgia,Master,Non-Binary,18,No,1,2020-11-09,2022-05-14,126.41,1174
CUST10949,Craig Cook,Ohio,Master,Female,39,Yes,0,2022-04-28,2022-12-16,225.88,958
CUST10284,Diane Bowen,California,Associate,Non-Binary,20,No,1,2024-06-26,2024-09-18,89.81,316
CUST10816,Victoria Smith,Colorado,Bachelor,Non-Binary,38,No,2,2023-12-26,2024-05-28,289.76,429
CUST10609,Joseph Wallace,Washington,Bachelor,Male,45,No,3,2020-12-28,2023-12-02,156.38,607
CUST10832,Candace Green,New York,Master,Female,73,No,1,2020-09-19,2022-07-06,236.12,1121
CUST10522,Sean Williams,New York,Associate,Non-Binary,73,No,1,2023-07-21,2024-02-15,267.19,532
CUST10886,Elizabeth Brown,Washington,Bachelor,Female,79,No,0,2022-09-05,2024-05-30,537.28,427
CUST10566,Renee Reed,Florida,Associate,Female,54,No,1,2023-09-18,2024-11-27,156.69,246
CUST10975,Max Carson,Ohio,Master,Male,34,No,0,2021-03-10,2022-02-22,319.61,1255
CUST10124,Luis Villa,Illinois,High School,Female,39,Yes,2,2023-03-06,2023-11-12,962.21,627
CUST10926,Amy Smith,Colorado,PhD,Female,36,No,1,2023-07-27,2025-07-19,341.31,12
CUST10756,Melissa Roberts,Illinois,PhD,Male,24,No,2,2024-03-30,2024-05-07,106.53,450
CUST10440,Linda Merritt,Colorado,Master,Non-Binary,40,Yes,1,2022-04-19,2024-02-15,1446.57,532
CUST10262,Edward Medina,Georgia,Associate,Male,62,No,2,2021-07-15,2024-06-23,388.31,403
CUST10649,Michael Bailey,Florida,PhD,Female,79,No,0,2023-06-18,2025-01-14,563.23,198
CUST10911,William Kelley,Florida,Associate,Male,35,No,1,2020-10-20,2023-07-25,471.84,737
CUST10204,Jacob Perkins,Colorado,Bachelor,Male,47,Yes,3,2023-04-26,2023-06-07,335.72,785
CUST10833,Steven Burns,Georgia,PhD,Female,60,No,1,2023-08-24,2023-08-27,443.82,704
CUST10347,Kristine Phillips,Washington,Master,Non-Binary,37,No,2,2020-12-25,2024-03-18,508.89,500
CUST10384,Briana Drake,Texas,Master,Male,75,Yes,3,2022-06-13,2024-07-20,141.25,376
CUST10889,Andrew Lopez,Colorado,High School,Male,27,No,2,2021-11-05,2022-11-26,345.75,978
CUST10157,Justin Wilson PhD,Texas,High School,Male,76,Yes,0,2024-04-08,2024-05-30,143.48,427
CUST10423,Danielle Miller,Arizona,PhD,Female,51,No,0,2023-05-31,2024-05-12,1151.04,445
CUST10078,Elizabeth Hall,California,Master,Male,51,No,2,2024-04-24,2025-01-21,443.2,191
CUST10788,Lori Jordan,New York,Master,Male,32,No,2,2022-01-24,2022-06-19,336.48,1138
CUST10119,Kenneth Ponce,Ohio,High School,Male,38,No,0,2020-10-28,2022-04-27,272.55,1191
CUST10653,Angelica Martinez,Arizona,PhD,Non-Binary,80,No,0,2022-05-28,2023-11-29,247.8,610
CUST10764,Cassie Morgan,Florida,Bachelor,Non-Binary,67,Yes,1,2024-07-14,2025-02-14,17.55,167
CUST10841,Stephen Cooke,Texas,PhD,Female,55,Yes,2,2022-05-25,2024-07-24,96.12,372
CUST10079,Amber Moreno,Florida,Bachelor,Male,46,No,3,2023-08-11,2024-08-13,65.37,352
CUST10901,Matthew Miller,Ohio,High School,Male,23,No,2,2022-02-09,2023-03-20,464.56,864
CUST10682,William Morgan,Florida,Master,Non-Binary,22,Yes,2,2020-09-18,2023-10-15,462.99,655
CUST10012,Andrew White,Colorado,Master,Male,49,No,3,2020-11-09,2024-07-11,431.95,385
CUST10398,Teresa Gardner,Illinois,High School,Male,72,Yes,3,2023-12-01,2025-01-21,601.95,191
CUST10545,Alexander Ramirez,Illinois,Master,Female,67,No,0,2022-11-11,2023-04-11,281.77,842
CUST10982,Annette Martin,New York,Master,Female,66,Yes,4,2021-05-12,2022-09-29,123.07,1036
CUST10294,Connor Young,New York,High School,Male,66,Yes,1,2021-06-01,2021-10-15,202.36,1385
CUST10665,Eric Christian,Colorado,Bachelor,Female,43,No,0,2021-12-09,2024-10-06,293.91,298
CUST10856,Julie Henry,Georgia,High School,Female,25,No,2,2023-12-03,2024-06-12,709.04,414
CUST10263,Rodney James,Ohio,High School,Non-Binary,61,No,0,2023-11-20,2024-09-15,657.11,319
CUST10103,Brooke Hendricks,Texas,Master,Male,27,Yes,0,2023-08-12,2024-03-12,34.89,506
CUST10444,Charles Lee,Colorado,Associate,Non-Binary,37,No,2,2022-02-26,2023-03-02,100.05,882
CUST10376,Cynthia Rogers,New York,High School,Male,59,Yes,1,2024-04-19,2025-03-19,584.22,134
CUST10976,Dennis Turner,California,Master,Male,30,Yes,2,2024-05-17,2025-06-06,420.27,55
CUST10749,Bradley Hicks,Washington,PhD,Non-Binary,24,Yes,2,2023-12-11,2025-06-30,148.54,31
CUST10949,Craig Cook,Ohio,Master,Female,39,Yes,0,2022-04-28,2023-04-02,363.81,851
CUST10512,Sean Butler,Illinois,Bachelor,Male,73,Yes,3,2022-02-10,2022-06-19,699.62,1138
CUST10706,Ronald Becker,California,PhD,Non-Binary,22,No,2,2024-03-08,2024-05-11,138.61,446
CUST10651,Joanna Sullivan,Georgia,Master,Female,61,No,1,2022-03-08,2022-04-20,288.39,1198
CUST10587,John Clark,New York,Master,Female,53,Yes,3,2022-04-05,2025-05-27,794.75,65
CUST10060,Nathaniel Price,California,Master,Female,47,No,2,2022-12-14,2024-11-27,161.67,246
CUST10890,Lucas Smith,Colorado,High School,Female,26,No,1,2022-06-07,2023-10-18,59.02,652
CUST10370,Brandi Black,California,High School,Female,42,Yes,1,2023-05-31,2025-01-01,357.27,211
CUST10076,Roberto Lewis,Colorado,Bachelor,Female,79,No,1,2023-02-11,2025-01-13,470.06,199
CUST10293,Susan Davis,Illinois,Master,Male,45,Yes,2,2021-09-22,2024-10-12,104.87,292
CUST10297,Michelle Rogers,Arizona,Master,Female,40,Yes,2,2024-07-24,2025-07-03,559.32,28
CUST10941,Natasha Walker,California,Associate,Non-Binary,40,Yes,1,2024-06-06,2024-11-28,1277.22,245
CUST10027,Douglas Rowland,Texas,Bachelor,Male,46,Yes,2,2021-04-29,2021-12-27,530.82,1312
CUST10818,Melissa Hernandez,Ohio,High School,Female,56,No,1,2021-04-25,2023-04-28,287.89,825
CUST10159,Anthony Floyd,New York,High School,Male,58,No,4,2024-03-26,2025-07-17,211.05,14
CUST10248,Michelle Rojas,Arizona,Master,Non-Binary,65,No,4,2021-05-06,2024-12-26,256.64,217
CUST10451,Dominique Hughes,New York,High School,Female,26,No,2,2024-03-27,2025-03-05,226.85,148
CUST10071,Eric Thompson,Florida,Associate,Female,45,No,2,2020-08-31,2021-11-20,228.1,1349
CUST10891,Miss Alyssa Garcia,Washington,Master,Male,78,Yes,0,2021-07-20,2021-11-29,151.21,1340
CUST10880,Aaron Weber,Georgia,Associate,Male,22,Yes,2,2022-05-08,2023-04-08,93.73,845
CUST10785,Mr. Joshua Martinez,New York,High School,Female,19,No,0,2021-08-26,2022-07-07,506.26,1120
CUST10620,Jesse Pratt,Texas,Master,Male,64,No,0,2023-04-13,2025-05-16,706.36,76
CUST10977,Charles Harris,Ohio,Associate,Female,31,Yes,4,2021-03-12,2025-01-18,913.31,194
CUST10485,Jessica Reid,Florida,Associate,Non-Binary,68,No,1,2022-05-09,2022-06-13,376.9,1144
CUST10357,John Thomas,Ohio,Master,Female,63,Yes,0,2023-03-10,2024-04-09,146.31,478
CUST10767,Miranda Brown,Georgia,PhD,Non-Binary,78,No,0,2021-04-03,2022-03-31,232.0,1218
CUST10260,Karen Kim,California,Master,Non-Binary,54,No,0,2024-03-27,2024-08-01,433.04,364
CUST10048,Jennifer Baker,New York,Master,Male,56,Yes,1,2021-08-04,2024-07-09,293.54,387
CUST10630,Ronald Stevens,Colorado,High School,Female,47,No,3,2021-12-16,2024-02-21,140.84,526
CUST10987,Victoria Wolf,Ohio,PhD,Male,22,Yes,4,2024-04-07,2025-01-07,690.98,205
CUST10772,Dorothy Fox,California,High School,Non-Binary,50,Yes,0,2022-01-28,2023-12-09,155.88,600
CUST10831,Monica Martinez,Washington,Associate,Male,79,Yes,1,2022-06-27,2024-06-06,938.93,420
CUST10386,Courtney Nelson,New York,High School,Male,71,No,2,2020-09-20,2022-03-13,71.63,1236
CUST10067,Peter Brooks,Illinois,Associate,Non-Binary,26,No,1,2021-08-29,2022-02-16,94.87,1261
CUST10577,Brandon Williams,California,Associate,Non-Binary,19,Yes,3,2024-05-25,2025-02-18,653.38,163
CUST10443,Andrew Thomas,Illinois,Master,Male,61,Yes,2,2021-10-24,2024-09-06,169.14,328
CUST10805,Kyle Vaughn,Colorado,PhD,Male,61,No,2,2023-08-28,2024-10-25,341.62,279
CUST10878,Ruth Johnson,Texas,Bachelor,Non-Binary,36,No,1,2023-03-10,2024-12-26,472.06,217
CUST10305,Heather Russell,Washington,Master,Female,21,Yes,2,2021-12-11,2022-03-15,127.83,1234
CUST10512,Sean Butler,Illinois,Bachelor,Male,73,Yes,3,2022-02-10,2022-10-03,342.82,1032
CUST10569,Brandon Castro,Illinois,Master,Non-Binary,35,Yes,2,2022-06-29,2022-07-15,478.98,1112
CUST10491,David Vazquez,Florida,Associate,Non-Binary,30,No,1,2024-06-11,2025-01-15,197.1,197
CUST10196,Kristin Pearson,Colorado,Master,Non-Binary,64,No,1,2022-11-30,2024-10-16,383.35,288
CUST10890,Lucas Smith,Colorado,High School,Female,26,No,1,2022-06-07,2022-08-01,277.17,1095
CUST10450,Denise Ray,Florida,Associate,Non-Binary,43,Yes,2,2023-11-13,2024-02-07,491.26,540
CUST10619,Henry Martinez,Colorado,High School,Male,37,No,0,2021-11-24,2024-10-09,224.84,295
CUST10492,Frank Wyatt,New York,PhD,Non-Binary,55,No,3,2022-11-21,2024-12-09,276.43,234
CUST10680,Samantha Johnson,Texas,PhD,Male,80,Yes,0,2022-10-05,2024-03-16,206.48,502
CUST10340,Elizabeth Phillips,California,Bachelor,Non-Binary,80,No,0,2020-08-30,2020-12-05,92.16,1699
CUST10535,Teresa Garcia,Georgia,High School,Female,28,No,0,2024-05-15,2024-06-13,638.8,413
CUST10407,Robert Anderson,Arizona,High School,Non-Binary,66,Yes,3,2021-09-18,2023-01-13,490.78,930
CUST10039,Nicole Sanchez,Florida,PhD,Non-Binary,65,Yes,1,2023-01-14,2024-11-20,252.9,253
CUST10631,Jennifer Durham,Ohio,Bachelor,Male,51,Yes,4,2024-03-21,2024-09-01,164.24,333
CUST10094,Dr. Clinton Lopez,Colorado,Bachelor,Female,54,No,2,2022-09-13,2023-11-21,306.91,618
CUST10158,Heather Brown,New York,Bachelor,Male,21,Yes,2,2021-12-06,2022-02-18,206.1,1259
CUST10842,Jordan Wilson,New York,Bachelor,Male,77,No,1,2024-06-05,2025-01-08,283.18,204
CUST10800,Michael Tate,Colorado,Associate,Male,39,Yes,0,2023-10-30,2024-04-19,419.7,468
CUST10757,Jennifer Wilcox,Colorado,Associate,Non-Binary,21,Yes,0,2024-06-01,2025-05-27,30.57,65
CUST10338,Charles Davis,Arizona,Master,Female,50,Yes,3,2023-07-14,2024-12-01,446.61,242
CUST10511,Tiffany Hayes,Colorado,Associate,Non-Binary,34,No,0,2022-04-26,2025-06-26,253.0,35
CUST10726,Mary King,Arizona,High School,Female,55,No,1,2020-11-12,2021-12-24,242.35,1315
CUST10018,Sara Wilson,Texas,High School,Non-Binary,53,No,1,2023-07-31,2024-09-24,48.4,310
CUST10420,Melissa Church,Arizona,Master,Female,64,Yes,0,2024-02-12,2024-08-04,771.19,361
CUST10713,Charles Travis,New York,PhD,Male,23,No,3,2023-10-08,2024-02-18,412.67,529
CUST10438,Natasha Buchanan,Illinois,High School,Non-Binary,48,Yes,0,2024-01-13,2025-06-29,234.69,32
CUST10434,Megan Hughes,Ohio,PhD,Male,24,Yes,2,2023-10-05,2024-04-27,540.8,460
CUST10452,Timothy Robertson,Ohio,High School,Non-Binary,51,Yes,0,2024-06-04,2025-06-05,358.59,56
CUST10245,Jennifer Luna,Georgia,Bachelor,Male,42,Yes,4,2021-07-18,2022-09-23,86.4,1042
CUST10400,Daniel Gregory,Colorado,Associate,Female,38,Yes,2,2022-09-20,2024-08-01,399.76,364
CUST10119,Kenneth Ponce,Ohio,High School,Male,38,No,0,2020-10-28,2021-05-21,193.78,1532
CUST10972,Meghan Oliver,Washington,Master,Female,41,Yes,0,2022-02-24,2022-12-09,375.69,965
CUST10184,Stephen Miller,Colorado,PhD,Male,62,Yes,0,2020-08-25,2021-09-28,63.88,1402
CUST10911,William Kelley,Florida,Associate,Male,35,No,1,2020-10-20,2021-03-19,217.61,1595
CUST10601,Eric Norris,New York,Bachelor,Male,67,Yes,2,2024-02-10,2024-06-16,230.21,410
CUST10149,Kayla Ortiz,Washington,PhD,Non-Binary,73,No,2,2022-11-09,2024-01-20,331.99,558
CUST10284,Diane Bowen,California,Associate,Non-Binary,20,No,1,2024-06-26,2024-06-26,119.69,400
CUST10841,Stephen Cooke,Texas,PhD,Female,55,Yes,2,2022-05-25,2024-10-07,98.66,297
CUST10838,Derek Salinas,Ohio,Associate,Non-Binary,62,Yes,1,2021-12-06,2023-03-15,941.42,869
CUST10226,Darren Bishop,Ohio,Associate,Male,64,Yes,1,2022-01-09,2024-11-27,140.72,246
CUST10476,Brad Jones,Illinois,Bachelor,Male,56,No,0,2024-01-21,2024-01-29,117.05,549
CUST10741,Dr. Erica Perez,California,Master,Male,73,No,0,2022-03-19,2025-05-23,161.95,69
CUST10070,Veronica Horn,Florida,Master,Female,80,No,0,2020-10-24,2023-10-16,209.64,654
CUST10202,Whitney Marshall,California,Bachelor,Non-Binary,37,No,2,2020-10-28,2025-01-01,87.12,211
CUST10502,Hannah Turner,Colorado,Bachelor,Male,30,No,4,2022-04-30,2023-05-12,422.72,811
CUST10628,Joseph Mcbride,Ohio,Master,Non-Binary,66,Yes,3,2024-01-27,2025-04-06,199.42,116
CUST10473,Christopher Daniels,Georgia,Associate,Male,63,No,2,2024-05-20,2024-12-25,192.06,218
CUST10896,Charles Love,Illinois,High School,Non-Binary,38,No,2,2022-10-17,2024-01-07,1076.49,571
CUST10447,Emily Conner,Florida,High School,Male,76,No,2,2022-06-14,2023-05-16,289.26,807
CUST10391,Melissa Patrick,Florida,PhD,Non-Binary,76,No,2,2021-06-08,2024-04-18,119.17,469
CUST10606,Patrick Peterson,Florida,Bachelor,Female,27,No,3,2022-09-14,2022-09-22,135.73,1043
CUST10041,Christine Johnson,Washington,High School,Female,75,Yes,1,2024-05-27,2025-01-14,141.14,198
CUST10507,William Patel,California,Associate,Female,72,No,1,2022-01-14,2024-11-16,454.03,257
CUST10521,Ms. Maria Garrett,Florida,High School,Female,23,Yes,1,2020-12-30,2025-03-06,785.32,147
CUST10568,Scott Weeks,New York,Associate,Female,62,No,0,2023-07-17,2025-05-08,153.45,84
CUST10255,Paul Smith,Florida,Master,Non-Binary,38,No,0,2022-03-20,2024-05-29,331.78,428
CUST10819,Philip Wilcox,Florida,Master,Male,39,Yes,2,2023-10-17,2024-12-14,75.89,229
CUST10490,Nathan Johnson,Arizona,High School,Male,27,No,2,2021-11-27,2021-12-09,107.94,1330
CUST10126,Charles Powers,Florida,Associate,Non-Binary,46,No,3,2022-10-12,2023-07-12,612.07,750
CUST10961,Charles Mayer,New York,Bachelor,Female,65,No,0,2021-09-04,2023-07-02,265.11,760
CUST10757,Jennifer Wilcox,Colorado,Associate,Non-Binary,21,Yes,0,2024-06-01,2025-02-11,135.14,170
CUST10196,Kristin Pearson,Colorado,Master,Non-Binary,64,No,1,2022-11-30,2024-05-06,173.22,451
CUST10054,Taylor Cook,California,Master,Male,40,Yes,0,2024-07-15,2024-08-15,330.47,350
CUST10416,Robin Baker,California,Associate,Female,40,Yes,1,2023-07-10,2025-07-29,288.86,2
CUST10691,John Velasquez,Ohio,Associate,Female,66,No,0,2021-11-22,2023-08-27,232.33,704
CUST10360,Michael Wright,Illinois,Associate,Non-Binary,18,Yes,1,2021-04-25,2024-07-10,320.28,386
CUST10284,Diane Bowen,California,Associate,Non-Binary,20,No,1,2024-06-26,2025-01-17,246.38,195
CUST10847,Rebecca Mitchell,Illinois,Bachelor,Non-Binary,42,Yes,2,2022-10-22,2024-10-12,298.55,292
CUST10234,Chelsea Reynolds,Illinois,Master,Non-Binary,73,Yes,1,2023-07-02,2025-07-18,32.63,13
CUST10475,Natalie Mitchell,California,Master,Non-Binary,24,No,2,2022-11-06,2025-02-26,221.35,155
CUST10386,Courtney Nelson,New York,High School,Male,71,No,2,2020-09-20,2023-03-10,163.73,874
CUST10865,Patrick Peters,Ohio,Master,Non-Binary,49,No,0,2022-10-01,2025-06-20,271.09,41
CUST10968,Bradley Blake,Ohio,PhD,Non-Binary,73,Yes,4,2023-07-07,2024-07-08,337.08,388
CUST10277,Jason Terry,Washington,Master,Male,60,Yes,0,2020-11-08,2020-12-22,464.55,1682
CUST10399,Dr. Ryan Coleman,Texas,High School,Non-Binary,37,Yes,1,2020-11-24,2021-05-05,242.92,1548
CUST10120,Robert Gray,Colorado,Master,Male,77,No,2,2021-07-11,2025-03-13,492.04,140
CUST10341,Joseph Cox,Florida,Master,Male,35,No,3,2023-04-13,2024-07-18,343.35,378
CUST10631,Jennifer Durham,Ohio,Bachelor,Male,51,Yes,4,2024-03-21,2025-07-09,35.92,22
CUST10671,Michael Edwards,Illinois,Bachelor,Non-Binary,63,No,1,2022-03-30,2024-09-14,350.29,320
CUST10602,William Reed,Florida,High School,Female,69,No,0,2021-05-06,2024-10-24,567.69,280
CUST10662,Pamela Mckinney,Colorado,High School,Non-Binary,20,Yes,2,2024-02-10,2025-03-08,174.11,145
CUST10699,Brandi Olson,Georgia,Master,Female,79,No,4,2020-10-02,2022-03-10,566.86,1239
CUST10498,Derek Greene,Colorado,Associate,Non-Binary,52,No,1,2024-07-26,2024-11-21,817.98,252
CUST10678,Nancy Rogers,Ohio,High School,Male,40,Yes,0,2022-06-09,2023-09-21,422.72,679
CUST10007,Lori Murphy,Georgia,Associate,Female,22,No,2,2024-03-25,2025-01-09,81.28,203
CUST10866,Evelyn Bartlett,Georgia,Bachelor,Female,31,Yes,2,2021-11-19,2025-02-23,644.44,158
CUST10524,Cassie Ray,California,Bachelor,Non-Binary,46,No,0,2024-06-25,2024-10-15,168.28,289
CUST10964,Carla Johnson,Washington,PhD,Non-Binary,19,Yes,1,2023-08-04,2023-08-29,286.33,702
CUST10249,Randall Johnson,Arizona,PhD,Male,73,No,2,2023-10-14,2024-02-04,351.19,543
CUST10983,Sean Galloway,Colorado,High School,Non-Binary,66,Yes,1,2022-02-10,2025-06-23,232.49,38
CUST10963,Tyler Snyder,Colorado,Bachelor,Non-Binary,23,No,0,2021-06-12,2023-06-20,263.36,772
CUST10948,Patricia Koch,Texas,PhD,Male,28,Yes,2,2021-01-07,2023-01-06,759.44,937
CUST10151,Dawn Elliott,Arizona,High School,Male,41,No,2,2022-07-07,2024-02-22,173.62,525
CUST10421,Kimberly Matthews,California,Bachelor,Male,60,Yes,1,2021-07-17,2025-02-05,244.43,176
CUST10133,Brett Holloway,Washington,PhD,Non-Binary,49,Yes,4,2022-03-16,2025-04-22,190.32,100
CUST10218,Jason Austin,Ohio,PhD,Female,67,Yes,1,2023-03-02,2024-05-22,270.33,435
CUST10571,Frederick Chandler,New York,High School,Male,73,No,0,2021-07-13,2022-06-21,492.5,1136
CUST10977,Charles Harris,Ohio,Associate,Female,31,Yes,4,2021-03-12,2023-09-24,305.35,676
CUST10416,Robin Baker,California,Associate,Female,40,Yes,1,2023-07-10,2023-12-16,424.06,593
CUST10605,Cynthia Schroeder,Ohio,PhD,Non-Binary,33,No,4,2021-11-28,2022-02-17,75.26,1260
CUST10046,Melissa Davila,Georgia,Associate,Non-Binary,66,No,2,2023-12-21,2024-05-17,232.72,440
CUST10423,Danielle Miller,Arizona,PhD,Female,51,No,0,2023-05-31,2023-10-06,186.49,664
CUST10550,Derrick Daniel,Colorado,Bachelor,Male,77,No,2,2022-03-07,2022-04-15,222.83,1203
CUST10694,Lauren Williams,Ohio,PhD,Non-Binary,29,Yes,1,2023-06-18,2025-02-23,536.9,158
CUST10719,Christopher Williams,Ohio,High School,Female,49,Yes,2,2023-09-14,2025-05-07,471.71,85
CUST10642,Alyssa King,Colorado,Associate,Female,71,Yes,3,2023-01-04,2024-03-15,164.81,503
CUST10397,Jennifer Patel,Texas,Bachelor,Non-Binary,70,Yes,1,2023-03-17,2025-06-26,298.99,35
CUST10978,Kenneth Vang,Texas,Master,Non-Binary,75,No,0,2021-05-08,2021-12-23,271.85,1316
CUST10240,Travis Herring,Colorado,High School,Non-Binary,34,Yes,0,2024-07-02,2024-09-20,167.19,314
CUST10398,Teresa Gardner,Illinois,High School,Male,72,Yes,3,2023-12-01,2025-07-25,278.33,6
CUST10571,Frederick Chandler,New York,High School,Male,73,No,0,2021-07-13,2022-09-14,33.08,1051
CUST10487,Theresa Crawford,Georgia,PhD,Male,18,Yes,1,2023-11-04,2024-01-22,348.73,556
CUST10182,Donna Nichols DDS,Florida,Master,Non-Binary,78,No,3,2024-01-10,2025-03-06,311.42,147
CUST10203,Kim Bennett,Florida,High School,Female,43,No,0,2021-03-25,2024-08-10,424.77,355
CUST10648,Marcus Anderson,Florida,PhD,Non-Binary,19,No,1,2021-06-24,2022-06-07,612.06,1150
CUST10779,Tiffany Clements,Arizona,Master,Male,71,No,1,2021-07-23,2022-08-28,246.23,1068
CUST10780,James Ellis,Ohio,PhD,Male,77,No,2,2022-04-01,2024-08-06,680.65,359
CUST10692,Heidi Tucker,Florida,PhD,Female,68,No,2,2022-12-26,2024-05-09,133.56,448
CUST10397,Jennifer Patel,Texas,Bachelor,Non-Binary,70,Yes,1,2023-03-17,2024-10-06,145.12,298
CUST10131,Daniel Park,New York,PhD,Non-Binary,39,Yes,3,2022-10-29,2023-12-31,318.14,578
CUST10184,Stephen Miller,Colorado,PhD,Male,62,Yes,0,2020-08-25,2022-11-12,602.02,992
CUST10455,Maurice Cook,Illinois,Bachelor,Non-Binary,48,No,0,2021-11-17,2023-07-03,571.72,759
CUST10093,Samantha Wilson,Colorado,High School,Male,57,No,2,2021-03-16,2023-10-23,391.21,647
CUST10948,Patricia Koch,Texas,PhD,Male,28,Yes,2,2021-01-07,2021-08-23,127.05,1438
CUST10400,Daniel Gregory,Colorado,Associate,Female,38,Yes,2,2022-09-20,2025-04-05,76.56,117
CUST10000,Chloe Sanford,Colorado,Associate,Non-Binary,77,No,1,2024-07-04,2025-01-17,621.54,195
CUST10844,Nancy Wood,California,High School,Female,40,Yes,1,2023-04-02,2025-04-27,297.59,95
CUST10795,Jamie Gardner,Washington,Associate,Female,47,No,1,2020-11-12,2022-01-23,85.72,1285
CUST10849,Nicole Oliver,Georgia,Master,Male,29,No,2,2023-04-02,2023-05-26,355.48,797
CUST10167,Grant Gonzales,Ohio,Bachelor,Female,53,Yes,2,2023-02-25,2023-03-02,596.98,882
CUST10688,Christine Martinez,New York,Associate,Male,54,Yes,1,2024-02-24,2024-04-08,174.15,479
CUST10978,Kenneth Vang,Texas,Master,Non-Binary,75,No,0,2021-05-08,2024-03-27,243.34,491
CUST10088,Michael Brooks,California,Bachelor,Female,20,Yes,1,2024-02-16,2024-03-04,227.89,514
CUST10050,Marilyn Jackson,New York,Bachelor,Male,32,No,1,2024-06-22,2024-06-25,301.01,401
CUST10673,Michael Wilson,Georgia,PhD,Non-Binary,78,Yes,3,2021-03-23,2024-07-05,96.43,391
CUST10428,Tonya White,Colorado,High School,Male,41,No,2,2024-03-14,2024-10-09,548.65,295
CUST10995,Patrick Harris,California,Associate,Male,56,No,1,2023-04-13,2024-03-24,130.79,494
CUST10177,Dr. Regina King PhD,Texas,Associate,Female,58,Yes,0,2020-09-24,2020-10-03,378.65,1762
CUST10650,Phillip Taylor,Ohio,PhD,Non-Binary,70,Yes,1,2023-12-13,2025-06-17,147.86,44
CUST10118,Hannah Williams,New York,Master,Non-Binary,46,Yes,3,2020-11-19,2023-08-25,256.64,706
CUST10524,Cassie Ray,California,Bachelor,Non-Binary,46,No,0,2024-06-25,2024-12-02,158.4,241
CUST10405,Kimberly Quinn,Arizona,Bachelor,Male,25,Yes,0,2022-04-13,2025-01-15,415.99,197
CUST10737,Gary Ellis,Texas,Bachelor,Male,33,No,0,2020-11-20,2021-02-04,37.29,1638
CUST10318,Matthew Ruiz,Washington,Associate,Female,31,Yes,1,2021-08-09,2022-07-18,442.88,1109
CUST10762,Shannon Ross,Texas,Associate,Non-Binary,75,No,4,2023-03-22,2025-02-06,116.1,175
CUST10282,Jordan Tapia,Washington,High School,Non-Binary,41,Yes,2,2021-12-31,2022-09-17,354.78,1048
CUST10179,Michael King,California,Bachelor,Female,65,No,2,2024-07-06,2025-06-30,168.03,31
CUST10176,Phyllis Mason,California,PhD,Female,38,No,3,2021-05-02,2021-05-13,176.82,1540
CUST10386,Courtney Nelson,New York,High School,Male,71,No,2,2020-09-20,2023-04-17,612.08,836
CUST10996,Cody Harper,New York,High School,Female,62,No,2,2022-02-02,2023-02-11,194.89,901
CUST10886,Elizabeth Brown,Washington,Bachelor,Female,79,No,0,2022-09-05,2023-08-01,430.63,730
CUST10524,Cassie Ray,California,Bachelor,Non-Binary,46,No,0,2024-06-25,2024-10-14,571.65,290
CUST10708,Amber Boyer,Texas,Associate,Female,67,No,1,2021-07-09,2023-12-10,81.4,599
CUST10916,Morgan Smith,Texas,Associate,Non-Binary,74,No,3,2021-03-06,2024-05-14,1181.51,443
CUST10655,Tammy Stevens,Illinois,PhD,Female,80,No,0,2022-03-10,2024-05-08,187.02,449
CUST10725,John Tyler,Arizona,Bachelor,Female,69,No,2,2023-06-18,2024-12-10,260.19,233
CUST10889,Andrew Lopez,Colorado,High School,Male,27,No,2,2021-11-05,2022-07-30,319.4,1097
CUST10519,Angela Smith,Georgia,Associate,Male,25,No,0,2023-09-23,2023-11-15,116.03,624
CUST10689,Jonathan Tucker,Florida,PhD,Non-Binary,53,No,0,2021-07-06,2025-01-03,137.64,209
CUST10858,Lisa Wong,Arizona,Master,Female,75,Yes,2,2021-02-19,2023-05-09,489.08,814
CUST10214,Philip Taylor,California,High School,Male,46,No,1,2022-11-02,2023-06-21,130.21,771
CUST10406,Kimberly Huynh,California,Bachelor,Male,52,Yes,4,2021-08-24,2024-09-23,678.89,311
CUST10549,Brett Campbell,Colorado,Master,Male,22,No,3,2020-11-01,2021-12-22,84.87,1317
CUST10472,Heather Ferguson,Georgia,Master,Male,38,No,2,2024-03-20,2024-09-30,310.76,304
CUST10526,Walter Dean,Texas,Master,Male,68,Yes,1,2021-05-30,2023-07-28,325.58,734
CUST10843,Matthew Thompson,Ohio,High School,Non-Binary,56,No,2,2024-03-28,2024-05-20,195.35,437
CUST10993,Dawn Williams,Arizona,Associate,Male,39,Yes,0,2020-10-10,2020-11-19,510.2,1715
CUST10728,Barbara Baker,Florida,Associate,Male,60,Yes,1,2021-10-04,2023-10-04,255.35,666
CUST10668,Mary Hill,California,Associate,Non-Binary,23,Yes,1,2023-12-17,2025-02-24,170.14,157
CUST10836,Brandon Evans,Georgia,High School,Non-Binary,21,Yes,1,2023-03-18,2023-04-26,341.94,827
CUST10744,Robert Kelly,Florida,Associate,Non-Binary,78,Yes,2,2023-09-24,2023-11-15,635.31,624
CUST10734,Christine Baker,Ohio,Associate,Female,34,Yes,3,2022-08-05,2023-09-30,963.83,670
CUST10810,Richard Bailey,Illinois,High School,Non-Binary,77,Yes,0,2023-01-08,2024-08-06,124.35,359
CUST10058,Jennifer Anderson MD,Florida,PhD,Non-Binary,49,No,3,2021-10-20,2023-07-28,833.67,734
CUST10625,Jonathan Fernandez II,Ohio,Master,Male,72,No,3,2021-10-24,2022-03-28,554.76,1221
CUST10156,Daniel Mullins,Arizona,PhD,Non-Binary,63,No,0,2021-08-20,2021-11-24,345.18,1345
CUST10934,Wesley Dawson,Georgia,Bachelor,Male,33,No,0,2023-10-04,2024-03-10,291.55,508
CUST10612,Sophia Harrell,Georgia,High School,Male,30,No,0,2023-11-29,2025-02-26,128.43,155
CUST10817,Veronica Davidson,Ohio,PhD,Male,74,Yes,2,2022-12-15,2025-07-07,424.01,24
CUST10887,Jason James,Georgia,PhD,Female,66,No,0,2022-06-28,2023-06-13,291.93,779
CUST10477,Caleb Perry,Ohio,High School,Female,63,No,0,2022-12-27,2024-08-24,151.39,341
CUST10863,Sara Tanner,Texas,Bachelor,Female,64,Yes,2,2024-03-08,2025-07-29,141.14,2
CUST10450,Denise Ray,Florida,Associate,Non-Binary,43,Yes,2,2023-11-13,2024-11-23,95.8,250
CUST10673,Michael Wilson,Georgia,PhD,Non-Binary,78,Yes,3,2021-03-23,2024-12-21,133.9,222
CUST10693,Sarah Snyder,California,Master,Non-Binary,29,Yes,3,2021-07-04,2022-09-30,125.4,1035
CUST10019,Lisa Murray,New York,Bachelor,Non-Binary,70,No,0,2023-04-16,2024-02-13,392.53,534
CUST10004,Randy Richardson,Ohio,Associate,Non-Binary,68,No,1,2022-08-01,2024-09-11,424.05,323
CUST10351,Terri Newman,Georgia,Master,Non-Binary,51,No,1,2020-10-11,2023-04-09,335.03,844
CUST10784,Connie Page,Georgia,High School,Female,51,No,0,2023-10-30,2025-03-29,244.76,124
CUST10101,Melissa Flores,Georgia,Master,Non-Binary,78,No,2,2023-01-06,2025-03-23,386.64,130
CUST10638,Douglas Moore,Arizona,Master,Female,80,No,0,2022-02-19,2022-12-27,123.44,947
CUST10995,Patrick Harris,California,Associate,Male,56,No,1,2023-04-13,2024-02-09,85.73,538
CUST10855,Samantha Burns,Florida,Bachelor,Female,79,No,2,2020-10-18,2022-10-28,115.55,1007
CUST10979,Carol Paul,Illinois,PhD,Female,55,Yes,1,2022-03-05,2022-06-12,223.93,1145
CUST10419,Gina Klein,Arizona,Bachelor,Male,36,No,2,2020-11-28,2022-05-14,168.77,1174
CUST10004,Randy Richardson,Ohio,Associate,Non-Binary,68,No,1,2022-08-01,2023-01-02,796.54,941
CUST10113,Sean Mathews,Arizona,Associate,Non-Binary,65,No,1,2023-07-17,2025-03-01,172.46,152
CUST10544,Todd Allen,Arizona,Master,Male,32,No,0,2020-08-03,2024-12-25,245.37,218
CUST10325,Valerie Shelton,New York,Associate,Male,21,No,0,2022-03-17,2023-04-30,162.78,823
CUST10995,Patrick Harris,California,Associate,Male,56,No,1,2023-04-13,2024-09-07,306.46,327
CUST10846,Donna Carlson,Georgia,Master,Female,50,Yes,1,2022-01-12,2024-12-01,350.93,242
CUST10246,Michael Wilson,New York,High School,Non-Binary,78,No,1,2023-12-29,2025-05-01,608.24,91
CUST10218,Jason Austin,Ohio,PhD,Female,67,Yes,1,2023-03-02,2023-03-04,420.49,880
CUST10817,Veronica Davidson,Ohio,PhD,Male,74,Yes,2,2022-12-15,2023-01-16,511.16,927
CUST10085,Carmen Jones,Washington,Master,Non-Binary,27,Yes,2,2023-11-30,2024-06-09,66.24,417
CUST10177,Dr. Regina King PhD,Texas,Associate,Female,58,Yes,0,2020-09-24,2023-02-08,191.32,904
CUST10259,Nicholas Carter,Texas,High School,Non-Binary,32,Yes,3,2023-03-31,2023-06-22,220.99,770
CUST10477,Caleb Perry,Ohio,High School,Female,63,No,0,2022-12-27,2024-04-28,282.98,459
CUST10562,Dustin Bell,Florida,High School,Male,19,Yes,1,2024-04-12,2024-08-27,366.07,338
CUST10972,Meghan Oliver,Washington,Master,Female,41,Yes,0,2022-02-24,2023-03-25,451.63,859
CUST10223,Mr. Jason Jones,Washington,High School,Female,20,No,1,2020-12-03,2025-06-04,170.57,57
CUST10350,Haley Herring,New York,High School,Male,33,No,2,2023-07-02,2024-01-06,287.01,572
CUST10902,Matthew Knox,Florida,High School,Male,32,Yes,0,2024-07-27,2025-06-07,336.75,54
CUST10161,Barbara Jones,Ohio,High School,Male,54,Yes,1,2024-04-21,2025-04-18,621.72,104
CUST10753,Alison Mccarthy,Georgia,Associate,Male,56,Yes,1,2021-02-25,2024-07-06,118.16,390
CUST10344,Jennifer Garcia,Washington,High School,Male,74,Yes,1,2020-11-22,2022-08-13,114.41,1083
CUST10881,Charles Roach,Illinois,Master,Non-Binary,63,Yes,2,2024-01-24,2024-02-29,193.61,518
CUST10163,Scott Mitchell,California,Associate,Non-Binary,28,Yes,2,2020-10-22,2023-03-22,26.78,862
CUST10488,Brooke Turner,California,Associate,Male,39,Yes,0,2023-03-10,2024-12-04,246.41,239
CUST10498,Derek Greene,Colorado,Associate,Non-Binary,52,No,1,2024-07-26,2024-11-03,203.34,270
CUST10388,Ronald Ramirez,Illinois,High School,Male,50,No,2,2022-05-24,2023-08-12,101.99,719
CUST10755,Alexander Martinez,Texas,Bachelor,Non-Binary,23,Yes,1,2022-04-15,2022-07-06,8.76,1121
CUST10106,Kenneth Martinez Jr.,Arizona,High School,Male,73,No,1,2024-05-29,2025-03-11,335.42,142
CUST10579,Johnathan Berry,Georgia,Associate,Female,78,Yes,1,2022-05-07,2024-05-22,174.49,435
CUST10906,Kenneth Smith,California,High School,Male,68,Yes,1,2022-05-02,2023-05-11,151.29,812
CUST10432,Tina Elliott,Washington,Master,Female,49,No,1,2024-05-19,2025-05-16,299.91,76
CUST10017,Kenneth Ferguson,Florida,High School,Male,74,No,1,2023-07-25,2025-06-28,116.85,33
CUST10573,Brandy Willis,Arizona,High School,Male,72,Yes,0,2020-08-02,2021-04-01,220.6,1582
CUST10352,Kevin Rowland,Texas,Associate,Female,20,No,1,2023-05-08,2025-01-12,111.64,200
CUST10776,Christopher Smith,Washington,Master,Male,60,Yes,0,2024-05-03,2024-10-15,362.52,289
CUST10643,Samuel Hobbs,Georgia,PhD,Female,66,No,3,2022-04-01,2022-10-14,444.37,1021
CUST10321,Micheal Davis,Texas,High School,Female,39,Yes,3,2023-12-30,2024-01-08,299.63,570
CUST10099,Danielle Huffman,New York,High School,Non-Binary,18,No,2,2021-12-09,2024-07-01,368.8,395
CUST10119,Kenneth Ponce,Ohio,High School,Male,38,No,0,2020-10-28,2023-08-11,239.13,720
CUST10751,Bonnie Buchanan,New York,Master,Male,26,No,1,2020-12-20,2023-06-20,793.23,772
CUST10875,Jennifer Morales,New York,Bachelor,Female,63,No,2,2023-06-25,2024-03-23,327.33,495
CUST10135,Deanna Payne,Ohio,Associate,Female,51,Yes,0,2023-11-11,2024-09-27,524.04,307
CUST10210,Jon Rich,Illinois,PhD,Non-Binary,34,No,3,2021-08-28,2023-03-30,276.77,854
CUST10904,Katie Riggs,Georgia,Associate,Non-Binary,76,No,1,2023-10-23,2024-05-04,149.17,453
CUST10931,Cathy Brown,Florida,Bachelor,Female,21,No,0,2022-01-21,2022-10-15,285.46,1020
CUST10569,Brandon Castro,Illinois,Master,Non-Binary,35,Yes,2,2022-06-29,2024-12-26,190.34,217
CUST10707,Steven Smith,Washington,Master,Non-Binary,74,No,0,2021-01-14,2025-04-23,292.34,99
CUST10219,Karen Johns,Texas,High School,Female,28,Yes,1,2021-12-06,2022-02-18,472.11,1259
CUST10249,Randall Johnson,Arizona,PhD,Male,73,No,2,2023-10-14,2024-12-17,195.57,226
CUST10003,Jeffrey Scott,Texas,Master,Non-Binary,41,Yes,1,2021-04-06,2023-03-23,573.34,861
CUST10793,Austin Willis,Arizona,PhD,Male,71,No,0,2024-04-02,2024-09-12,747.81,322
CUST10500,Sandra Matthews,Ohio,Master,Non-Binary,72,Yes,2,2023-01-20,2025-04-16,133.25,106
CUST10231,Carrie Williams,Ohio,PhD,Male,28,No,1,2020-10-08,2024-05-20,47.14,437
CUST10729,James Jackson,Illinois,Bachelor,Male,75,No,0,2024-02-08,2024-06-11,277.67,415
CUST10507,William Patel,California,Associate,Female,72,No,1,2022-01-14,2023-05-06,468.45,817
CUST10423,Danielle Miller,Arizona,PhD,Female,51,No,0,2023-05-31,2023-06-14,636.61,778
CUST10367,Daniel Thompson,Illinois,High School,Male,38,No,3,2023-03-26,2024-09-27,81.85,307
CUST10270,Stephen Rodriguez,Colorado,Associate,Female,42,Yes,0,2020-12-12,2023-09-16,347.39,684
CUST10832,Candace Green,New York,Master,Female,73,No,1,2020-09-19,2020-11-05,397.72,1729
CUST10490,Nathan Johnson,Arizona,High School,Male,27,No,2,2021-11-27,2023-07-08,206.86,754
CUST10590,Nicholas Gilmore,Ohio,Master,Non-Binary,37,No,0,2021-09-24,2024-02-22,260.91,525
CUST10873,Heather Strong,Arizona,High School,Male,19,Yes,3,2022-12-14,2024-02-03,110.09,544
CUST10674,Robert Turner,Ohio,Associate,Female,78,No,1,2021-10-06,2022-11-26,318.54,978
CUST10814,Kristin Beard,Texas,Master,Non-Binary,47,Yes,2,2022-01-08,2025-06-16,149.62,45
CUST10081,Lisa Taylor,Georgia,High School,Female,29,Yes,1,2022-08-14,2025-02-01,214.19,180
CUST10031,Albert Anderson,New York,High School,Non-Binary,39,No,1,2022-01-17,2022-08-24,84.7,1072
CUST10597,Carolyn Kirk,Ohio,PhD,Female,66,Yes,1,2023-05-25,2023-08-06,429.33,725
CUST10447,Emily Conner,Florida,High School,Male,76,No,2,2022-06-14,2023-01-04,240.11,939
CUST10002,Dylan Schwartz,New York,Bachelor,Female,22,No,0,2021-06-24,2023-07-17,280.88,745
CUST10979,Carol Paul,Illinois,PhD,Female,55,Yes,1,2022-03-05,2022-06-22,281.29,1135
CUST10864,Travis Christensen,California,Bachelor,Non-Binary,65,No,1,2024-07-26,2024-11-17,803.18,256
CUST10161,Barbara Jones,Ohio,High School,Male,54,Yes,1,2024-04-21,2024-07-19,128.45,377
CUST10549,Brett Campbell,Colorado,Master,Male,22,No,3,2020-11-01,2025-04-28,281.43,94
CUST10891,Miss Alyssa Garcia,Washington,Master,Male,78,Yes,0,2021-07-20,2023-05-10,132.88,813
CUST10642,Alyssa King,Colorado,Associate,Female,71,Yes,3,2023-01-04,2023-04-16,381.95,837
CUST10236,Tonya Brady,Texas,High School,Female,77,Yes,1,2023-12-24,2023-12-30,72.86,579
CUST10748,Valerie Miller,Texas,PhD,Male,27,Yes,0,2020-12-03,2023-07-30,395.47,732
CUST10605,Cynthia Schroeder,Ohio,PhD,Non-Binary,33,No,4,2021-11-28,2022-07-04,153.9,1123
CUST10840,Amy Moore,Illinois,High School,Non-Binary,53,Yes,1,2023-11-25,2024-08-15,793.5,350
CUST10318,Matthew Ruiz,Washington,Associate,Female,31,Yes,1,2021-08-09,2025-03-15,176.78,138
CUST10803,Nicole Berry,Ohio,PhD,Female,36,Yes,2,2023-09-17,2024-07-22,530.04,374
CUST10443,Andrew Thomas,Illinois,Master,Male,61,Yes,2,2021-10-24,2025-03-04,363.88,149
CUST10738,Tanya Wilkinson,New York,Associate,Non-Binary,62,Yes,0,2023-02-09,2023-06-17,201.03,775
CUST10703,Gregory Perry,New York,High School,Non-Binary,55,No,2,2022-01-21,2025-04-23,77.24,99
CUST10217,Sara Patton MD,Georgia,Master,Male,49,Yes,3,2021-07-28,2021-10-08,556.3,1392
CUST10919,Dr. Jennifer Williamson DDS,Ohio,PhD,Male,62,No,0,2022-01-16,2023-06-30,624.84,762
CUST10956,Richard Mercado,New York,Bachelor,Non-Binary,74,No,1,2021-05-25,2022-02-22,285.64,1255
CUST10649,Michael Bailey,Florida,PhD,Female,79,No,0,2023-06-18,2024-11-15,414.9,258
CUST10968,Bradley Blake,Ohio,PhD,Non-Binary,73,Yes,4,2023-07-07,2023-08-22,264.18,709
CUST10339,Denise Thompson,Colorado,Associate,Non-Binary,68,No,3,2022-05-15,2023-03-06,179.51,878
CUST10938,John Price,California,PhD,Male,44,No,2,2020-08-31,2023-07-25,900.03,737
CUST10730,Willie Chandler,Georgia,Associate,Male,27,No,2,2022-06-21,2022-11-21,641.15,983
CUST10887,Jason James,Georgia,PhD,Female,66,No,0,2022-06-28,2024-08-31,309.56,334
CUST10253,Mrs. Lisa Jennings DDS,Illinois,Master,Male,61,Yes,0,2022-03-25,2024-10-09,245.43,295
CUST10251,Adam Weaver,Ohio,Associate,Female,44,No,0,2023-12-17,2023-12-22,254.39,587
CUST10280,Gina May,Florida,Master,Female,36,Yes,0,2024-07-23,2025-02-05,217.15,176
CUST10401,Jason Miller DDS,Texas,Bachelor,Male,37,No,2,2024-07-08,2024-11-24,254.31,249
CUST10912,Diana Clark,Florida,High School,Non-Binary,46,Yes,1,2024-03-23,2025-01-20,244.4,192
CUST10859,Tyler Garza,Illinois,Bachelor,Female,30,Yes,2,2023-01-16,2023-03-08,47.83,876
CUST10932,Shirley Acosta,New York,PhD,Female,68,No,1,2022-07-02,2023-09-27,131.21,673
CUST10250,Alicia Higgins,Texas,Master,Female,74,Yes,1,2023-10-15,2023-11-08,127.03,631
CUST10662,Pamela Mckinney,Colorado,High School,Non-Binary,20,Yes,2,2024-02-10,2024-11-29,443.1,244
CUST10822,Laura Roy,Georgia,High School,Male,23,No,2,2024-06-16,2024-12-05,402.61,238
CUST10467,Kaitlyn Hudson,New York,PhD,Female,55,No,2,2022-07-11,2025-06-11,558.26,50
CUST10496,Haley Dyer,Florida,Bachelor,Female,53,No,0,2023-11-17,2024-04-26,205.36,461
CUST10861,Angela Johnson,California,High School,Non-Binary,32,No,0,2023-11-16,2025-01-20,417.75,192
CUST10688,Christine Martinez,New York,Associate,Male,54,Yes,1,2024-02-24,2025-03-03,917.57,150
CUST10209,Richard Brown,New York,High School,Male,71,Yes,2,2023-04-06,2024-08-11,50.67,354
CUST10941,Natasha Walker,California,Associate,Non-Binary,40,Yes,1,2024-06-06,2025-04-12,362.0,110
CUST10659,Andrew Lang,Florida,PhD,Male,58,Yes,1,2022-11-29,2025-07-12,96.63,19
CUST10291,Jeffrey Johnson,Arizona,Bachelor,Male,45,Yes,1,2024-03-28,2025-04-11,350.55,111
CUST10221,Susan Reed,Texas,Bachelor,Male,25,Yes,1,2023-04-03,2024-12-09,187.15,234
CUST10618,Kelly Beard,Colorado,Bachelor,Non-Binary,58,Yes,1,2021-03-17,2024-05-31,359.44,426
CUST10116,Ellen Alexander,Colorado,High School,Male,37,Yes,1,2020-11-14,2024-10-20,105.46,284
CUST10224,Jacob Yates,Washington,Master,Non-Binary,60,No,0,2023-03-30,2024-05-17,270.54,440
CUST10592,Suzanne Mclaughlin,Florida,High School,Female,57,No,0,2022-01-02,2025-01-13,428.76,199
CUST10492,Frank Wyatt,New York,PhD,Non-Binary,55,No,3,2022-11-21,2024-11-06,26.15,267
CUST10545,Alexander Ramirez,Illinois,Master,Female,67,No,0,2022-11-11,2024-04-15,280.03,472
CUST10192,Jeffrey Stewart,Georgia,High School,Female,34,Yes,0,2024-04-09,2024-11-09,241.23,264
CUST10787,Louis Gibson,Colorado,Associate,Non-Binary,47,No,1,2024-07-04,2025-06-03,232.23,58
CUST10715,Nicholas Bond,California,Associate,Male,75,Yes,2,2020-08-24,2021-12-22,104.24,1317
CUST10739,Evelyn Buckley,Washington,Bachelor,Non-Binary,55,Yes,3,2022-05-04,2024-09-11,253.41,323
CUST10395,Mary Mcneil,Ohio,Bachelor,Male,33,No,0,2022-08-06,2023-01-05,417.2,938
CUST10176,Phyllis Mason,California,PhD,Female,38,No,3,2021-05-02,2021-12-15,197.95,1324
CUST10205,Francis Romero,Texas,High School,Non-Binary,22,Yes,0,2023-10-13,2024-04-19,124.81,468
CUST10832,Candace Green,New York,Master,Female,73,No,1,2020-09-19,2023-09-30,95.21,670
CUST10918,Thomas Mccormick,Washington,Bachelor,Non-Binary,63,No,1,2022-11-17,2025-04-01,166.14,121
CUST10907,Matthew Graham,Ohio,PhD,Female,31,No,2,2021-02-26,2021-08-27,203.44,1434
CUST10446,Mr. David Ramirez,California,Bachelor,Female,65,No,0,2023-12-03,2024-04-01,252.7,486
CUST10508,Stacy Mckenzie,Texas,Bachelor,Non-Binary,46,No,0,2021-08-05,2022-11-08,113.15,996
CUST10000,Chloe Sanford,Colorado,Associate,Non-Binary,77,No,1,2024-07-04,2025-02-12,310.63,169
CUST10550,Derrick Daniel,Colorado,Bachelor,Male,77,No,2,2022-03-07,2022-10-10,765.12,1025
CUST10255,Paul Smith,Florida,Master,Non-Binary,38,No,0,2022-03-20,2024-03-19,292.86,499
CUST10786,Michael Webster,California,Bachelor,Male,40,No,1,2023-09-03,2024-11-27,467.48,246
CUST10155,Gavin Olson,Ohio,Associate,Non-Binary,50,No,1,2021-02-05,2024-08-12,631.72,353
CUST10468,Parker Lewis,Texas,PhD,Female,40,No,1,2021-07-23,2024-06-04,860.9,422
CUST10053,Melinda Beard,Illinois,High School,Male,60,Yes,1,2021-01-09,2021-09-20,260.62,1410
CUST10321,Micheal Davis,Texas,High School,Female,39,Yes,3,2023-12-30,2024-06-12,480.27,414
CUST10117,Jeffrey Miles,Arizona,High School,Male,21,Yes,2,2020-09-28,2023-03-12,551.85,872
CUST10879,Kristina Pineda,Washington,PhD,Non-Binary,41,Yes,1,2022-11-07,2023-03-04,1455.65,880
CUST10968,Bradley Blake,Ohio,PhD,Non-Binary,73,Yes,4,2023-07-07,2023-09-21,216.01,679
CUST10070,Veronica Horn,Florida,Master,Female,80,No,0,2020-10-24,2021-07-25,231.79,1467
CUST10442,Michelle Smith,New York,High School,Female,76,No,1,2022-01-05,2022-04-05,167.35,1213
CUST10655,Tammy Stevens,Illinois,PhD,Female,80,No,0,2022-03-10,2024-08-06,382.39,359
CUST10533,Sara Mccullough,Washington,Master,Male,28,Yes,3,2020-08-27,2022-08-08,24.91,1088
CUST10294,Connor Young,New York,High School,Male,66,Yes,1,2021-06-01,2025-07-30,211.08,1
CUST10530,Dana Smith,New York,High School,Female,41,Yes,2,2024-01-12,2025-07-15,1084.32,16
CUST10149,Kayla Ortiz,Washington,PhD,Non-Binary,73,No,2,2022-11-09,2023-05-05,288.01,818
CUST10041,Christine Johnson,Washington,High School,Female,75,Yes,1,2024-05-27,2024-12-20,417.23,223
CUST10240,Travis Herring,Colorado,High School,Non-Binary,34,Yes,0,2024-07-02,2025-04-07,711.1,115
CUST10598,April Edwards,Georgia,Associate,Female,35,No,1,2023-09-18,2024-04-12,12.32,475
CUST10462,Billy Thompson,Ohio,Associate,Male,37,Yes,4,2023-12-14,2025-02-09,529.81,172
CUST10724,Mark Anderson,Georgia,High School,Non-Binary,42,No,0,2020-09-06,2022-08-30,385.02,1066
CUST10949,Craig Cook,Ohio,Master,Female,39,Yes,0,2022-04-28,2025-06-08,461.15,53
CUST10721,Mark Watkins,Arizona,High School,Non-Binary,54,Yes,1,2023-02-26,2024-07-15,1088.72,381
CUST10649,Michael Bailey,Florida,PhD,Female,79,No,0,2023-06-18,2024-07-17,453.12,379
CUST10878,Ruth Johnson,Texas,Bachelor,Non-Binary,36,No,1,2023-03-10,2023-10-05,817.72,665
CUST10997,Cameron Potts,New York,High School,Male,57,Yes,0,2023-04-22,2024-04-02,216.35,485
CUST10389,Sean Smith,California,High School,Male,59,No,0,2022-08-10,2024-08-01,504.19,364
CUST10386,Courtney Nelson,New York,High School,Male,71,No,2,2020-09-20,2020-11-11,82.96,1723
CUST10966,Lauren Taylor,New York,Associate,Non-Binary,30,No,2,2023-12-14,2024-12-27,311.86,216
CUST10750,Cheryl Morgan,Texas,Associate,Female,20,Yes,1,2023-11-30,2024-04-12,178.8,475
CUST10691,John Velasquez,Ohio,Associate,Female,66,No,0,2021-11-22,2025-06-21,157.99,40
CUST10846,Donna Carlson,Georgia,Master,Female,50,Yes,1,2022-01-12,2023-02-21,114.94,891
CUST10253,Mrs. Lisa Jennings DDS,Illinois,Master,Male,61,Yes,0,2022-03-25,2024-08-18,195.6,347
CUST10992,Sheila Gonzales,Arizona,Associate,Female,48,Yes,1,2022-07-07,2024-04-16,146.98,471
CUST10987,Victoria Wolf,Ohio,PhD,Male,22,Yes,4,2024-04-07,2025-01-31,126.14,181
CUST10693,Sarah Snyder,California,Master,Non-Binary,29,Yes,3,2021-07-04,2024-10-21,214.89,283
CUST10020,Christopher Sparks,Florida,Bachelor,Female,31,No,0,2023-09-19,2024-03-04,151.6,514
CUST10811,Carolyn Smith,Florida,Associate,Male,28,No,2,2023-03-10,2024-06-24,820.45,402
CUST10144,Jennifer Santiago,Florida,Master,Female,61,Yes,0,2022-05-16,2023-05-17,297.62,806
CUST10182,Donna Nichols DDS,Florida,Master,Non-Binary,78,No,3,2024-01-10,2024-02-25,672.54,522
CUST10314,Yolanda Wilson,Texas,Bachelor,Male,71,Yes,1,2022-03-25,2022-07-30,228.02,1097
CUST10875,Jennifer Morales,New York,Bachelor,Female,63,No,2,2023-06-25,2024-02-05,144.57,542
CUST10852,Gary Coleman,Georgia,Master,Male,58,No,0,2022-12-28,2025-04-11,255.37,111
CUST10265,Richard Sims,Arizona,Master,Male,50,No,4,2022-12-08,2024-03-07,574.12,511
CUST10310,Luke Duffy,Illinois,PhD,Male,39,Yes,0,2021-11-26,2022-12-09,415.75,965
CUST10880,Aaron Weber,Georgia,Associate,Male,22,Yes,2,2022-05-08,2025-04-21,244.57,101
CUST10343,Laura Atkins,Arizona,Bachelor,Non-Binary,52,Yes,1,2023-05-26,2023-12-21,194.56,588
CUST10925,Dr. Joshua Patel,Arizona,PhD,Female,53,Yes,0,2022-11-10,2024-12-22,126.1,221
CUST10860,Evelyn Li,Colorado,Master,Non-Binary,45,Yes,2,2022-07-18,2024-05-09,161.34,448
CUST10789,Chelsea Jenkins,Florida,PhD,Female,30,No,1,2022-12-11,2023-01-24,293.28,919
CUST10007,Lori Murphy,Georgia,Associate,Female,22,No,2,2024-03-25,2024-08-07,244.71,358
CUST10971,Mr. David Miranda,Arizona,Master,Non-Binary,58,No,2,2022-08-17,2024-08-20,287.36,345
CUST10120,Robert Gray,Colorado,Master,Male,77,No,2,2021-07-11,2023-02-19,458.53,893
CUST10651,Joanna Sullivan,Georgia,Master,Female,61,No,1,2022-03-08,2023-08-28,504.08,703
CUST10179,Michael King,California,Bachelor,Female,65,No,2,2024-07-06,2025-03-18,597.04,135
CUST10855,Samantha Burns,Florida,Bachelor,Female,79,No,2,2020-10-18,2024-11-05,366.09,268
CUST10023,Joshua Norris,New York,Bachelor,Female,60,Yes,1,2022-01-25,2024-04-27,858.08,460
CUST10087,Tina Singh,Arizona,Bachelor,Male,44,No,1,2023-10-28,2024-03-15,190.3,503
CUST10932,Shirley Acosta,New York,PhD,Female,68,No,1,2022-07-02,2024-10-03,25.75,301
CUST10003,Jeffrey Scott,Texas,Master,Non-Binary,41,Yes,1,2021-04-06,2024-11-05,271.66,268
CUST10008,Jennifer Gray,Georgia,High School,Female,31,Yes,1,2022-05-18,2024-03-13,350.8,505
CUST10603,Joseph Lee MD,California,Associate,Non-Binary,65,No,0,2021-04-07,2022-10-02,223.13,1033
CUST10905,Virginia Ramsey,Georgia,Master,Non-Binary,25,No,2,2022-06-17,2025-01-17,224.47,195
CUST10018,Sara Wilson,Texas,High School,Non-Binary,53,No,1,2023-07-31,2024-04-06,206.8,481
CUST10606,Patrick Peterson,Florida,Bachelor,Female,27,No,3,2022-09-14,2023-07-09,181.93,753
CUST10540,Michael Rose,Georgia,Master,Non-Binary,21,No,0,2021-12-29,2025-03-21,472.18,132
CUST10114,Melissa Hall,Washington,Master,Non-Binary,25,Yes,0,2022-02-13,2023-10-01,194.03,669
CUST10619,Henry Martinez,Colorado,High School,Male,37,No,0,2021-11-24,2024-10-16,524.72,288
CUST10338,Charles Davis,Arizona,Master,Female,50,Yes,3,2023-07-14,2025-03-09,303.98,144
CUST10641,Joshua Mccormick,Texas,PhD,Male,52,No,3,2022-12-15,2025-05-08,148.96,84
CUST10125,Erik Campbell,Arizona,PhD,Non-Binary,64,Yes,1,2022-12-31,2023-03-02,448.97,882
CUST10057,Shelley Austin,New York,PhD,Female,72,No,0,2020-12-18,2023-07-04,556.5,758
CUST10531,Mary Padilla,Georgia,Bachelor,Non-Binary,23,No,0,2021-04-09,2023-09-10,57.27,690
CUST10012,Andrew White,Colorado,Master,Male,49,No,3,2020-11-09,2022-01-09,136.19,1299
CUST10834,Cathy Sanders,Colorado,Associate,Female,78,Yes,0,2021-11-26,2022-02-26,88.21,1251
CUST10775,Luis Huffman,Ohio,Master,Non-Binary,39,No,4,2023-09-03,2025-06-05,196.73,56
CUST10074,James Garcia DDS,Florida,Master,Male,58,Yes,1,2022-05-14,2024-04-19,217.32,468
CUST10729,James Jackson,Illinois,Bachelor,Male,75,No,0,2024-02-08,2025-02-01,223.0,180
CUST10987,Victoria Wolf,Ohio,PhD,Male,22,Yes,4,2024-04-07,2024-09-12,193.09,322
CUST10982,Annette Martin,New York,Master,Female,66,Yes,4,2021-05-12,2023-06-09,423.9,783
CUST10445,Richard Copeland,Georgia,Associate,Non-Binary,72,Yes,2,2023-12-19,2024-05-25,265.23,432
CUST10141,Paul Mcdaniel,Arizona,High School,Male,49,No,3,2023-03-14,2024-10-29,1071.61,275
CUST10578,Robert Smith,California,Master,Male,74,No,0,2022-12-17,2024-02-21,369.51,526
CUST10967,Earl Waller,New York,Bachelor,Male,57,Yes,1,2022-09-26,2025-04-26,85.9,96
CUST10502,Hannah Turner,Colorado,Bachelor,Male,30,No,4,2022-04-30,2022-08-17,348.41,1079
CUST10206,Michelle Schmidt,Ohio,Associate,Female,67,Yes,0,2020-11-29,2024-06-25,108.76,401
CUST10629,Vanessa Mcmahon,Florida,Bachelor,Male,58,No,1,2023-06-27,2023-08-24,251.41,707
CUST10837,Michael Navarro,California,Bachelor,Female,70,Yes,3,2022-06-04,2022-07-14,351.55,1113
CUST10653,Angelica Martinez,Arizona,PhD,Non-Binary,80,No,0,2022-05-28,2025-07-07,1025.59,24
CUST10074,James Garcia DDS,Florida,Master,Male,58,Yes,1,2022-05-14,2023-10-08,514.47,662
CUST10435,Ralph Brown,Florida,Bachelor,Female,37,Yes,2,2020-11-18,2024-12-23,389.79,220
CUST10364,Douglas Sullivan DDS,Arizona,Master,Male,80,No,0,2023-01-30,2025-04-28,644.71,94
CUST10648,Marcus Anderson,Florida,PhD,Non-Binary,19,No,1,2021-06-24,2021-12-01,113.54,1338
CUST10077,James Chang,Georgia,Associate,Non-Binary,76,Yes,2,2022-10-10,2023-04-23,212.4,830
CUST10857,Wayne Brown,Illinois,PhD,Male,41,Yes,1,2024-01-11,2024-07-04,328.61,392
CUST10775,Luis Huffman,Ohio,Master,Non-Binary,39,No,4,2023-09-03,2024-03-15,127.28,503
CUST10689,Jonathan Tucker,Florida,PhD,Non-Binary,53,No,0,2021-07-06,2025-03-07,461.17,146
CUST10975,Max Carson,Ohio,Master,Male,34,No,0,2021-03-10,2023-08-19,476.96,712
CUST10591,Barbara Hanson,Colorado,PhD,Non-Binary,40,Yes,1,2020-09-18,2023-04-20,95.11,833
CUST10871,Jessica Lee,California,Associate,Non-Binary,42,No,2,2022-10-16,2023-05-07,187.76,816
CUST10304,Adrian Gallagher,Washington,Master,Non-Binary,58,No,2,2023-10-30,2024-02-13,937.84,534
CUST10589,Nathan Sanders,Texas,PhD,Male,71,Yes,3,2022-02-01,2024-06-04,125.21,422
CUST10589,Nathan Sanders,Texas,PhD,Male,71,Yes,3,2022-02-01,2025-06-14,223.54,47
CUST10841,Stephen Cooke,Texas,PhD,Female,55,Yes,2,2022-05-25,2022-05-31,294.22,1157
CUST10036,Matthew Pierce,Arizona,Bachelor,Non-Binary,64,Yes,0,2021-02-13,2021-12-24,87.24,1315
CUST10493,Angela Massey,Washington,Bachelor,Non-Binary,65,No,4,2023-06-15,2025-04-14,684.78,108
CUST10748,Valerie Miller,Texas,PhD,Male,27,Yes,0,2020-12-03,2021-12-18,460.52,1321
CUST10781,Michelle Wiley,Arizona,Master,Non-Binary,77,Yes,3,2024-07-14,2025-04-20,150.55,102
CUST10256,Ashley Nunez,California,Bachelor,Male,51,No,0,2021-07-13,2021-12-22,542.34,1317
CUST10777,Andrew Walker,Georgia,Master,Female,46,Yes,1,2022-10-28,2024-06-27,81.86,399
CUST10605,Cynthia Schroeder,Ohio,PhD,Non-Binary,33,No,4,2021-11-28,2023-03-25,1199.67,859
CUST10282,Jordan Tapia,Washington,High School,Non-Binary,41,Yes,2,2021-12-31,2023-11-26,310.29,613
CUST10073,Anthony Smith,California,High School,Female,20,Yes,0,2021-02-09,2023-10-22,963.85,648
CUST10788,Lori Jordan,New York,Master,Male,32,No,2,2022-01-24,2025-03-22,621.89,131
CUST10579,Johnathan Berry,Georgia,Associate,Female,78,Yes,1,2022-05-07,2024-01-19,173.49,559
CUST10727,Mary Brown,Ohio,PhD,Female,64,Yes,0,2022-05-27,2023-04-10,636.03,843
CUST10626,Lindsey Miller,New York,Master,Male,35,Yes,1,2021-12-10,2024-08-25,419.4,340
CUST10554,Danielle Davis,Georgia,Bachelor,Non-Binary,41,Yes,3,2022-04-15,2024-05-14,632.38,443
CUST10129,Christopher Mccann,Washington,Bachelor,Male,69,No,4,2024-04-20,2025-01-05,528.63,207
CUST10463,Thomas Reid,California,Associate,Non-Binary,33,No,0,2023-07-04,2024-12-18,49.19,225
CUST10451,Dominique Hughes,New York,High School,Female,26,No,2,2024-03-27,2025-03-07,465.53,146
CUST10795,Jamie Gardner,Washington,Associate,Female,47,No,1,2020-11-12,2024-04-13,113.81,474
CUST10601,Eric Norris,New York,Bachelor,Male,67,Yes,2,2024-02-10,2024-04-10,168.38,477
CUST10117,Jeffrey Miles,Arizona,High School,Male,21,Yes,2,2020-09-28,2022-08-10,464.08,1086
CUST10654,Austin Schultz,Colorado,Bachelor,Non-Binary,59,Yes,2,2021-03-22,2024-11-05,635.73,268
CUST10151,Dawn Elliott,Arizona,High School,Male,41,No,2,2022-07-07,2022-08-01,248.61,1095
CUST10336,Garrett Sanders,Florida,Master,Non-Binary,69,No,3,2021-10-17,2023-11-28,88.66,611
CUST10199,David Nguyen,Colorado,Associate,Female,70,Yes,1,2023-09-10,2024-02-28,111.63,519
CUST10466,James Pope,New York,Master,Female,50,No,1,2021-07-28,2025-04-22,50.89,100
CUST10523,Angela Allen,California,Associate,Female,46,No,0,2020-09-21,2023-12-20,596.3,589
CUST10073,Anthony Smith,California,High School,Female,20,Yes,0,2021-02-09,2021-04-10,99.97,1573
CUST10965,Kristin Dillon,Illinois,Master,Male,40,Yes,2,2022-07-29,2023-04-02,354.79,851
CUST10442,Michelle Smith,New York,High School,Female,76,No,1,2022-01-05,2025-07-06,333.73,25
CUST10842,Jordan Wilson,New York,Bachelor,Male,77,No,1,2024-06-05,2024-10-10,139.18,294
CUST10592,Suzanne Mclaughlin,Florida,High School,Female,57,No,0,2022-01-02,2025-02-11,946.26,170
CUST10586,Robert Peck,California,PhD,Female,68,No,2,2021-09-03,2024-09-14,264.8,320
CUST10450,Denise Ray,Florida,Associate,Non-Binary,43,Yes,2,2023-11-13,2025-01-21,309.64,191
CUST10381,Jeffrey Cook,Arizona,Master,Female,21,No,1,2021-06-16,2022-09-30,253.58,1035
CUST10681,Linda Wilson,New York,High School,Non-Binary,80,Yes,2,2022-05-05,2023-04-26,399.71,827
CUST10632,Fernando Fuller,Illinois,Associate,Non-Binary,75,No,2,2022-03-13,2025-02-12,288.59,169
CUST10548,Gordon Roman,New York,High School,Non-Binary,62,No,2,2023-10-11,2024-05-15,476.09,442
CUST10980,Mike Alvarado,New York,Bachelor,Male,45,No,0,2023-12-09,2025-05-19,215.24,73
CUST10670,Logan Cohen,Illinois,Bachelor,Non-Binary,75,No,1,2024-03-10,2025-02-08,480.97,173
CUST10987,Victoria Wolf,Ohio,PhD,Male,22,Yes,4,2024-04-07,2025-02-09,386.04,172
CUST10906,Kenneth Smith,California,High School,Male,68,Yes,1,2022-05-02,2025-02-15,21.05,166
CUST10964,Carla Johnson,Washington,PhD,Non-Binary,19,Yes,1,2023-08-04,2024-08-04,494.21,361
CUST10160,Donald Jones,Illinois,PhD,Female,74,No,0,2020-08-15,2025-02-12,108.46,169
CUST10080,Nicole Burns,New York,Associate,Male,23,No,3,2022-07-09,2022-07-11,677.29,1116
CUST10578,Robert Smith,California,Master,Male,74,No,0,2022-12-17,2023-03-07,251.81,877
CUST10661,Deborah Newton,Arizona,Master,Male,68,No,2,2024-07-15,2025-02-15,266.84,166
CUST10898,Heather Chavez,New York,Associate,Non-Binary,21,Yes,2,2024-04-21,2025-06-25,457.31,36
CUST10590,Nicholas Gilmore,Ohio,Master,Non-Binary,37,No,0,2021-09-24,2022-06-16,131.55,1141
CUST10317,Travis Hubbard,Texas,Associate,Male,74,No,1,2022-04-16,2023-03-21,285.9,863
CUST10033,Kelli Robinson,Arizona,PhD,Male,18,No,3,2023-05-28,2023-09-25,487.34,675
CUST10236,Tonya Brady,Texas,High School,Female,77,Yes,1,2023-12-24,2025-01-24,330.14,188
CUST10315,Patty Wood,Colorado,Associate,Male,34,Yes,0,2023-10-21,2023-10-21,301.32,649
CUST10437,Katherine Rose,California,Bachelor,Non-Binary,69,No,3,2022-09-04,2024-10-16,167.19,288
CUST10696,Cheryl Payne,Ohio,Associate,Non-Binary,38,No,1,2023-09-07,2025-05-17,303.35,75
CUST10518,Heather Mendoza,Arizona,Associate,Male,55,Yes,1,2023-11-28,2025-03-08,267.09,145
CUST10219,Karen Johns,Texas,High School,Female,28,Yes,1,2021-12-06,2025-05-03,295.77,89
CUST10308,John Bell,Georgia,Master,Female,69,No,1,2020-08-03,2023-10-24,60.43,646
CUST10967,Earl Waller,New York,Bachelor,Male,57,Yes,1,2022-09-26,2023-05-27,132.87,796
CUST10567,Kelsey Hughes,Colorado,Master,Male,65,Yes,0,2021-10-31,2021-12-08,150.51,1331
CUST10029,Amanda Rogers,Washington,PhD,Female,37,No,2,2023-12-10,2024-12-17,560.88,226
CUST10263,Rodney James,Ohio,High School,Non-Binary,61,No,0,2023-11-20,2024-05-30,227.77,427
CUST10723,Ann Brown,New York,High School,Non-Binary,66,Yes,2,2024-04-20,2024-12-28,259.1,215
CUST10596,Gary James,Georgia,Associate,Non-Binary,39,Yes,1,2024-03-12,2024-05-01,121.27,456
CUST10732,David Cooper,Illinois,High School,Male,41,Yes,0,2023-04-30,2025-03-13,424.94,140
CUST10230,Ricky Skinner,Arizona,PhD,Male,40,Yes,1,2023-05-18,2024-10-10,430.09,294
CUST10459,Michael Williams,Ohio,High School,Non-Binary,43,No,2,2022-07-21,2024-12-05,301.9,238
CUST10060,Nathaniel Price,California,Master,Female,47,No,2,2022-12-14,2023-01-20,442.41,923
CUST10277,Jason Terry,Washington,Master,Male,60,Yes,0,2020-11-08,2022-03-25,509.32,1224
CUST10866,Evelyn Bartlett,Georgia,Bachelor,Female,31,Yes,2,2021-11-19,2024-03-26,470.64,492
CUST10958,Brandon Moore,Ohio,Associate,Female,31,No,3,2022-05-19,2022-07-18,84.14,1109
CUST10307,Jennifer Wheeler,Ohio,Bachelor,Female,20,Yes,1,2021-10-13,2024-06-02,134.26,424
CUST10361,Tammy Lawrence,Washington,Master,Male,48,No,4,2024-05-27,2024-12-13,299.37,230
CUST10927,Paul Garcia,Texas,Bachelor,Male,54,No,3,2021-02-13,2022-05-27,82.16,1161
CUST10045,Amanda Berg,Illinois,Bachelor,Male,28,No,2,2023-02-23,2024-01-22,156.21,556
CUST10451,Dominique Hughes,New York,High School,Female,26,No,2,2024-03-27,2024-04-28,180.57,459
CUST10826,Elizabeth Mason,Washington,Associate,Non-Binary,75,Yes,1,2020-08-04,2022-10-12,155.78,1023
CUST10525,Michelle Campbell,Colorado,PhD,Female,72,Yes,1,2021-10-04,2022-01-21,41.24,1287
CUST10479,Jennifer Martin,Washington,PhD,Non-Binary,19,No,3,2024-02-18,2024-02-28,289.77,519
CUST10917,Beth Henry,Illinois,Bachelor,Female,51,No,1,2024-01-02,2025-07-19,1111.27,12
CUST10648,Marcus Anderson,Florida,PhD,Non-Binary,19,No,1,2021-06-24,2021-07-09,165.56,1483
CUST10176,Phyllis Mason,California,PhD,Female,38,No,3,2021-05-02,2025-01-27,860.1,185
CUST10642,Alyssa King,Colorado,Associate,Female,71,Yes,3,2023-01-04,2025-05-04,447.31,88
CUST10323,Brandon Walton,Washington,Associate,Male,54,Yes,3,2024-07-15,2025-05-19,403.45,73
CUST10954,Ronald Smith,Arizona,Master,Male,34,Yes,0,2021-06-10,2023-07-27,523.98,735
CUST10629,Vanessa Mcmahon,Florida,Bachelor,Male,58,No,1,2023-06-27,2024-02-05,419.61,542
CUST10782,Keith Alvarez,Illinois,Associate,Non-Binary,51,No,0,2022-07-27,2023-08-31,409.53,700
CUST10538,Lindsay Jones,Arizona,PhD,Male,23,Yes,0,2021-03-19,2024-01-27,187.08,551
CUST10430,Sandra King,Texas,Bachelor,Non-Binary,46,No,0,2021-10-24,2022-10-12,178.48,1023
CUST10120,Robert Gray,Colorado,Master,Male,77,No,2,2021-07-11,2024-02-18,242.76,529
CUST10058,Jennifer Anderson MD,Florida,PhD,Non-Binary,49,No,3,2021-10-20,2024-05-13,432.66,444
CUST10147,Jay James,Colorado,PhD,Female,63,Yes,2,2024-01-26,2024-03-25,456.31,493
CUST10699,Brandi Olson,Georgia,Master,Female,79,No,4,2020-10-02,2022-11-29,40.38,975
CUST10026,Joseph Mcbride,Washington,High School,Male,27,Yes,0,2021-12-07,2025-06-27,371.53,34
CUST10249,Randall Johnson,Arizona,PhD,Male,73,No,2,2023-10-14,2025-03-20,223.57,133
CUST10035,Christina Lambert,Illinois,PhD,Non-Binary,25,Yes,4,2024-01-29,2025-02-07,157.63,174
CUST10303,Antonio Sanchez,Colorado,Associate,Male,26,Yes,2,2022-11-07,2023-06-12,215.21,780
CUST10944,Elizabeth Burton,Georgia,Bachelor,Male,65,No,0,2022-01-21,2024-03-08,240.82,510
CUST10171,Catherine Mendoza,Ohio,Master,Female,43,Yes,4,2022-12-10,2025-01-18,714.88,194
CUST10546,Wendy Barker,Colorado,Bachelor,Male,75,No,0,2020-12-31,2024-07-28,463.96,368
CUST10768,Marc Smith,Arizona,Bachelor,Female,39,No,3,2024-04-08,2025-05-09,721.58,83
CUST10015,Kayla Oneill,Texas,PhD,Non-Binary,69,No,2,2021-05-07,2024-01-18,78.92,560
CUST10759,Christine Adkins,New York,Bachelor,Non-Binary,40,No,0,2024-01-28,2025-06-30,135.49,31
CUST10814,Kristin Beard,Texas,Master,Non-Binary,47,Yes,2,2022-01-08,2024-03-06,473.1,512
CUST10841,Stephen Cooke,Texas,PhD,Female,55,Yes,2,2022-05-25,2023-12-20,201.02,589
CUST10924,Christopher Craig,Florida,PhD,Female,23,No,1,2024-02-23,2024-09-17,96.92,317
CUST10948,Patricia Koch,Texas,PhD,Male,28,Yes,2,2021-01-07,2023-03-01,142.48,883
CUST10641,Joshua Mccormick,Texas,PhD,Male,52,No,3,2022-12-15,2025-02-26,288.57,155
CUST10969,Victor Johnson,Texas,PhD,Non-Binary,56,Yes,4,2022-03-11,2024-02-08,361.2,539
CUST10126,Charles Powers,Florida,Associate,Non-Binary,46,No,3,2022-10-12,2024-10-04,683.04,300
CUST10280,Gina May,Florida,Master,Female,36,Yes,0,2024-07-23,2024-08-14,94.82,351
CUST10143,Catherine Church,Georgia,PhD,Non-Binary,74,No,2,2023-09-12,2024-06-19,258.04,407
CUST10474,John Graham,Washington,Bachelor,Female,73,No,2,2023-02-06,2024-03-29,916.43,489
CUST10011,Ian Baker,Florida,Master,Non-Binary,64,No,3,2024-01-23,2024-04-13,26.76,474
CUST10794,Whitney Nichols,Georgia,Bachelor,Female,43,No,1,2021-03-07,2023-01-22,283.72,921
CUST10608,David Deleon,Washington,High School,Male,42,Yes,0,2023-08-27,2025-04-20,213.04,102
CUST10671,Michael Edwards,Illinois,Bachelor,Non-Binary,63,No,1,2022-03-30,2023-04-06,641.04,847
CUST10659,Andrew Lang,Florida,PhD,Male,58,Yes,1,2022-11-29,2023-04-18,428.0,835
CUST10821,Terri Rubio,California,Bachelor,Female,72,Yes,2,2022-07-10,2024-04-30,219.49,457
CUST10520,Crystal Horton,Georgia,Master,Non-Binary,18,No,1,2020-11-09,2020-11-22,252.1,1712
CUST10443,Andrew Thomas,Illinois,Master,Male,61,Yes,2,2021-10-24,2024-04-20,304.88,467
CUST10433,Shannon Simpson,Georgia,PhD,Female,30,Yes,1,2020-10-21,2023-06-15,422.96,777
CUST10251,Adam Weaver,Ohio,Associate,Female,44,No,0,2023-12-17,2024-03-15,344.38,503
CUST10873,Heather Strong,Arizona,High School,Male,19,Yes,3,2022-12-14,2024-05-14,121.05,443
CUST10838,Derek Salinas,Ohio,Associate,Non-Binary,62,Yes,1,2021-12-06,2023-04-12,329.5,841
CUST10578,Robert Smith,California,Master,Male,74,No,0,2022-12-17,2023-07-04,71.97,758
CUST10284,Diane Bowen,California,Associate,Non-Binary,20,No,1,2024-06-26,2025-07-13,70.62,18
CUST10088,Michael Brooks,California,Bachelor,Female,20,Yes,1,2024-02-16,2025-03-28,743.66,125
CUST10748,Valerie Miller,Texas,PhD,Male,27,Yes,0,2020-12-03,2024-12-27,393.75,216
CUST10286,Nicole Porter DVM,New York,Master,Male,46,Yes,0,2024-02-09,2024-08-02,397.45,363
CUST10447,Emily Conner,Florida,High School,Male,76,No,2,2022-06-14,2024-02-05,62.73,542
CUST10188,Jennifer Hart,Washington,Bachelor,Non-Binary,44,Yes,0,2024-04-27,2024-08-28,89.07,337
CUST10037,Justin Evans,Georgia,High School,Female,18,Yes,1,2021-11-09,2023-06-01,126.74,791
CUST10928,Jessica Pierce,Texas,Associate,Male,42,No,0,2022-10-21,2023-08-07,154.31,724
CUST10111,Samantha Patton,Florida,Master,Male,42,No,2,2021-04-23,2025-07-24,95.28,7
CUST10913,William Trujillo,Colorado,Associate,Non-Binary,79,No,4,2021-04-02,2024-09-17,948.93,317
CUST10952,Courtney Jimenez,California,Associate,Non-Binary,76,No,4,2024-05-30,2024-09-22,353.01,312
CUST10121,Daniel Bridges,California,High School,Male,63,Yes,0,2021-06-09,2024-11-29,838.08,244
CUST10250,Alicia Higgins,Texas,Master,Female,74,Yes,1,2023-10-15,2024-11-29,87.23,244
CUST10694,Lauren Williams,Ohio,PhD,Non-Binary,29,Yes,1,2023-06-18,2025-03-09,550.98,144
CUST10300,Jennifer Williams,California,Associate,Male,61,Yes,1,2022-06-25,2023-07-09,274.32,753
CUST10369,Matthew Coleman,New York,Associate,Female,73,Yes,1,2024-07-26,2025-05-17,183.71,75
CUST10356,Gabrielle Wilson,Arizona,High School,Non-Binary,44,No,2,2022-01-24,2022-09-02,64.3,1063
CUST10018,Sara Wilson,Texas,High School,Non-Binary,53,No,1,2023-07-31,2023-09-26,253.15,674
CUST10528,Mr. Gary Graham DDS,Georgia,Master,Male,35,Yes,0,2024-03-04,2024-12-09,80.42,234
CUST10247,Lawrence Garcia,New York,Bachelor,Male,72,No,1,2021-12-31,2024-03-26,218.9,492
CUST10424,John Anderson,Washington,Associate,Non-Binary,18,No,0,2024-04-24,2025-03-01,187.79,152
CUST10941,Natasha Walker,California,Associate,Non-Binary,40,Yes,1,2024-06-06,2024-09-17,34.37,317
CUST10662,Pamela Mckinney,Colorado,High School,Non-Binary,20,Yes,2,2024-02-10,2024-02-10,410.19,537
CUST10186,John Marshall,Texas,Associate,Male,80,Yes,1,2023-04-01,2025-04-20,330.13,102
CUST10036,Matthew Pierce,Arizona,Bachelor,Non-Binary,64,Yes,0,2021-02-13,2024-05-06,290.9,451
CUST10658,Matthew Flowers,Illinois,Bachelor,Male,60,No,0,2022-09-19,2025-07-01,183.91,30
CUST10456,Ronald Myers,Arizona,Associate,Non-Binary,39,Yes,2,2021-09-29,2023-12-04,26.47,605
CUST10722,Jerry Castaneda,California,Associate,Female,29,No,1,2023-08-24,2024-02-10,243.45,537
CUST10562,Dustin Bell,Florida,High School,Male,19,Yes,1,2024-04-12,2025-06-15,241.64,46
CUST10543,Amber Lewis,Georgia,High School,Male,46,Yes,3,2023-07-09,2024-11-05,263.87,268
CUST10914,Austin Sweeney,Ohio,Master,Non-Binary,56,Yes,2,2020-09-22,2023-03-04,277.8,880
CUST10673,Michael Wilson,Georgia,PhD,Non-Binary,78,Yes,3,2021-03-23,2024-11-15,801.77,258
CUST10206,Michelle Schmidt,Ohio,Associate,Female,67,Yes,0,2020-11-29,2022-01-08,438.18,1300
CUST10278,Brenda Conway,Arizona,Bachelor,Non-Binary,55,Yes,1,2022-12-16,2025-04-22,524.86,100
CUST10868,Michael Crawford,Illinois,Associate,Male,48,Yes,1,2021-08-20,2022-03-03,391.48,1246
CUST10229,Andrea Roberts,Illinois,High School,Male,76,No,1,2022-02-01,2023-04-23,158.1,830
CUST10057,Shelley Austin,New York,PhD,Female,72,No,0,2020-12-18,2021-07-10,690.75,1482
CUST10465,Juan Zamora,Colorado,High School,Female,51,No,1,2023-03-03,2023-12-20,127.56,589
CUST10167,Grant Gonzales,Ohio,Bachelor,Female,53,Yes,2,2023-02-25,2025-07-30,505.84,1
CUST10863,Sara Tanner,Texas,Bachelor,Female,64,Yes,2,2024-03-08,2025-01-23,130.34,189
CUST10474,John Graham,Washington,Bachelor,Female,73,No,2,2023-02-06,2025-06-10,410.89,51
CUST10445,Richard Copeland,Georgia,Associate,Non-Binary,72,Yes,2,2023-12-19,2024-12-22,553.27,221
CUST10827,Christopher Daniels,Illinois,PhD,Male,64,Yes,1,2021-07-18,2021-12-26,288.54,1313
CUST10611,John Walsh,New York,Master,Male,74,No,2,2021-05-15,2023-10-14,357.93,656
CUST10685,Shelley Thomas,Arizona,PhD,Female,58,No,2,2024-04-22,2025-01-15,328.23,197
CUST10080,Nicole Burns,New York,Associate,Male,23,No,3,2022-07-09,2023-01-03,451.48,940
CUST10746,Tonya Gross,Texas,PhD,Male,30,Yes,1,2021-09-06,2024-08-27,221.45,338
CUST10650,Phillip Taylor,Ohio,PhD,Non-Binary,70,Yes,1,2023-12-13,2025-06-12,251.1,49
CUST10375,Renee Simpson,Georgia,PhD,Non-Binary,29,Yes,1,2024-06-20,2024-12-08,404.52,235
CUST10536,Stephanie Munoz,California,Bachelor,Female,59,Yes,0,2020-08-28,2022-09-19,339.45,1046
CUST10993,Dawn Williams,Arizona,Associate,Male,39,Yes,0,2020-10-10,2022-05-15,371.55,1173
CUST10512,Sean Butler,Illinois,Bachelor,Male,73,Yes,3,2022-02-10,2022-03-18,146.78,1231
CUST10109,Thomas Gilbert,Florida,Master,Non-Binary,51,Yes,3,2023-03-12,2024-11-17,237.25,256
CUST10873,Heather Strong,Arizona,High School,Male,19,Yes,3,2022-12-14,2024-06-24,36.33,402
CUST10199,David Nguyen,Colorado,Associate,Female,70,Yes,1,2023-09-10,2025-03-28,222.64,125
CUST10305,Heather Russell,Washington,Master,Female,21,Yes,2,2021-12-11,2022-04-01,664.14,1217
CUST10815,Carol Peterson MD,Washington,Master,Non-Binary,46,Yes,3,2024-06-17,2024-10-27,146.51,277
CUST10935,Scott Wood MD,California,High School,Male,78,No,0,2023-02-05,2024-04-13,521.8,474
CUST10516,Anna Fleming,New York,Master,Female,36,No,2,2021-07-13,2023-08-20,432.32,711
CUST10396,Jessica Wang,Florida,PhD,Male,29,No,2,2021-03-29,2022-11-25,255.87,979
CUST10979,Carol Paul,Illinois,PhD,Female,55,Yes,1,2022-03-05,2023-07-31,221.2,731
CUST10672,Stephen Wright,Florida,Associate,Non-Binary,75,Yes,0,2021-05-24,2023-01-30,127.66,913
CUST10117,Jeffrey Miles,Arizona,High School,Male,21,Yes,2,2020-09-28,2023-03-03,402.82,881
CUST10060,Nathaniel Price,California,Master,Female,47,No,2,2022-12-14,2023-11-12,803.06,627
CUST10627,Gary Richardson,New York,Master,Non-Binary,32,No,0,2021-06-18,2022-03-17,907.88,1232
CUST10830,Kenneth Frost,New York,Master,Female,32,Yes,1,2024-04-17,2024-06-15,514.73,411
CUST10772,Dorothy Fox,California,High School,Non-Binary,50,Yes,0,2022-01-28,2023-06-01,252.86,791
CUST10788,Lori Jordan,New York,Master,Male,32,No,2,2022-01-24,2022-07-16,524.54,1111
CUST10524,Cassie Ray,California,Bachelor,Non-Binary,46,No,0,2024-06-25,2024-10-17,295.35,287
CUST10693,Sarah Snyder,California,Master,Non-Binary,29,Yes,3,2021-07-04,2024-07-25,346.09,371
CUST10106,Kenneth Martinez Jr.,Arizona,High School,Male,73,No,1,2024-05-29,2024-06-06,577.21,420
CUST10662,Pamela Mckinney,Colorado,High School,Non-Binary,20,Yes,2,2024-02-10,2024-07-14,38.89,382
CUST10982,Annette Martin,New York,Master,Female,66,Yes,4,2021-05-12,2025-01-14,143.82,198
CUST10837,Michael Navarro,California,Bachelor,Female,70,Yes,3,2022-06-04,2023-12-17,928.67,592
CUST10736,Stephanie Miller,Washington,Master,Non-Binary,50,No,2,2023-07-26,2025-06-04,136.24,57
CUST10008,Jennifer Gray,Georgia,High School,Female,31,Yes,1,2022-05-18,2024-12-22,391.88,221
CUST10413,Sarah Nelson,Georgia,Master,Male,20,Yes,1,2020-12-14,2022-10-03,272.68,1032
CUST10845,Jennifer Khan,Washington,PhD,Female,78,Yes,1,2023-10-27,2025-03-29,277.85,124
CUST10401,Jason Miller DDS,Texas,Bachelor,Male,37,No,2,2024-07-08,2024-12-19,294.22,224
CUST10172,Donna Cain,California,Bachelor,Male,19,No,0,2021-10-08,2024-11-13,541.34,260
CUST10149,Kayla Ortiz,Washington,PhD,Non-Binary,73,No,2,2022-11-09,2024-06-21,675.44,405
CUST10741,Dr. Erica Perez,California,Master,Male,73,No,0,2022-03-19,2022-08-19,48.71,1077
CUST10513,Jacob Hamilton,Arizona,Bachelor,Non-Binary,73,No,2,2023-04-26,2025-07-05,143.13,26
CUST10808,Mr. Dillon Gross,Washington,Bachelor,Female,45,No,0,2021-11-12,2023-01-02,466.19,941
CUST10475,Natalie Mitchell,California,Master,Non-Binary,24,No,2,2022-11-06,2023-02-20,96.56,892
CUST10902,Matthew Knox,Florida,High School,Male,32,Yes,0,2024-07-27,2025-06-12,255.9,49
CUST10771,Matthew Ochoa,Texas,High School,Female,20,No,0,2020-10-20,2024-10-29,226.13,275
CUST10195,Barbara Hernandez,Georgia,High School,Female,39,No,1,2023-12-23,2025-05-06,127.87,86
CUST10427,Jesse Robinson,Washington,Master,Male,75,No,0,2022-02-14,2022-10-15,470.43,1020
CUST10523,Angela Allen,California,Associate,Female,46,No,0,2020-09-21,2025-01-07,47.7,205
CUST10117,Jeffrey Miles,Arizona,High School,Male,21,Yes,2,2020-09-28,2021-01-14,84.86,1659
CUST10950,Monica Smith,Washington,Bachelor,Female,55,Yes,3,2022-07-17,2025-06-04,369.21,57
CUST10567,Kelsey Hughes,Colorado,Master,Male,65,Yes,0,2021-10-31,2022-08-23,548.39,1073
CUST10327,Collin Terrell,Ohio,Master,Male,65,No,2,2023-12-07,2024-06-28,411.63,398
CUST10370,Brandi Black,California,High School,Female,42,Yes,1,2023-05-31,2024-06-24,149.89,402
CUST10645,Scott Daniels,Ohio,Bachelor,Female,41,Yes,2,2023-05-24,2023-10-27,148.61,643
CUST10990,Peter Kemp,California,High School,Non-Binary,29,Yes,2,2022-11-20,2024-04-13,361.44,474
CUST10922,Tammie Lopez,Washington,Associate,Male,73,No,0,2021-10-10,2022-07-18,574.05,1109
CUST10066,Richard Walker,California,Bachelor,Non-Binary,71,Yes,0,2022-10-24,2024-02-05,67.18,542
CUST10707,Steven Smith,Washington,Master,Non-Binary,74,No,0,2021-01-14,2023-05-15,492.34,808
CUST10990,Peter Kemp,California,High School,Non-Binary,29,Yes,2,2022-11-20,2024-04-17,750.37,470
CUST10546,Wendy Barker,Colorado,Bachelor,Male,75,No,0,2020-12-31,2021-10-31,154.1,1369
CUST10604,Bethany Sanders,Colorado,Associate,Female,38,Yes,2,2023-08-20,2023-11-11,753.49,628
CUST10497,Elizabeth Mcbride,Washington,Associate,Male,32,No,1,2023-05-18,2023-11-24,219.01,615
CUST10027,Douglas Rowland,Texas,Bachelor,Male,46,Yes,2,2021-04-29,2022-07-28,512.72,1099
CUST10349,James Smith,Arizona,High School,Non-Binary,64,No,0,2021-11-21,2023-08-21,79.13,710
CUST10155,Gavin Olson,Ohio,Associate,Non-Binary,50,No,1,2021-02-05,2021-04-05,220.88,1578
CUST10759,Christine Adkins,New York,Bachelor,Non-Binary,40,No,0,2024-01-28,2024-09-14,703.11,320
CUST10975,Max Carson,Ohio,Master,Male,34,No,0,2021-03-10,2023-04-03,392.81,850
CUST10325,Valerie Shelton,New York,Associate,Male,21,No,0,2022-03-17,2023-07-25,464.53,737
CUST10594,Ashley Pope,Washington,Associate,Male,31,No,0,2023-10-13,2023-11-14,346.34,625
CUST10617,Dr. Stacy Cervantes,California,Master,Male,54,No,3,2024-04-18,2024-08-18,374.24,347
CUST10698,Nathan Long,Colorado,PhD,Male,65,No,2,2024-01-15,2024-04-12,764.7,475
CUST10197,Nicole Alvarez,Washington,Master,Male,46,Yes,1,2021-08-26,2024-07-16,539.15,380
CUST10764,Cassie Morgan,Florida,Bachelor,Non-Binary,67,Yes,1,2024-07-14,2024-10-19,196.45,285
CUST10538,Lindsay Jones,Arizona,PhD,Male,23,Yes,0,2021-03-19,2022-04-02,238.59,1216
CUST10680,Samantha Johnson,Texas,PhD,Male,80,Yes,0,2022-10-05,2025-05-28,915.92,64
CUST10185,Randy Buchanan,Texas,Associate,Female,70,No,3,2022-09-03,2025-01-07,95.95,205
CUST10110,Christopher Mccormick,New York,Associate,Male,48,Yes,2,2022-12-10,2024-01-13,168.62,565
CUST10770,Bryan Chavez,New York,High School,Non-Binary,64,No,1,2024-02-08,2025-04-06,116.3,116
CUST10672,Stephen Wright,Florida,Associate,Non-Binary,75,Yes,0,2021-05-24,2021-11-18,367.24,1351
CUST10679,Ann Rose,Arizona,Associate,Male,54,Yes,0,2022-10-04,2024-05-13,314.08,444
CUST10495,Andrew Hogan,Florida,High School,Non-Binary,49,No,3,2022-03-10,2024-11-27,206.37,246
CUST10215,Daniel Bishop,Washington,Master,Non-Binary,40,No,2,2021-01-25,2023-09-14,219.51,686
CUST10386,Courtney Nelson,New York,High School,Male,71,No,2,2020-09-20,2024-05-11,141.63,446
CUST10834,Cathy Sanders,Colorado,Associate,Female,78,Yes,0,2021-11-26,2022-08-27,89.57,1069
CUST10545,Alexander Ramirez,Illinois,Master,Female,67,No,0,2022-11-11,2023-11-09,55.68,630
CUST10557,Shane Ross,Texas,Associate,Male,23,Yes,3,2021-03-15,2024-07-28,213.09,368
CUST10447,Emily Conner,Florida,High School,Male,76,No,2,2022-06-14,2025-06-20,234.58,41
CUST10828,Dr. Malik Zamora,Illinois,High School,Male,64,No,4,2021-06-25,2022-03-31,312.27,1218
CUST10208,Daniel Patton,Arizona,Associate,Male,62,Yes,0,2020-10-29,2020-12-24,619.66,1680
CUST10406,Kimberly Huynh,California,Bachelor,Male,52,Yes,4,2021-08-24,2023-05-13,120.3,810
CUST10088,Michael Brooks,California,Bachelor,Female,20,Yes,1,2024-02-16,2024-03-17,58.9,501
CUST10894,Jared Williamson,California,PhD,Non-Binary,60,No,1,2023-07-18,2024-02-28,72.98,519
CUST10572,Kristen Reynolds,Colorado,Master,Male,52,No,2,2024-05-19,2024-07-20,284.27,376
CUST10326,Melissa Price,Texas,Bachelor,Non-Binary,65,No,2,2020-09-11,2024-10-28,190.76,276
CUST10810,Richard Bailey,Illinois,High School,Non-Binary,77,Yes,0,2023-01-08,2023-10-03,213.79,667
CUST10963,Tyler Snyder,Colorado,Bachelor,Non-Binary,23,No,0,2021-06-12,2022-11-16,610.64,988
CUST10451,Dominique Hughes,New York,High School,Female,26,No,2,2024-03-27,2024-10-05,201.14,299
CUST10505,Maria Berry,Georgia,PhD,Male,66,No,1,2023-12-27,2025-05-20,210.19,72
CUST10008,Jennifer Gray,Georgia,High School,Female,31,Yes,1,2022-05-18,2025-06-29,239.51,32
CUST10558,Andrew Rivera,Colorado,High School,Male,69,No,2,2024-06-13,2024-12-13,685.06,230
CUST10291,Jeffrey Johnson,Arizona,Bachelor,Male,45,Yes,1,2024-03-28,2024-04-05,688.55,482
CUST10544,Todd Allen,Arizona,Master,Male,32,No,0,2020-08-03,2023-09-03,395.33,697
CUST10059,Amy Davis,Georgia,PhD,Male,21,Yes,2,2021-10-20,2022-03-02,554.73,1247
CUST10589,Nathan Sanders,Texas,PhD,Male,71,Yes,3,2022-02-01,2022-08-11,313.09,1085
CUST10010,Joseph Reed,Florida,High School,Female,29,No,0,2020-09-01,2021-04-26,55.49,1557
CUST10260,Karen Kim,California,Master,Non-Binary,54,No,0,2024-03-27,2024-12-23,207.51,220
CUST10011,Ian Baker,Florida,Master,Non-Binary,64,No,3,2024-01-23,2024-02-01,650.67,546
CUST10202,Whitney Marshall,California,Bachelor,Non-Binary,37,No,2,2020-10-28,2023-03-21,155.27,863
CUST10827,Christopher Daniels,Illinois,PhD,Male,64,Yes,1,2021-07-18,2022-05-12,236.52,1176
CUST10474,John Graham,Washington,Bachelor,Female,73,No,2,2023-02-06,2024-11-21,279.47,252
CUST10384,Briana Drake,Texas,Master,Male,75,Yes,3,2022-06-13,2025-07-08,74.86,23
CUST10951,George Hill,Washington,High School,Female,20,No,0,2020-07-31,2024-07-27,253.58,369
CUST10445,Richard Copeland,Georgia,Associate,Non-Binary,72,Yes,2,2023-12-19,2025-02-19,88.58,162
CUST10301,Chloe Morrison,Florida,Master,Female,23,Yes,3,2021-06-18,2022-11-13,272.38,991
CUST10632,Fernando Fuller,Illinois,Associate,Non-Binary,75,No,2,2022-03-13,2025-07-09,570.41,22
CUST10204,Jacob Perkins,Colorado,Bachelor,Male,47,Yes,3,2023-04-26,2024-02-15,825.49,532
CUST10313,Jamie Harrison,Georgia,PhD,Female,33,Yes,1,2021-04-12,2024-06-14,328.8,412
CUST10745,Robert Mosley,Washington,PhD,Female,20,No,1,2020-08-09,2023-07-12,271.1,750
CUST10750,Cheryl Morgan,Texas,Associate,Female,20,Yes,1,2023-11-30,2024-03-10,331.31,508
CUST10111,Samantha Patton,Florida,Master,Male,42,No,2,2021-04-23,2024-06-08,277.87,418
CUST10507,William Patel,California,Associate,Female,72,No,1,2022-01-14,2023-02-18,300.76,894
CUST10856,Julie Henry,Georgia,High School,Female,25,No,2,2023-12-03,2024-03-28,669.87,490
CUST10691,John Velasquez,Ohio,Associate,Female,66,No,0,2021-11-22,2025-05-12,73.15,80
CUST10073,Anthony Smith,California,High School,Female,20,Yes,0,2021-02-09,2025-04-07,92.09,115
CUST10012,Andrew White,Colorado,Master,Male,49,No,3,2020-11-09,2023-04-04,810.51,849
CUST10451,Dominique Hughes,New York,High School,Female,26,No,2,2024-03-27,2024-04-11,315.72,476
CUST10096,Laura White,California,High School,Female,41,Yes,0,2020-08-06,2022-07-05,489.52,1122
CUST10457,Debra Schroeder,Colorado,High School,Non-Binary,52,No,4,2023-09-14,2024-09-15,15.17,319
CUST10279,Anthony Mcdonald,Georgia,Bachelor,Male,42,No,0,2021-04-07,2025-04-20,389.47,102
CUST10561,Joseph Krueger,Florida,Associate,Female,24,Yes,0,2022-06-30,2024-02-29,458.74,518
CUST10603,Joseph Lee MD,California,Associate,Non-Binary,65,No,0,2021-04-07,2025-06-09,289.52,52
CUST10042,William Weeks,Arizona,Associate,Male,25,Yes,1,2020-10-28,2021-09-12,145.74,1418
CUST10500,Sandra Matthews,Ohio,Master,Non-Binary,72,Yes,2,2023-01-20,2024-10-26,167.07,278
CUST10184,Stephen Miller,Colorado,PhD,Male,62,Yes,0,2020-08-25,2021-08-13,156.01,1448
CUST10598,April Edwards,Georgia,Associate,Female,35,No,1,2023-09-18,2025-05-01,207.69,91
CUST10424,John Anderson,Washington,Associate,Non-Binary,18,No,0,2024-04-24,2025-06-21,101.17,40
CUST10007,Lori Murphy,Georgia,Associate,Female,22,No,2,2024-03-25,2025-04-02,642.85,120
CUST10982,Annette Martin,New York,Master,Female,66,Yes,4,2021-05-12,2022-08-27,184.86,1069
CUST10812,Alison Stanley,New York,Master,Non-Binary,45,No,2,2021-02-15,2023-03-02,723.48,882
CUST10855,Samantha Burns,Florida,Bachelor,Female,79,No,2,2020-10-18,2022-04-19,98.9,1199
CUST10569,Brandon Castro,Illinois,Master,Non-Binary,35,Yes,2,2022-06-29,2022-08-31,520.18,1065
CUST10001,Anthony Gordon,Washington,Associate,Non-Binary,32,No,1,2023-02-20,2025-07-24,447.45,7
CUST10797,Michael Cameron,Florida,Bachelor,Non-Binary,27,No,0,2021-05-26,2023-06-01,397.36,791
CUST10505,Maria Berry,Georgia,PhD,Male,66,No,1,2023-12-27,2024-05-21,590.12,436
CUST10228,Victor Johnston DDS,Colorado,High School,Male,47,No,4,2022-10-07,2022-11-08,428.86,996
CUST10794,Whitney Nichols,Georgia,Bachelor,Female,43,No,1,2021-03-07,2022-01-30,295.82,1278
CUST10687,Deborah Gibson,Texas,High School,Male,48,Yes,2,2024-06-21,2025-06-02,382.73,59
CUST10747,Sean Gonzalez,Ohio,Associate,Male,27,No,3,2022-10-08,2024-11-24,142.33,249
CUST10315,Patty Wood,Colorado,Associate,Male,34,Yes,0,2023-10-21,2024-12-02,89.04,241
CUST10756,Melissa Roberts,Illinois,PhD,Male,24,No,2,2024-03-30,2025-04-22,54.77,100
CUST10697,John Butler,Ohio,High School,Non-Binary,25,Yes,3,2022-12-25,2024-10-05,127.73,299
CUST10020,Christopher Sparks,Florida,Bachelor,Female,31,No,0,2023-09-19,2024-06-01,157.66,425
CUST10412,James Gonzalez,California,PhD,Male,33,No,0,2024-05-06,2024-11-17,469.97,256
CUST10563,Jim Johnson PhD,Illinois,Associate,Male,44,No,2,2021-12-27,2022-05-14,1294.0,1174
CUST10475,Natalie Mitchell,California,Master,Non-Binary,24,No,2,2022-11-06,2023-06-21,66.34,771
CUST10830,Kenneth Frost,New York,Master,Female,32,Yes,1,2024-04-17,2025-03-28,141.03,125
CUST10301,Chloe Morrison,Florida,Master,Female,23,Yes,3,2021-06-18,2022-12-18,18.45,956
CUST10734,Christine Baker,Ohio,Associate,Female,34,Yes,3,2022-08-05,2023-10-13,336.26,657
CUST10778,Jillian Bauer PhD,Texas,PhD,Non-Binary,57,Yes,4,2023-05-20,2024-05-27,122.19,430
CUST10578,Robert Smith,California,Master,Male,74,No,0,2022-12-17,2023-12-31,644.7,578
CUST10844,Nancy Wood,California,High School,Female,40,Yes,1,2023-04-02,2025-04-21,591.9,101
CUST10896,Charles Love,Illinois,High School,Non-Binary,38,No,2,2022-10-17,2024-02-26,159.98,521
CUST10733,Jean Reed,Florida,Associate,Male,68,Yes,4,2023-07-27,2024-10-13,691.07,291
CUST10736,Stephanie Miller,Washington,Master,Non-Binary,50,No,2,2023-07-26,2024-06-19,764.03,407
CUST10116,Ellen Alexander,Colorado,High School,Male,37,Yes,1,2020-11-14,2020-12-05,161.04,1699
CUST10574,David Jensen,New York,Bachelor,Non-Binary,51,No,4,2021-05-11,2023-11-16,182.46,623
CUST10438,Natasha Buchanan,Illinois,High School,Non-Binary,48,Yes,0,2024-01-13,2024-02-08,91.75,539
CUST10614,Cynthia Campbell,California,Associate,Male,27,No,1,2021-06-01,2021-07-16,724.5,1476
CUST10841,Stephen Cooke,Texas,PhD,Female,55,Yes,2,2022-05-25,2025-05-21,449.71,71
CUST10583,Sergio Taylor,New York,Master,Non-Binary,32,No,1,2020-10-01,2023-01-30,337.6,913
CUST10494,Christopher Golden,Texas,PhD,Male,35,No,2,2020-11-19,2023-10-20,147.0,650
CUST10238,Ruben Hendricks,Texas,Master,Male,52,No,1,2024-06-07,2024-11-27,150.77,246
CUST10453,Christian Villanueva,California,Master,Non-Binary,33,No,2,2023-02-23,2023-07-08,411.83,754
CUST10388,Ronald Ramirez,Illinois,High School,Male,50,No,2,2022-05-24,2024-09-23,146.05,311
CUST10044,Briana Burgess,Florida,High School,Male,36,Yes,4,2024-03-23,2024-10-25,104.28,279
CUST10257,Mary Wilkins,Washington,Associate,Non-Binary,41,No,0,2022-08-01,2022-12-22,131.74,952
CUST10937,Raven Perry,Ohio,Associate,Male,71,No,2,2022-07-06,2023-05-24,474.71,799
CUST10323,Brandon Walton,Washington,Associate,Male,54,Yes,3,2024-07-15,2024-12-27,539.49,216
CUST10751,Bonnie Buchanan,New York,Master,Male,26,No,1,2020-12-20,2021-10-11,826.48,1389
CUST10803,Nicole Berry,Ohio,PhD,Female,36,Yes,2,2023-09-17,2025-01-27,206.38,185
CUST10620,Jesse Pratt,Texas,Master,Male,64,No,0,2023-04-13,2024-01-22,235.96,556
CUST10942,Christie Rodriguez,Washington,PhD,Female,66,No,1,2023-01-23,2023-05-03,299.16,820
CUST10410,Jay Mercer,Illinois,Master,Male,45,Yes,0,2022-02-01,2022-06-30,118.01,1127
CUST10257,Mary Wilkins,Washington,Associate,Non-Binary,41,No,0,2022-08-01,2025-05-30,458.08,62
CUST10426,Jessica Anderson,Washington,High School,Female,38,Yes,2,2023-05-10,2024-09-22,175.95,312
CUST10791,Leon Austin,Texas,Bachelor,Male,40,No,1,2024-02-12,2025-02-06,554.28,175
CUST10367,Daniel Thompson,Illinois,High School,Male,38,No,3,2023-03-26,2024-05-02,144.7,455
CUST10231,Carrie Williams,Ohio,PhD,Male,28,No,1,2020-10-08,2021-08-26,307.87,1435
CUST10688,Christine Martinez,New York,Associate,Male,54,Yes,1,2024-02-24,2024-12-17,228.45,226
CUST10555,Andrew Watson,California,PhD,Female,64,No,0,2022-09-10,2023-08-08,931.9,723
CUST10055,Bethany Keller,Georgia,Associate,Female,43,Yes,3,2024-06-08,2024-09-01,79.94,333
CUST10187,Craig Eaton,New York,Master,Non-Binary,66,Yes,0,2022-11-24,2024-08-30,287.55,335
CUST10822,Laura Roy,Georgia,High School,Male,23,No,2,2024-06-16,2024-12-13,245.35,230
CUST10409,Gwendolyn Brooks,Illinois,High School,Female,26,Yes,0,2021-04-01,2022-03-21,221.29,1228
CUST10873,Heather Strong,Arizona,High School,Male,19,Yes,3,2022-12-14,2025-04-05,53.68,117
CUST10380,Thomas Kelly,Colorado,Bachelor,Non-Binary,77,Yes,1,2022-08-31,2022-09-27,320.78,1038
CUST10687,Deborah Gibson,Texas,High School,Male,48,Yes,2,2024-06-21,2024-08-28,715.09,337
CUST10222,Mr. Lance Cisneros,Texas,Associate,Non-Binary,64,No,2,2022-11-03,2024-04-02,795.31,485
CUST10295,Lisa Ball,Arizona,Master,Male,26,No,3,2024-02-05,2025-01-17,72.83,195
CUST10843,Matthew Thompson,Ohio,High School,Non-Binary,56,No,2,2024-03-28,2025-03-05,408.23,148
CUST10213,Vicki Massey,Arizona,PhD,Non-Binary,25,No,0,2022-08-12,2024-12-14,212.85,229
CUST10880,Aaron Weber,Georgia,Associate,Male,22,Yes,2,2022-05-08,2023-01-01,566.25,942
CUST10035,Christina Lambert,Illinois,PhD,Non-Binary,25,Yes,4,2024-01-29,2024-03-02,339.85,516
CUST10276,Sandra Torres,Texas,High School,Non-Binary,59,No,1,2023-08-15,2023-10-10,123.99,660
CUST10399,Dr. Ryan Coleman,Texas,High School,Non-Binary,37,Yes,1,2020-11-24,2025-03-06,108.02,147
CUST10718,Jessica Whitaker,California,Bachelor,Male,68,No,1,2022-06-02,2022-07-11,513.91,1116
CUST10811,Carolyn Smith,Florida,Associate,Male,28,No,2,2023-03-10,2024-06-26,477.39,400
CUST10831,Monica Martinez,Washington,Associate,Male,79,Yes,1,2022-06-27,2025-05-15,533.99,77
CUST10917,Beth Henry,Illinois,Bachelor,Female,51,No,1,2024-01-02,2025-06-26,373.48,35
CUST10784,Connie Page,Georgia,High School,Female,51,No,0,2023-10-30,2024-11-08,372.9,265
CUST10863,Sara Tanner,Texas,Bachelor,Female,64,Yes,2,2024-03-08,2025-05-27,353.17,65
CUST10200,Nicole Maynard,Texas,Bachelor,Female,51,Yes,1,2021-08-30,2024-01-17,222.5,561
CUST10272,Ray Lopez,Arizona,Master,Female,24,No,2,2022-10-23,2024-06-02,270.38,424
CUST10585,Monica Lawson,Colorado,Master,Male,57,No,1,2020-10-18,2021-04-30,285.84,1553
CUST10089,Alexandria Scott,Colorado,Bachelor,Male,21,Yes,2,2023-08-16,2024-04-29,66.73,458
CUST10621,Michelle Munoz,Georgia,Bachelor,Female,25,No,2,2024-04-11,2024-09-15,258.41,319
CUST10086,Perry Cooke,Florida,High School,Female,47,Yes,1,2022-11-13,2025-02-06,122.84,175
CUST10967,Earl Waller,New York,Bachelor,Male,57,Yes,1,2022-09-26,2024-08-22,1679.37,343
CUST10257,Mary Wilkins,Washington,Associate,Non-Binary,41,No,0,2022-08-01,2024-10-11,249.94,293
CUST10197,Nicole Alvarez,Washington,Master,Male,46,Yes,1,2021-08-26,2022-04-18,270.44,1200
CUST10185,Randy Buchanan,Texas,Associate,Female,70,No,3,2022-09-03,2023-02-11,740.78,901
CUST10828,Dr. Malik Zamora,Illinois,High School,Male,64,No,4,2021-06-25,2025-07-18,902.16,13
CUST10363,David Lopez,Georgia,High School,Female,75,No,3,2024-05-10,2024-10-29,153.36,275
CUST10795,Jamie Gardner,Washington,Associate,Female,47,No,1,2020-11-12,2023-12-31,88.57,578
CUST10155,Gavin Olson,Ohio,Associate,Non-Binary,50,No,1,2021-02-05,2021-02-22,249.01,1620
CUST10870,Joshua Anthony,Illinois,Master,Non-Binary,33,Yes,0,2023-03-17,2025-07-23,144.75,8
CUST10161,Barbara Jones,Ohio,High School,Male,54,Yes,1,2024-04-21,2024-04-28,445.22,459
CUST10733,Jean Reed,Florida,Associate,Male,68,Yes,4,2023-07-27,2024-05-11,167.26,446
CUST10151,Dawn Elliott,Arizona,High School,Male,41,No,2,2022-07-07,2022-11-11,151.1,993
CUST10192,Jeffrey Stewart,Georgia,High School,Female,34,Yes,0,2024-04-09,2025-07-05,292.24,26
CUST10643,Samuel Hobbs,Georgia,PhD,Female,66,No,3,2022-04-01,2023-12-18,521.98,591
CUST10183,Casey Arnold,Florida,PhD,Female,24,No,1,2023-08-22,2023-10-29,351.4,641
CUST10319,Scott Perez,Florida,High School,Non-Binary,47,Yes,1,2021-09-19,2022-08-19,517.13,1077
CUST10430,Sandra King,Texas,Bachelor,Non-Binary,46,No,0,2021-10-24,2023-07-01,217.52,761
CUST10867,Alexander Koch,Georgia,Bachelor,Male,53,No,4,2022-12-10,2023-07-03,124.51,759
CUST10391,Melissa Patrick,Florida,PhD,Non-Binary,76,No,2,2021-06-08,2024-08-03,204.33,362
CUST10203,Kim Bennett,Florida,High School,Female,43,No,0,2021-03-25,2025-02-13,425.88,168
CUST10385,Stephen Gray,New York,Associate,Female,25,No,4,2022-04-10,2022-04-18,287.61,1200
CUST10854,Brittany Fox,New York,Master,Male,74,Yes,0,2023-04-12,2024-01-08,210.03,570
CUST10555,Andrew Watson,California,PhD,Female,64,No,0,2022-09-10,2024-07-21,181.04,375
CUST10823,Courtney Meyer,Georgia,High School,Non-Binary,35,Yes,0,2021-12-21,2025-07-28,51.81,3
CUST10493,Angela Massey,Washington,Bachelor,Non-Binary,65,No,4,2023-06-15,2023-12-03,1006.45,606
CUST10315,Patty Wood,Colorado,Associate,Male,34,Yes,0,2023-10-21,2024-07-21,201.18,375
CUST10171,Catherine Mendoza,Ohio,Master,Female,43,Yes,4,2022-12-10,2025-01-09,382.23,203
CUST10396,Jessica Wang,Florida,PhD,Male,29,No,2,2021-03-29,2023-02-15,231.05,897
CUST10640,Amanda Yoder,Colorado,Master,Female,57,No,1,2023-02-26,2023-04-28,239.48,825
CUST10264,Gabriel Garrison,Colorado,PhD,Non-Binary,45,Yes,1,2020-08-08,2021-01-22,270.12,1651
CUST10050,Marilyn Jackson,New York,Bachelor,Male,32,No,1,2024-06-22,2025-04-29,174.73,93
CUST10532,Lee Miller,California,High School,Non-Binary,61,No,0,2021-12-28,2022-06-20,407.71,1137
CUST10042,William Weeks,Arizona,Associate,Male,25,Yes,1,2020-10-28,2025-07-21,717.44,10
CUST10143,Catherine Church,Georgia,PhD,Non-Binary,74,No,2,2023-09-12,2025-04-21,551.16,101
CUST10955,Nicole Garcia,Colorado,Bachelor,Female,30,Yes,1,2023-11-03,2024-07-20,119.76,376
CUST10226,Darren Bishop,Ohio,Associate,Male,64,Yes,1,2022-01-09,2022-12-19,363.46,955
CUST10409,Gwendolyn Brooks,Illinois,High School,Female,26,Yes,0,2021-04-01,2024-06-01,156.32,425
CUST10602,William Reed,Florida,High School,Female,69,No,0,2021-05-06,2021-10-17,137.78,1383
CUST10296,Felicia Ward,New York,High School,Male,71,Yes,4,2022-09-20,2023-12-13,95.95,596
CUST10238,Ruben Hendricks,Texas,Master,Male,52,No,1,2024-06-07,2024-07-01,304.35,395
CUST10964,Carla Johnson,Washington,PhD,Non-Binary,19,Yes,1,2023-08-04,2025-07-30,51.78,1
CUST10687,Deborah Gibson,Texas,High School,Male,48,Yes,2,2024-06-21,2025-05-21,212.69,71
CUST10280,Gina May,Florida,Master,Female,36,Yes,0,2024-07-23,2025-01-17,594.5,195
CUST10715,Nicholas Bond,California,Associate,Male,75,Yes,2,2020-08-24,2024-09-07,103.81,327
CUST10864,Travis Christensen,California,Bachelor,Non-Binary,65,No,1,2024-07-26,2025-04-12,206.83,110
CUST10350,Haley Herring,New York,High School,Male,33,No,2,2023-07-02,2025-07-06,276.95,25
CUST10651,Joanna Sullivan,Georgia,Master,Female,61,No,1,2022-03-08,2022-07-18,800.64,1109
CUST10337,William Cohen,Illinois,PhD,Non-Binary,20,No,0,2021-08-14,2025-07-08,428.96,23
CUST10998,Nicole Cunningham,Ohio,Bachelor,Non-Binary,37,Yes,1,2020-09-23,2025-05-19,62.4,73
CUST10464,Edwin Woodward,Colorado,Master,Non-Binary,40,No,0,2022-11-07,2024-06-28,701.21,398
CUST10216,Kimberly Parker,Arizona,Associate,Non-Binary,41,Yes,2,2022-11-27,2023-12-07,325.23,602
CUST10841,Stephen Cooke,Texas,PhD,Female,55,Yes,2,2022-05-25,2023-07-20,70.14,742
CUST10167,Grant Gonzales,Ohio,Bachelor,Female,53,Yes,2,2023-02-25,2025-01-13,260.5,199
CUST10969,Victor Johnson,Texas,PhD,Non-Binary,56,Yes,4,2022-03-11,2024-10-18,550.91,286
CUST10436,Sean Santos,Georgia,Bachelor,Non-Binary,68,Yes,2,2021-12-19,2022-10-09,77.24,1026
CUST10956,Richard Mercado,New York,Bachelor,Non-Binary,74,No,1,2021-05-25,2022-10-14,299.78,1021
CUST10831,Monica Martinez,Washington,Associate,Male,79,Yes,1,2022-06-27,2025-03-30,34.15,123
CUST10795,Jamie Gardner,Washington,Associate,Female,47,No,1,2020-11-12,2024-06-13,175.64,413
CUST10835,Riley Torres,New York,PhD,Non-Binary,49,Yes,1,2020-11-28,2021-02-18,467.17,1624
CUST10759,Christine Adkins,New York,Bachelor,Non-Binary,40,No,0,2024-01-28,2025-01-27,627.7,185
CUST10844,Nancy Wood,California,High School,Female,40,Yes,1,2023-04-02,2023-12-11,497.4,598
CUST10347,Kristine Phillips,Washington,Master,Non-Binary,37,No,2,2020-12-25,2022-10-22,287.38,1013
CUST10055,Bethany Keller,Georgia,Associate,Female,43,Yes,3,2024-06-08,2024-09-04,242.66,330
CUST10039,Nicole Sanchez,Florida,PhD,Non-Binary,65,Yes,1,2023-01-14,2024-04-19,393.26,468
CUST10298,Benjamin Ramirez,Georgia,Bachelor,Non-Binary,30,No,1,2024-07-03,2024-09-22,485.5,312
CUST10790,Michael Mitchell,Georgia,Master,Non-Binary,45,No,1,2022-07-19,2023-10-16,726.2,654
CUST10775,Luis Huffman,Ohio,Master,Non-Binary,39,No,4,2023-09-03,2025-06-12,643.72,49
CUST10377,Kenneth Bird,Illinois,PhD,Male,69,Yes,0,2023-06-23,2024-10-15,558.47,289
CUST10151,Dawn Elliott,Arizona,High School,Male,41,No,2,2022-07-07,2025-04-30,860.27,92
CUST10834,Cathy Sanders,Colorado,Associate,Female,78,Yes,0,2021-11-26,2025-04-12,202.61,110
CUST10807,Matthew Hopkins,Illinois,Bachelor,Male,43,No,0,2021-06-19,2025-07-16,204.31,15
CUST10681,Linda Wilson,New York,High School,Non-Binary,80,Yes,2,2022-05-05,2024-03-13,119.53,505
CUST10141,Paul Mcdaniel,Arizona,High School,Male,49,No,3,2023-03-14,2025-05-14,129.71,78
CUST10202,Whitney Marshall,California,Bachelor,Non-Binary,37,No,2,2020-10-28,2023-05-23,468.96,800
CUST10153,Michele Brown,Ohio,PhD,Female,70,Yes,1,2024-06-22,2025-01-31,272.32,181
CUST10196,Kristin Pearson,Colorado,Master,Non-Binary,64,No,1,2022-11-30,2023-10-24,52.51,646
CUST10710,Derek Smith,Illinois,PhD,Male,63,Yes,0,2021-05-02,2023-07-12,90.22,750
CUST10165,Ashley Kim,Illinois,Master,Non-Binary,32,Yes,0,2021-09-25,2025-03-04,187.22,149
CUST10254,Dean Wright,Florida,PhD,Male,80,No,0,2021-05-30,2023-05-09,106.6,814
CUST10615,Frank Bowman,New York,Master,Non-Binary,59,No,3,2024-01-25,2024-07-22,381.63,374
CUST10750,Cheryl Morgan,Texas,Associate,Female,20,Yes,1,2023-11-30,2024-04-28,582.04,459
CUST10776,Christopher Smith,Washington,Master,Male,60,Yes,0,2024-05-03,2025-01-05,342.57,207
CUST10319,Scott Perez,Florida,High School,Non-Binary,47,Yes,1,2021-09-19,2023-09-24,179.62,676
CUST10567,Kelsey Hughes,Colorado,Master,Male,65,Yes,0,2021-10-31,2025-05-02,221.28,90
CUST10396,Jessica Wang,Florida,PhD,Male,29,No,2,2021-03-29,2024-05-22,353.31,435
CUST10865,Patrick Peters,Ohio,Master,Non-Binary,49,No,0,2022-10-01,2023-01-24,285.24,919
CUST10249,Randall Johnson,Arizona,PhD,Male,73,No,2,2023-10-14,2024-11-26,437.45,247
CUST10255,Paul Smith,Florida,Master,Non-Binary,38,No,0,2022-03-20,2022-09-21,207.73,1044
CUST10601,Eric Norris,New York,Bachelor,Male,67,Yes,2,2024-02-10,2024-12-27,754.56,216
CUST10308,John Bell,Georgia,Master,Female,69,No,1,2020-08-03,2024-04-26,65.33,461
CUST10870,Joshua Anthony,Illinois,Master,Non-Binary,33,Yes,0,2023-03-17,2025-07-03,94.68,28
CUST10382,Crystal Hines,Ohio,High School,Male,41,Yes,1,2022-06-10,2025-03-30,233.05,123
CUST10791,Leon Austin,Texas,Bachelor,Male,40,No,1,2024-02-12,2024-12-23,233.49,220
CUST10754,Brian Harris,California,Master,Male,28,Yes,1,2021-05-02,2024-11-30,267.79,243
CUST10987,Victoria Wolf,Ohio,PhD,Male,22,Yes,4,2024-04-07,2024-04-20,404.79,467
CUST10109,Thomas Gilbert,Florida,Master,Non-Binary,51,Yes,3,2023-03-12,2024-05-05,622.66,452
CUST10076,Roberto Lewis,Colorado,Bachelor,Female,79,No,1,2023-02-11,2023-03-15,134.27,869
CUST10509,Andrew Griffith,Washington,PhD,Male,32,No,0,2023-08-20,2023-11-09,181.73,630
CUST10851,Robert Arnold,Ohio,Associate,Male,43,No,1,2024-01-09,2024-08-25,13.75,340
CUST10298,Benjamin Ramirez,Georgia,Bachelor,Non-Binary,30,No,1,2024-07-03,2025-05-25,472.7,67
CUST10280,Gina May,Florida,Master,Female,36,Yes,0,2024-07-23,2024-07-27,256.81,369
CUST10186,John Marshall,Texas,Associate,Male,80,Yes,1,2023-04-01,2023-12-02,127.87,607
CUST10162,Mark Erickson,Texas,Master,Female,43,Yes,2,2023-12-06,2025-01-13,533.36,199
CUST10513,Jacob Hamilton,Arizona,Bachelor,Non-Binary,73,No,2,2023-04-26,2023-05-28,201.34,795
CUST10682,William Morgan,Florida,Master,Non-Binary,22,Yes,2,2020-09-18,2020-11-01,300.65,1733
CUST10936,Shannon Guzman,New York,Bachelor,Male,43,Yes,3,2020-12-05,2021-08-03,421.26,1458
CUST10648,Marcus Anderson,Florida,PhD,Non-Binary,19,No,1,2021-06-24,2025-02-09,102.1,172
CUST10394,Stuart Young,California,Bachelor,Female,33,No,1,2021-02-10,2024-08-31,406.19,334
CUST10797,Michael Cameron,Florida,Bachelor,Non-Binary,27,No,0,2021-05-26,2022-11-20,544.77,984
CUST10344,Jennifer Garcia,Washington,High School,Male,74,Yes,1,2020-11-22,2024-08-10,239.79,355
CUST10335,Donald Martin,California,Associate,Non-Binary,67,Yes,4,2020-07-31,2022-04-01,233.2,1217
CUST10043,Timothy Contreras,Colorado,PhD,Non-Binary,23,No,1,2023-11-08,2025-05-31,69.75,61
CUST10893,Jeff Miller,California,High School,Male,26,Yes,3,2022-09-11,2024-09-02,227.18,332
CUST10179,Michael King,California,Bachelor,Female,65,No,2,2024-07-06,2024-09-08,509.26,326
CUST10252,Danielle Roberts,Texas,High School,Female,38,No,0,2024-06-18,2025-01-10,315.58,202
CUST10633,Cole Ward,Colorado,Master,Non-Binary,67,Yes,0,2023-11-04,2024-12-10,184.55,233
CUST10620,Jesse Pratt,Texas,Master,Male,64,No,0,2023-04-13,2023-11-23,972.36,616
CUST10725,John Tyler,Arizona,Bachelor,Female,69,No,2,2023-06-18,2023-10-08,381.06,662
CUST10240,Travis Herring,Colorado,High School,Non-Binary,34,Yes,0,2024-07-02,2025-01-29,182.15,183
CUST10120,Robert Gray,Colorado,Master,Male,77,No,2,2021-07-11,2021-11-14,127.88,1355
CUST10737,Gary Ellis,Texas,Bachelor,Male,33,No,0,2020-11-20,2021-04-27,816.13,1556
CUST10734,Christine Baker,Ohio,Associate,Female,34,Yes,3,2022-08-05,2023-10-31,241.27,639
CUST10177,Dr. Regina King PhD,Texas,Associate,Female,58,Yes,0,2020-09-24,2024-06-22,511.56,404
CUST10917,Beth Henry,Illinois,Bachelor,Female,51,No,1,2024-01-02,2024-04-01,665.33,486
CUST10105,Shelley King,Colorado,Bachelor,Male,65,No,2,2022-06-22,2022-11-28,353.82,976
CUST10563,Jim Johnson PhD,Illinois,Associate,Male,44,No,2,2021-12-27,2025-07-17,429.46,14
CUST10443,Andrew Thomas,Illinois,Master,Male,61,Yes,2,2021-10-24,2024-07-25,259.34,371
CUST10402,Antonio Peters,Illinois,Associate,Non-Binary,42,No,1,2022-01-30,2025-03-03,234.78,150
CUST10920,Barbara Jackson,Arizona,Master,Female,70,No,1,2021-05-17,2021-08-22,457.11,1439
CUST10150,Mary Keller,Arizona,Bachelor,Female,74,Yes,1,2021-04-01,2021-06-06,369.48,1516
CUST10185,Randy Buchanan,Texas,Associate,Female,70,No,3,2022-09-03,2023-07-23,724.74,739
CUST10311,Dennis Moss,Ohio,Bachelor,Female,53,Yes,2,2023-06-15,2023-12-14,248.34,595
CUST10269,Elizabeth Salazar,Colorado,High School,Female,55,Yes,0,2021-03-17,2022-08-05,153.75,1091
CUST10107,Shelley Mcdowell,Florida,High School,Male,61,No,0,2020-08-17,2020-09-18,138.68,1777
CUST10628,Joseph Mcbride,Ohio,Master,Non-Binary,66,Yes,3,2024-01-27,2024-10-23,714.76,281
CUST10321,Micheal Davis,Texas,High School,Female,39,Yes,3,2023-12-30,2025-04-15,620.18,107
CUST10220,Elizabeth Monroe,Illinois,PhD,Female,61,Yes,3,2023-04-26,2024-09-08,571.92,326
CUST10826,Elizabeth Mason,Washington,Associate,Non-Binary,75,Yes,1,2020-08-04,2023-10-20,252.67,650
CUST10297,Michelle Rogers,Arizona,Master,Female,40,Yes,2,2024-07-24,2024-12-12,439.55,231
CUST10850,Elizabeth Edwards,Colorado,Bachelor,Male,34,Yes,1,2022-01-29,2023-06-10,160.27,782
CUST10957,Stephanie Mills,Colorado,Associate,Non-Binary,73,Yes,1,2023-06-02,2025-06-17,746.32,44
CUST10952,Courtney Jimenez,California,Associate,Non-Binary,76,No,4,2024-05-30,2025-07-15,1213.68,16
CUST10180,Julia Dennis,Washington,PhD,Non-Binary,45,No,0,2021-03-02,2025-02-07,140.06,174
CUST10742,Kayla Hunter,Colorado,Bachelor,Female,65,Yes,0,2023-11-08,2025-05-05,363.52,87
CUST10235,Ashley Olson,Arizona,Master,Non-Binary,48,Yes,3,2020-08-25,2023-05-25,335.68,798
CUST10062,Taylor Cook,Texas,Master,Male,57,No,0,2020-09-18,2022-07-26,200.21,1101
CUST10517,Jonathan Cunningham PhD,Ohio,Master,Non-Binary,54,No,2,2021-02-02,2021-08-02,300.11,1459
CUST10573,Brandy Willis,Arizona,High School,Male,72,Yes,0,2020-08-02,2023-11-09,137.54,630
CUST10690,Leah Moore,Arizona,Bachelor,Non-Binary,24,Yes,1,2021-07-24,2023-03-17,111.61,867
CUST10417,Mason Tate,Florida,High School,Non-Binary,55,Yes,3,2023-11-24,2025-07-23,308.06,8
CUST10400,Daniel Gregory,Colorado,Associate,Female,38,Yes,2,2022-09-20,2023-11-24,160.39,615
CUST10611,John Walsh,New York,Master,Male,74,No,2,2021-05-15,2023-07-31,181.51,731
CUST10354,Jennifer Marshall,New York,Master,Non-Binary,45,No,1,2021-05-19,2023-10-24,253.08,646
CUST10025,Timothy Wright,Ohio,Master,Female,58,Yes,2,2021-06-12,2023-06-02,448.22,790
CUST10136,Jennifer Moore,Florida,Master,Male,64,No,0,2021-07-15,2023-12-15,313.94,594
CUST10936,Shannon Guzman,New York,Bachelor,Male,43,Yes,3,2020-12-05,2023-02-17,600.28,895
CUST10977,Charles Harris,Ohio,Associate,Female,31,Yes,4,2021-03-12,2023-07-13,119.63,749
CUST10377,Kenneth Bird,Illinois,PhD,Male,69,Yes,0,2023-06-23,2024-02-24,334.28,523
CUST10534,Matthew Smith,Texas,Associate,Female,76,No,1,2024-03-23,2025-06-12,386.49,49
CUST10709,Jason Haynes,California,Bachelor,Female,36,No,1,2023-10-03,2025-05-27,192.63,65
CUST10861,Angela Johnson,California,High School,Non-Binary,32,No,0,2023-11-16,2024-04-19,357.14,468
CUST10357,John Thomas,Ohio,Master,Female,63,Yes,0,2023-03-10,2024-09-27,228.29,307
CUST10477,Caleb Perry,Ohio,High School,Female,63,No,0,2022-12-27,2023-05-03,264.41,820
CUST10143,Catherine Church,Georgia,PhD,Non-Binary,74,No,2,2023-09-12,2023-10-27,140.17,643
CUST10397,Jennifer Patel,Texas,Bachelor,Non-Binary,70,Yes,1,2023-03-17,2025-06-27,380.78,34
CUST10709,Jason Haynes,California,Bachelor,Female,36,No,1,2023-10-03,2024-07-07,475.97,389
CUST10702,Nathan Brown,Ohio,Master,Non-Binary,18,Yes,1,2024-01-21,2024-10-06,689.77,298
CUST10403,Kristine Hernandez,Arizona,Bachelor,Male,65,No,3,2021-01-26,2024-05-21,993.35,436
CUST10285,Miranda Stone,Arizona,Associate,Female,45,No,2,2023-09-09,2024-03-06,267.58,512
CUST10157,Justin Wilson PhD,Texas,High School,Male,76,Yes,0,2024-04-08,2024-04-25,559.4,462
CUST10806,Amanda Willis,Ohio,PhD,Non-Binary,66,Yes,4,2024-02-14,2024-09-17,441.16,317
CUST10817,Veronica Davidson,Ohio,PhD,Male,74,Yes,2,2022-12-15,2024-10-03,419.81,301
CUST10618,Kelly Beard,Colorado,Bachelor,Non-Binary,58,Yes,1,2021-03-17,2023-09-09,220.46,691
CUST10896,Charles Love,Illinois,High School,Non-Binary,38,No,2,2022-10-17,2023-09-28,195.61,672
CUST10388,Ronald Ramirez,Illinois,High School,Male,50,No,2,2022-05-24,2022-12-07,146.87,967
CUST10031,Albert Anderson,New York,High School,Non-Binary,39,No,1,2022-01-17,2023-07-28,484.95,734
CUST10070,Veronica Horn,Florida,Master,Female,80,No,0,2020-10-24,2021-05-26,187.89,1527
CUST10424,John Anderson,Washington,Associate,Non-Binary,18,No,0,2024-04-24,2024-11-29,220.32,244
CUST10261,Richard Thomas,Texas,Master,Male,45,Yes,0,2021-08-06,2022-01-02,395.85,1306
CUST10148,Erin Mason,Florida,PhD,Male,37,Yes,2,2020-11-28,2023-05-07,71.65,816
CUST10894,Jared Williamson,California,PhD,Non-Binary,60,No,1,2023-07-18,2024-12-09,567.52,234
CUST10137,Brian Meyer Jr.,Washington,Master,Non-Binary,61,No,3,2022-10-24,2024-01-03,102.54,575
CUST10315,Patty Wood,Colorado,Associate,Male,34,Yes,0,2023-10-21,2024-05-13,324.4,444
CUST10109,Thomas Gilbert,Florida,Master,Non-Binary,51,Yes,3,2023-03-12,2024-01-03,254.76,575
CUST10535,Teresa Garcia,Georgia,High School,Female,28,No,0,2024-05-15,2024-08-16,548.8,349
CUST10466,James Pope,New York,Master,Female,50,No,1,2021-07-28,2022-02-08,204.52,1269
CUST10899,Megan Olson,Georgia,Associate,Female,50,Yes,0,2023-03-26,2024-02-26,170.48,521
CUST10355,Wendy Diaz,Ohio,High School,Male,22,Yes,2,2022-06-05,2025-07-24,185.89,7
CUST10380,Thomas Kelly,Colorado,Bachelor,Non-Binary,77,Yes,1,2022-08-31,2023-06-26,492.89,766
CUST10808,Mr. Dillon Gross,Washington,Bachelor,Female,45,No,0,2021-11-12,2025-06-21,733.57,40
CUST10122,Brandy Robertson,Florida,PhD,Female,76,No,2,2021-09-19,2022-01-06,190.83,1302
CUST10208,Daniel Patton,Arizona,Associate,Male,62,Yes,0,2020-10-29,2022-08-24,204.05,1072
CUST10690,Leah Moore,Arizona,Bachelor,Non-Binary,24,Yes,1,2021-07-24,2024-11-30,422.53,243
CUST10079,Amber Moreno,Florida,Bachelor,Male,46,No,3,2023-08-11,2023-12-14,926.94,595
CUST10240,Travis Herring,Colorado,High School,Non-Binary,34,Yes,0,2024-07-02,2024-10-22,279.92,282
CUST10821,Terri Rubio,California,Bachelor,Female,72,Yes,2,2022-07-10,2024-07-29,379.4,367
CUST10981,Olivia Smith,Arizona,Associate,Male,25,Yes,1,2024-03-20,2025-03-05,191.35,148
CUST10146,Beverly Webb,Georgia,Master,Female,78,No,2,2023-09-06,2024-06-19,185.69,407
CUST10609,Joseph Wallace,Washington,Bachelor,Male,45,No,3,2020-12-28,2021-09-24,285.3,1406
CUST10212,Joseph Williams,Arizona,Associate,Female,39,No,1,2021-03-13,2023-10-20,99.38,650
CUST10969,Victor Johnson,Texas,PhD,Non-Binary,56,Yes,4,2022-03-11,2023-01-19,140.23,924
CUST10111,Samantha Patton,Florida,Master,Male,42,No,2,2021-04-23,2024-03-15,532.84,503
CUST10402,Antonio Peters,Illinois,Associate,Non-Binary,42,No,1,2022-01-30,2022-02-02,295.48,1275
CUST10598,April Edwards,Georgia,Associate,Female,35,No,1,2023-09-18,2025-02-22,235.57,159
CUST10440,Linda Merritt,Colorado,Master,Non-Binary,40,Yes,1,2022-04-19,2023-02-03,155.21,909
CUST10225,James Walker,Georgia,PhD,Male,49,No,2,2021-10-08,2025-05-29,418.11,63
CUST10936,Shannon Guzman,New York,Bachelor,Male,43,Yes,3,2020-12-05,2025-04-03,405.15,119
CUST10122,Brandy Robertson,Florida,PhD,Female,76,No,2,2021-09-19,2022-11-24,284.75,980
CUST10153,Michele Brown,Ohio,PhD,Female,70,Yes,1,2024-06-22,2025-07-23,278.95,8
CUST10856,Julie Henry,Georgia,High School,Female,25,No,2,2023-12-03,2025-02-04,388.14,177
CUST10363,David Lopez,Georgia,High School,Female,75,No,3,2024-05-10,2024-08-12,237.46,353
CUST10135,Deanna Payne,Ohio,Associate,Female,51,Yes,0,2023-11-11,2025-06-06,599.35,55
CUST10011,Ian Baker,Florida,Master,Non-Binary,64,No,3,2024-01-23,2024-12-22,718.06,221
CUST10601,Eric Norris,New York,Bachelor,Male,67,Yes,2,2024-02-10,2024-08-27,158.4,338
CUST10363,David Lopez,Georgia,High School,Female,75,No,3,2024-05-10,2024-10-12,173.64,292
CUST10173,David Sanchez,Arizona,PhD,Non-Binary,54,Yes,1,2022-01-11,2025-06-27,200.5,34
CUST10777,Andrew Walker,Georgia,Master,Female,46,Yes,1,2022-10-28,2024-04-07,235.96,480
CUST10587,John Clark,New York,Master,Female,53,Yes,3,2022-04-05,2023-11-09,120.58,630
CUST10366,Sherri Webster,California,Bachelor,Male,80,Yes,2,2022-05-29,2023-01-23,380.12,920
CUST10771,Matthew Ochoa,Texas,High School,Female,20,No,0,2020-10-20,2024-04-26,72.39,461
CUST10315,Patty Wood,Colorado,Associate,Male,34,Yes,0,2023-10-21,2023-12-19,143.28,590
CUST10324,Stephanie Austin,Arizona,High School,Non-Binary,70,No,1,2020-10-24,2021-10-20,263.85,1380
CUST10471,Brian Mullins,Arizona,PhD,Female,77,Yes,1,2020-09-18,2021-05-18,146.22,1535
CUST10101,Melissa Flores,Georgia,Master,Non-Binary,78,No,2,2023-01-06,2023-01-24,819.51,919
CUST10137,Brian Meyer Jr.,Washington,Master,Non-Binary,61,No,3,2022-10-24,2024-06-19,186.07,407
CUST10886,Elizabeth Brown,Washington,Bachelor,Female,79,No,0,2022-09-05,2024-12-11,130.36,232
CUST10211,Jessica Calhoun,Texas,High School,Male,36,No,1,2020-09-21,2023-03-03,335.66,881
CUST10398,Teresa Gardner,Illinois,High School,Male,72,Yes,3,2023-12-01,2025-04-19,324.26,103
CUST10747,Sean Gonzalez,Ohio,Associate,Male,27,No,3,2022-10-08,2023-11-12,293.95,627
CUST10778,Jillian Bauer PhD,Texas,PhD,Non-Binary,57,Yes,4,2023-05-20,2023-10-24,232.23,646
CUST10000,Chloe Sanford,Colorado,Associate,Non-Binary,77,No,1,2024-07-04,2025-06-06,114.19,55
CUST10388,Ronald Ramirez,Illinois,High School,Male,50,No,2,2022-05-24,2023-12-16,221.43,593
CUST10839,Samuel Barron,California,Master,Non-Binary,54,Yes,2,2021-05-27,2025-06-16,546.23,45
CUST10889,Andrew Lopez,Colorado,High School,Male,27,No,2,2021-11-05,2024-12-15,211.01,228
CUST10340,Elizabeth Phillips,California,Bachelor,Non-Binary,80,No,0,2020-08-30,2024-12-01,422.12,242
CUST10884,Dennis Brennan,Florida,Bachelor,Female,73,No,2,2023-05-28,2023-08-27,296.7,704
CUST10469,Rick Oconnell,Florida,Associate,Male,19,No,2,2023-05-24,2024-12-05,187.27,238
CUST10701,Megan Garrett,Georgia,Associate,Non-Binary,80,Yes,1,2022-05-12,2022-09-05,169.77,1060
CUST10406,Kimberly Huynh,California,Bachelor,Male,52,Yes,4,2021-08-24,2022-11-12,401.79,992
CUST10970,Francisco Alvarez,New York,High School,Male,36,Yes,2,2021-11-01,2023-01-26,250.99,917
CUST10824,Megan Perry,Illinois,High School,Non-Binary,74,Yes,2,2020-09-11,2020-12-02,179.67,1702
CUST10142,Savannah Williams,Georgia,Associate,Male,79,No,1,2024-07-22,2025-05-28,773.01,64
CUST10726,Mary King,Arizona,High School,Female,55,No,1,2020-11-12,2022-03-10,303.3,1239
CUST10602,William Reed,Florida,High School,Female,69,No,0,2021-05-06,2022-05-18,387.97,1170
CUST10684,David Roy,Illinois,High School,Male,27,No,0,2021-09-22,2023-08-07,149.66,724
CUST10170,Mark Perez,California,Master,Non-Binary,22,No,0,2023-12-26,2024-02-18,698.1,529
CUST10039,Nicole Sanchez,Florida,PhD,Non-Binary,65,Yes,1,2023-01-14,2025-01-19,364.86,193
CUST10760,Becky May,Colorado,Master,Female,23,Yes,2,2024-06-07,2025-03-05,421.43,148
CUST10711,Tanya Moore,Arizona,PhD,Male,73,Yes,4,2023-08-30,2025-04-02,495.21,120
CUST10656,William Kim,Florida,PhD,Non-Binary,25,Yes,2,2023-09-11,2024-03-26,61.72,492
CUST10111,Samantha Patton,Florida,Master,Male,42,No,2,2021-04-23,2021-09-18,179.51,1412
CUST10131,Daniel Park,New York,PhD,Non-Binary,39,Yes,3,2022-10-29,2025-06-11,429.54,50
CUST10187,Craig Eaton,New York,Master,Non-Binary,66,Yes,0,2022-11-24,2024-07-02,272.22,394
CUST10538,Lindsay Jones,Arizona,PhD,Male,23,Yes,0,2021-03-19,2021-10-10,216.28,1390
CUST10172,Donna Cain,California,Bachelor,Male,19,No,0,2021-10-08,2024-03-01,399.07,517
CUST10142,Savannah Williams,Georgia,Associate,Male,79,No,1,2024-07-22,2025-01-06,166.7,206
CUST10126,Charles Powers,Florida,Associate,Non-Binary,46,No,3,2022-10-12,2024-01-18,266.54,560
CUST10899,Megan Olson,Georgia,Associate,Female,50,Yes,0,2023-03-26,2025-05-11,861.92,81
CUST10084,Michael Nelson,Florida,High School,Female,41,Yes,2,2022-01-18,2024-05-31,343.62,426
CUST10070,Veronica Horn,Florida,Master,Female,80,No,0,2020-10-24,2024-11-24,193.13,249
CUST10691,John Velasquez,Ohio,Associate,Female,66,No,0,2021-11-22,2022-09-16,154.77,1049
CUST10380,Thomas Kelly,Colorado,Bachelor,Non-Binary,77,Yes,1,2022-08-31,2024-07-14,331.3,382
CUST10632,Fernando Fuller,Illinois,Associate,Non-Binary,75,No,2,2022-03-13,2024-10-07,183.46,297
CUST10958,Brandon Moore,Ohio,Associate,Female,31,No,3,2022-05-19,2024-06-04,84.55,422
CUST10600,Mark Thompson,Ohio,Associate,Female,49,Yes,0,2020-10-21,2023-08-21,529.23,710
CUST10942,Christie Rodriguez,Washington,PhD,Female,66,No,1,2023-01-23,2025-04-13,361.59,109
CUST10549,Brett Campbell,Colorado,Master,Male,22,No,3,2020-11-01,2024-03-22,155.32,496
CUST10102,Tyler Black,Texas,PhD,Male,34,No,1,2022-05-16,2022-07-14,205.06,1113
CUST10110,Christopher Mccormick,New York,Associate,Male,48,Yes,2,2022-12-10,2025-07-24,321.11,7
CUST10764,Cassie Morgan,Florida,Bachelor,Non-Binary,67,Yes,1,2024-07-14,2024-08-18,434.21,347
CUST10027,Douglas Rowland,Texas,Bachelor,Male,46,Yes,2,2021-04-29,2022-08-21,530.96,1075
CUST10671,Michael Edwards,Illinois,Bachelor,Non-Binary,63,No,1,2022-03-30,2025-07-26,241.63,5
CUST10163,Scott Mitchell,California,Associate,Non-Binary,28,Yes,2,2020-10-22,2023-08-15,417.51,716
CUST10947,Teresa Valdez,Washington,Master,Male,39,No,0,2022-03-29,2024-05-13,586.69,444
CUST10397,Jennifer Patel,Texas,Bachelor,Non-Binary,70,Yes,1,2023-03-17,2023-04-14,237.92,839
CUST10297,Michelle Rogers,Arizona,Master,Female,40,Yes,2,2024-07-24,2024-12-30,342.15,213
CUST10383,Willie Green,Colorado,PhD,Non-Binary,74,Yes,1,2022-01-22,2025-01-08,233.32,204
CUST10089,Alexandria Scott,Colorado,Bachelor,Male,21,Yes,2,2023-08-16,2024-07-13,997.66,383
CUST10678,Nancy Rogers,Ohio,High School,Male,40,Yes,0,2022-06-09,2024-03-29,1010.95,489
CUST10136,Jennifer Moore,Florida,Master,Male,64,No,0,2021-07-15,2023-06-01,83.15,791
CUST10311,Dennis Moss,Ohio,Bachelor,Female,53,Yes,2,2023-06-15,2024-06-21,152.72,405
CUST10673,Michael Wilson,Georgia,PhD,Non-Binary,78,Yes,3,2021-03-23,2024-07-20,362.23,376
CUST10365,Yesenia Johnson,Illinois,Bachelor,Non-Binary,27,Yes,0,2023-04-21,2023-10-18,590.46,652
CUST10562,Dustin Bell,Florida,High School,Male,19,Yes,1,2024-04-12,2024-08-29,354.31,336
CUST10613,Maria Parker,Florida,Master,Non-Binary,59,No,2,2022-03-20,2024-09-18,147.83,316
CUST10725,John Tyler,Arizona,Bachelor,Female,69,No,2,2023-06-18,2023-10-09,565.84,661
CUST10978,Kenneth Vang,Texas,Master,Non-Binary,75,No,0,2021-05-08,2022-07-13,351.1,1114
CUST10125,Erik Campbell,Arizona,PhD,Non-Binary,64,Yes,1,2022-12-31,2023-12-09,525.47,600
CUST10450,Denise Ray,Florida,Associate,Non-Binary,43,Yes,2,2023-11-13,2024-11-08,144.05,265
CUST10679,Ann Rose,Arizona,Associate,Male,54,Yes,0,2022-10-04,2023-01-18,712.77,925
CUST10663,Jacob Morrison,California,PhD,Male,19,Yes,1,2020-12-12,2022-08-19,124.2,1077
CUST10757,Jennifer Wilcox,Colorado,Associate,Non-Binary,21,Yes,0,2024-06-01,2025-06-17,213.38,44
CUST10908,Adam Ellison,Washington,High School,Female,77,Yes,1,2021-07-12,2024-02-21,265.83,526
CUST10865,Patrick Peters,Ohio,Master,Non-Binary,49,No,0,2022-10-01,2024-09-17,662.43,317
CUST10132,Mark Ross,Florida,Bachelor,Male,24,No,2,2022-07-14,2024-05-22,316.21,435
CUST10962,Richard Rogers,Colorado,Associate,Female,26,No,0,2024-05-08,2025-02-28,508.61,153
CUST10056,Brian Williams,Florida,Master,Non-Binary,60,No,0,2023-03-06,2023-05-07,297.45,816
CUST10130,Eric Nelson,Ohio,Bachelor,Female,44,Yes,1,2022-01-19,2024-02-28,45.53,519
CUST10006,Jeffrey Torres,Colorado,Bachelor,Non-Binary,72,No,1,2021-01-18,2025-05-20,706.34,72
CUST10694,Lauren Williams,Ohio,PhD,Non-Binary,29,Yes,1,2023-06-18,2024-08-22,127.32,343
CUST10005,Cynthia Moody,Texas,Master,Female,37,Yes,0,2022-05-17,2023-06-08,183.02,784
CUST10272,Ray Lopez,Arizona,Master,Female,24,No,2,2022-10-23,2024-11-04,206.68,269
CUST10579,Johnathan Berry,Georgia,Associate,Female,78,Yes,1,2022-05-07,2022-11-14,293.04,990
CUST10000,Chloe Sanford,Colorado,Associate,Non-Binary,77,No,1,2024-07-04,2024-11-30,206.25,243
CUST10845,Jennifer Khan,Washington,PhD,Female,78,Yes,1,2023-10-27,2023-12-07,56.11,602
CUST10227,William Mclean,California,PhD,Female,64,Yes,0,2023-12-20,2024-10-30,38.87,274
CUST10505,Maria Berry,Georgia,PhD,Male,66,No,1,2023-12-27,2025-06-03,197.63,58
CUST10464,Edwin Woodward,Colorado,Master,Non-Binary,40,No,0,2022-11-07,2024-05-06,497.41,451
CUST10070,Veronica Horn,Florida,Master,Female,80,No,0,2020-10-24,2023-03-05,287.83,879
CUST10360,Michael Wright,Illinois,Associate,Non-Binary,18,Yes,1,2021-04-25,2023-04-07,394.76,846
CUST10152,Catherine Santiago,New York,Master,Female,75,No,1,2021-05-10,2023-05-01,423.14,822
CUST10712,Matthew Keller,Washington,Bachelor,Female,42,Yes,3,2021-01-05,2024-03-22,205.45,496
CUST10959,Angela Huber,Arizona,PhD,Non-Binary,70,No,0,2021-10-14,2025-05-18,39.71,74
CUST10155,Gavin Olson,Ohio,Associate,Non-Binary,50,No,1,2021-02-05,2023-05-29,348.39,794
CUST10690,Leah Moore,Arizona,Bachelor,Non-Binary,24,Yes,1,2021-07-24,2023-03-21,315.12,863
CUST10432,Tina Elliott,Washington,Master,Female,49,No,1,2024-05-19,2024-08-18,205.12,347
CUST10330,Jeffrey Wells,Georgia,Bachelor,Male,63,Yes,1,2023-09-08,2024-05-23,206.69,434
CUST10987,Victoria Wolf,Ohio,PhD,Male,22,Yes,4,2024-04-07,2025-07-29,309.0,2
CUST10552,Margaret Mcfarland,Georgia,Associate,Non-Binary,36,No,2,2024-01-20,2025-06-12,357.7,49
CUST10689,Jonathan Tucker,Florida,PhD,Non-Binary,53,No,0,2021-07-06,2024-01-06,239.33,572
CUST10750,Cheryl Morgan,Texas,Associate,Female,20,Yes,1,2023-11-30,2025-04-15,140.18,107
CUST10496,Haley Dyer,Florida,Bachelor,Female,53,No,0,2023-11-17,2025-04-30,137.05,92
CUST10381,Jeffrey Cook,Arizona,Master,Female,21,No,1,2021-06-16,2023-07-11,77.5,751
CUST10957,Stephanie Mills,Colorado,Associate,Non-Binary,73,Yes,1,2023-06-02,2023-06-12,360.06,780
CUST10236,Tonya Brady,Texas,High School,Female,77,Yes,1,2023-12-24,2025-01-24,168.51,188
CUST10388,Ronald Ramirez,Illinois,High School,Male,50,No,2,2022-05-24,2023-06-06,239.19,786
CUST10595,Maria Jackson,California,Master,Female,72,No,2,2023-09-08,2024-01-01,280.37,577
CUST10007,Lori Murphy,Georgia,Associate,Female,22,No,2,2024-03-25,2025-02-07,119.05,174
CUST10797,Michael Cameron,Florida,Bachelor,Non-Binary,27,No,0,2021-05-26,2021-12-13,283.8,1326
CUST10465,Juan Zamora,Colorado,High School,Female,51,No,1,2023-03-03,2024-01-28,149.17,550
CUST10849,Nicole Oliver,Georgia,Master,Male,29,No,2,2023-04-02,2024-12-24,233.14,219
CUST10143,Catherine Church,Georgia,PhD,Non-Binary,74,No,2,2023-09-12,2024-12-14,269.26,229
CUST10163,Scott Mitchell,California,Associate,Non-Binary,28,Yes,2,2020-10-22,2021-03-12,253.29,1602
CUST10774,Brad Guzman,Texas,Associate,Female,43,Yes,2,2021-05-15,2023-02-17,134.66,895
CUST10294,Connor Young,New York,High School,Male,66,Yes,1,2021-06-01,2023-09-13,121.26,687
CUST10254,Dean Wright,Florida,PhD,Male,80,No,0,2021-05-30,2024-04-18,481.41,469
CUST10609,Joseph Wallace,Washington,Bachelor,Male,45,No,3,2020-12-28,2024-04-17,454.83,470
CUST10954,Ronald Smith,Arizona,Master,Male,34,Yes,0,2021-06-10,2025-07-03,876.09,28
CUST10783,Patrick Douglas,Colorado,Master,Male,76,No,1,2022-01-04,2023-01-04,124.91,939
CUST10217,Sara Patton MD,Georgia,Master,Male,49,Yes,3,2021-07-28,2023-03-24,106.26,860
CUST10770,Bryan Chavez,New York,High School,Non-Binary,64,No,1,2024-02-08,2025-04-16,1092.66,106
CUST10572,Kristen Reynolds,Colorado,Master,Male,52,No,2,2024-05-19,2025-05-23,156.87,69
CUST10124,Luis Villa,Illinois,High School,Female,39,Yes,2,2023-03-06,2023-12-07,198.2,602
CUST10467,Kaitlyn Hudson,New York,PhD,Female,55,No,2,2022-07-11,2023-05-15,324.55,808
CUST10291,Jeffrey Johnson,Arizona,Bachelor,Male,45,Yes,1,2024-03-28,2025-01-23,238.78,189
CUST10534,Matthew Smith,Texas,Associate,Female,76,No,1,2024-03-23,2024-07-01,314.21,395
CUST10797,Michael Cameron,Florida,Bachelor,Non-Binary,27,No,0,2021-05-26,2022-03-01,121.24,1248
CUST10615,Frank Bowman,New York,Master,Non-Binary,59,No,3,2024-01-25,2025-01-04,492.89,208
CUST10564,Mary Shaw,Washington,Master,Female,41,No,0,2024-07-13,2024-08-17,165.64,348
CUST10172,Donna Cain,California,Bachelor,Male,19,No,0,2021-10-08,2023-06-07,502.04,785
CUST10110,Christopher Mccormick,New York,Associate,Male,48,Yes,2,2022-12-10,2022-12-10,339.12,964
CUST10248,Michelle Rojas,Arizona,Master,Non-Binary,65,No,4,2021-05-06,2025-07-09,298.07,22
CUST10110,Christopher Mccormick,New York,Associate,Male,48,Yes,2,2022-12-10,2023-08-21,116.23,710
CUST10698,Nathan Long,Colorado,PhD,Male,65,No,2,2024-01-15,2025-06-20,112.3,41
CUST10295,Lisa Ball,Arizona,Master,Male,26,No,3,2024-02-05,2024-04-11,164.56,476
CUST10986,Catherine Choi,Texas,PhD,Female,40,No,2,2022-05-23,2022-08-07,650.61,1089
CUST10681,Linda Wilson,New York,High School,Non-Binary,80,Yes,2,2022-05-05,2025-02-19,517.4,162
CUST10839,Samuel Barron,California,Master,Non-Binary,54,Yes,2,2021-05-27,2023-03-07,515.85,877
CUST10083,Marc Olson,Florida,Associate,Non-Binary,73,No,2,2022-11-17,2023-08-12,472.39,719
CUST10848,Brandon Phillips,Washington,Bachelor,Male,55,No,4,2023-03-02,2023-08-28,395.93,703
CUST10219,Karen Johns,Texas,High School,Female,28,Yes,1,2021-12-06,2024-02-09,92.62,538
CUST10858,Lisa Wong,Arizona,Master,Female,75,Yes,2,2021-02-19,2024-07-04,118.22,392
CUST10926,Amy Smith,Colorado,PhD,Female,36,No,1,2023-07-27,2025-02-05,179.5,176
CUST10408,Jennifer Schultz,Georgia,Bachelor,Non-Binary,69,Yes,2,2023-04-30,2024-08-25,780.2,340
CUST10632,Fernando Fuller,Illinois,Associate,Non-Binary,75,No,2,2022-03-13,2025-05-12,394.95,80
CUST10906,Kenneth Smith,California,High School,Male,68,Yes,1,2022-05-02,2023-07-04,197.63,758
CUST10924,Christopher Craig,Florida,PhD,Female,23,No,1,2024-02-23,2024-07-08,342.09,388
CUST10228,Victor Johnston DDS,Colorado,High School,Male,47,No,4,2022-10-07,2023-07-01,207.77,761
CUST10274,Tracy Tate,Illinois,Master,Female,51,Yes,0,2023-07-05,2024-04-22,45.38,465
CUST10602,William Reed,Florida,High School,Female,69,No,0,2021-05-06,2025-06-25,61.66,36
CUST10467,Kaitlyn Hudson,New York,PhD,Female,55,No,2,2022-07-11,2024-09-14,1142.12,320
CUST10495,Andrew Hogan,Florida,High School,Non-Binary,49,No,3,2022-03-10,2025-02-16,136.05,165
CUST10182,Donna Nichols DDS,Florida,Master,Non-Binary,78,No,3,2024-01-10,2025-05-21,276.36,71
CUST10674,Robert Turner,Ohio,Associate,Female,78,No,1,2021-10-06,2024-10-11,1024.66,293
CUST10698,Nathan Long,Colorado,PhD,Male,65,No,2,2024-01-15,2025-02-12,139.75,169
CUST10989,David Hernandez,California,High School,Non-Binary,35,Yes,1,2023-07-23,2024-12-26,729.04,217
CUST10349,James Smith,Arizona,High School,Non-Binary,64,No,0,2021-11-21,2025-06-15,225.96,46
CUST10596,Gary James,Georgia,Associate,Non-Binary,39,Yes,1,2024-03-12,2024-08-21,369.69,344
CUST10633,Cole Ward,Colorado,Master,Non-Binary,67,Yes,0,2023-11-04,2024-09-07,423.27,327
CUST10386,Courtney Nelson,New York,High School,Male,71,No,2,2020-09-20,2025-04-15,755.0,107
CUST10972,Meghan Oliver,Washington,Master,Female,41,Yes,0,2022-02-24,2024-02-11,118.05,536
CUST10735,Elizabeth Gilbert,Texas,Bachelor,Male,70,No,0,2021-12-31,2024-03-08,743.6,510
CUST10571,Frederick Chandler,New York,High School,Male,73,No,0,2021-07-13,2025-01-12,136.86,200
CUST10908,Adam Ellison,Washington,High School,Female,77,Yes,1,2021-07-12,2024-07-21,323.73,375
CUST10741,Dr. Erica Perez,California,Master,Male,73,No,0,2022-03-19,2024-12-26,568.13,217
CUST10238,Ruben Hendricks,Texas,Master,Male,52,No,1,2024-06-07,2024-07-21,53.83,375
CUST10370,Brandi Black,California,High School,Female,42,Yes,1,2023-05-31,2024-01-23,303.01,555
CUST10847,Rebecca Mitchell,Illinois,Bachelor,Non-Binary,42,Yes,2,2022-10-22,2025-05-08,184.46,84
CUST10067,Peter Brooks,Illinois,Associate,Non-Binary,26,No,1,2021-08-29,2025-01-20,429.04,192
CUST10252,Danielle Roberts,Texas,High School,Female,38,No,0,2024-06-18,2025-06-14,94.92,47
CUST10148,Erin Mason,Florida,PhD,Male,37,Yes,2,2020-11-28,2024-08-24,82.65,341
CUST10287,Megan Leon,Illinois,High School,Female,78,No,0,2023-01-09,2023-02-07,161.61,905
CUST10149,Kayla Ortiz,Washington,PhD,Non-Binary,73,No,2,2022-11-09,2022-11-15,422.35,989
CUST10651,Joanna Sullivan,Georgia,Master,Female,61,No,1,2022-03-08,2023-08-23,132.24,708
CUST10101,Melissa Flores,Georgia,Master,Non-Binary,78,No,2,2023-01-06,2023-06-09,915.71,783
CUST10590,Nicholas Gilmore,Ohio,Master,Non-Binary,37,No,0,2021-09-24,2024-05-19,234.56,438
CUST10343,Laura Atkins,Arizona,Bachelor,Non-Binary,52,Yes,1,2023-05-26,2025-02-19,150.85,162
CUST10358,Scott Finley,Ohio,High School,Male,21,Yes,2,2021-10-31,2021-11-06,400.34,1363
CUST10962,Richard Rogers,Colorado,Associate,Female,26,No,0,2024-05-08,2024-08-02,446.35,363
CUST10196,Kristin Pearson,Colorado,Master,Non-Binary,64,No,1,2022-11-30,2025-03-05,317.56,148
CUST10479,Jennifer Martin,Washington,PhD,Non-Binary,19,No,3,2024-02-18,2024-10-21,61.68,283
CUST10960,Michael Stephenson,Ohio,PhD,Female,49,Yes,2,2022-04-26,2023-05-04,83.91,819
CUST10671,Michael Edwards,Illinois,Bachelor,Non-Binary,63,No,1,2022-03-30,2023-02-24,454.6,888
CUST10006,Jeffrey Torres,Colorado,Bachelor,Non-Binary,72,No,1,2021-01-18,2021-10-04,268.97,1396
CUST10301,Chloe Morrison,Florida,Master,Female,23,Yes,3,2021-06-18,2022-03-14,1001.53,1235
CUST10328,Ariel Love,California,Master,Female,79,No,0,2024-07-24,2024-10-30,529.03,274
CUST10241,Logan Garcia,Georgia,High School,Non-Binary,69,Yes,1,2022-03-23,2024-03-15,243.17,503
CUST10692,Heidi Tucker,Florida,PhD,Female,68,No,2,2022-12-26,2025-04-26,1206.36,96
CUST10462,Billy Thompson,Ohio,Associate,Male,37,Yes,4,2023-12-14,2024-05-31,356.04,426
CUST10646,Michael Flores,New York,PhD,Female,21,No,1,2022-01-09,2023-06-24,205.25,768
CUST10557,Shane Ross,Texas,Associate,Male,23,Yes,3,2021-03-15,2022-07-17,489.29,1110
CUST10643,Samuel Hobbs,Georgia,PhD,Female,66,No,3,2022-04-01,2025-05-18,162.59,74
CUST10561,Joseph Krueger,Florida,Associate,Female,24,Yes,0,2022-06-30,2023-12-04,139.17,605
CUST10815,Carol Peterson MD,Washington,Master,Non-Binary,46,Yes,3,2024-06-17,2024-10-19,287.46,285
CUST10092,Melissa Lee,Illinois,Bachelor,Non-Binary,24,Yes,1,2020-10-17,2024-11-08,488.92,265
CUST10285,Miranda Stone,Arizona,Associate,Female,45,No,2,2023-09-09,2024-09-21,217.0,313
CUST10757,Jennifer Wilcox,Colorado,Associate,Non-Binary,21,Yes,0,2024-06-01,2025-03-22,522.65,131
CUST10850,Elizabeth Edwards,Colorado,Bachelor,Male,34,Yes,1,2022-01-29,2025-03-20,455.61,133
CUST10785,Mr. Joshua Martinez,New York,High School,Female,19,No,0,2021-08-26,2022-02-04,654.32,1273
CUST10957,Stephanie Mills,Colorado,Associate,Non-Binary,73,Yes,1,2023-06-02,2025-03-18,599.55,135
CUST10096,Laura White,California,High School,Female,41,Yes,0,2020-08-06,2020-09-27,435.52,1768
CUST10843,Matthew Thompson,Ohio,High School,Non-Binary,56,No,2,2024-03-28,2025-06-06,302.33,55
CUST10167,Grant Gonzales,Ohio,Bachelor,Female,53,Yes,2,2023-02-25,2024-08-12,421.78,353
CUST10264,Gabriel Garrison,Colorado,PhD,Non-Binary,45,Yes,1,2020-08-08,2023-04-10,251.82,843
CUST10854,Brittany Fox,New York,Master,Male,74,Yes,0,2023-04-12,2023-09-09,269.9,691
CUST10206,Michelle Schmidt,Ohio,Associate,Female,67,Yes,0,2020-11-29,2021-11-26,338.49,1343
CUST10856,Julie Henry,Georgia,High School,Female,25,No,2,2023-12-03,2025-06-24,401.51,37
CUST10351,Terri Newman,Georgia,Master,Non-Binary,51,No,1,2020-10-11,2021-11-24,651.06,1345
CUST10335,Donald Martin,California,Associate,Non-Binary,67,Yes,4,2020-07-31,2022-05-01,75.88,1187
CUST10204,Jacob Perkins,Colorado,Bachelor,Male,47,Yes,3,2023-04-26,2024-03-24,474.89,494
CUST10704,Sharon Cox,Ohio,High School,Non-Binary,37,No,1,2022-02-28,2023-03-14,96.48,870
CUST10775,Luis Huffman,Ohio,Master,Non-Binary,39,No,4,2023-09-03,2023-09-05,142.95,695
CUST10472,Heather Ferguson,Georgia,Master,Male,38,No,2,2024-03-20,2025-04-03,64.26,119
CUST10114,Melissa Hall,Washington,Master,Non-Binary,25,Yes,0,2022-02-13,2023-01-30,418.75,913
CUST10943,Olivia Morgan,Colorado,Master,Non-Binary,18,Yes,0,2024-07-02,2025-07-21,408.63,10
CUST10634,Jane Rocha,Ohio,Associate,Female,26,No,2,2023-03-24,2024-12-25,126.87,218
CUST10598,April Edwards,Georgia,Associate,Female,35,No,1,2023-09-18,2024-06-22,353.43,404
CUST10290,Pamela Richardson,Texas,Master,Male,68,Yes,1,2020-11-20,2023-02-17,501.68,895
CUST10254,Dean Wright,Florida,PhD,Male,80,No,0,2021-05-30,2024-11-12,184.98,261
CUST10506,Nicholas Hurley,Arizona,Associate,Non-Binary,78,Yes,0,2022-03-19,2024-03-31,47.95,487
CUST10593,Phillip Padilla,Arizona,High School,Female,55,No,0,2020-12-08,2021-08-13,221.94,1448
CUST10561,Joseph Krueger,Florida,Associate,Female,24,Yes,0,2022-06-30,2022-08-17,637.45,1079
CUST10429,Steven Simmons,Florida,PhD,Male,71,Yes,1,2021-03-24,2024-12-10,297.17,233
CUST10736,Stephanie Miller,Washington,Master,Non-Binary,50,No,2,2023-07-26,2023-07-27,591.14,735
CUST10284,Diane Bowen,California,Associate,Non-Binary,20,No,1,2024-06-26,2024-10-26,835.74,278
CUST10169,Jessica Figueroa,Washington,PhD,Male,78,No,0,2023-05-24,2024-05-17,426.27,440
CUST10373,James White,Washington,Associate,Non-Binary,69,Yes,0,2021-03-08,2023-10-31,55.24,639
CUST10806,Amanda Willis,Ohio,PhD,Non-Binary,66,Yes,4,2024-02-14,2025-01-15,363.99,197
CUST10593,Phillip Padilla,Arizona,High School,Female,55,No,0,2020-12-08,2022-09-27,217.53,1038
CUST10590,Nicholas Gilmore,Ohio,Master,Non-Binary,37,No,0,2021-09-24,2025-07-19,344.3,12
CUST10401,Jason Miller DDS,Texas,Bachelor,Male,37,No,2,2024-07-08,2025-07-05,749.91,26
CUST10815,Carol Peterson MD,Washington,Master,Non-Binary,46,Yes,3,2024-06-17,2025-03-01,308.19,152
CUST10835,Riley Torres,New York,PhD,Non-Binary,49,Yes,1,2020-11-28,2023-01-06,104.65,937
CUST10377,Kenneth Bird,Illinois,PhD,Male,69,Yes,0,2023-06-23,2023-12-30,61.82,579
CUST10210,Jon Rich,Illinois,PhD,Non-Binary,34,No,3,2021-08-28,2022-10-27,378.58,1008
CUST10632,Fernando Fuller,Illinois,Associate,Non-Binary,75,No,2,2022-03-13,2023-11-11,46.56,628
CUST10167,Grant Gonzales,Ohio,Bachelor,Female,53,Yes,2,2023-02-25,2024-03-10,237.07,508
CUST10047,Joseph Jones,New York,Bachelor,Female,75,Yes,1,2022-07-29,2025-04-28,430.68,94
CUST10963,Tyler Snyder,Colorado,Bachelor,Non-Binary,23,No,0,2021-06-12,2024-11-10,147.7,263
CUST10359,Erica Cherry,Georgia,PhD,Female,53,No,0,2020-10-08,2024-08-25,1038.52,340
CUST10188,Jennifer Hart,Washington,Bachelor,Non-Binary,44,Yes,0,2024-04-27,2025-05-08,589.55,84
CUST10208,Daniel Patton,Arizona,Associate,Male,62,Yes,0,2020-10-29,2022-07-25,229.18,1102
CUST10639,Mike Crawford,Colorado,PhD,Male,42,Yes,1,2024-07-02,2025-02-07,153.26,174
CUST10953,Bobby Reed,Colorado,PhD,Female,38,No,0,2021-10-19,2022-09-20,177.61,1045
CUST10321,Micheal Davis,Texas,High School,Female,39,Yes,3,2023-12-30,2025-04-11,280.99,111
CUST10691,John Velasquez,Ohio,Associate,Female,66,No,0,2021-11-22,2022-05-18,228.32,1170
CUST10575,Beth Jensen,Colorado,Bachelor,Non-Binary,59,Yes,2,2024-07-27,2024-10-19,291.57,285
CUST10119,Kenneth Ponce,Ohio,High School,Male,38,No,0,2020-10-28,2024-12-01,252.43,242
CUST10828,Dr. Malik Zamora,Illinois,High School,Male,64,No,4,2021-06-25,2023-09-30,296.78,670
CUST10134,Travis Barber,Ohio,Bachelor,Male,67,Yes,0,2020-11-15,2022-06-22,174.68,1135
CUST10174,Michael Velazquez,Texas,Bachelor,Non-Binary,40,No,2,2022-10-23,2024-06-14,675.77,412
CUST10386,Courtney Nelson,New York,High School,Male,71,No,2,2020-09-20,2022-03-09,309.06,1240
CUST10250,Alicia Higgins,Texas,Master,Female,74,Yes,1,2023-10-15,2024-03-18,255.12,500
CUST10365,Yesenia Johnson,Illinois,Bachelor,Non-Binary,27,Yes,0,2023-04-21,2025-02-25,311.04,156
CUST10735,Elizabeth Gilbert,Texas,Bachelor,Male,70,No,0,2021-12-31,2024-02-09,319.3,538
CUST10863,Sara Tanner,Texas,Bachelor,Female,64,Yes,2,2024-03-08,2024-03-08,962.97,510
CUST10999,Virginia Torres,Arizona,Bachelor,Male,76,Yes,2,2022-09-01,2024-12-14,365.7,229
CUST10550,Derrick Daniel,Colorado,Bachelor,Male,77,No,2,2022-03-07,2023-03-30,153.73,854
CUST10448,Charles Waters,Arizona,Bachelor,Non-Binary,43,No,2,2024-04-26,2024-08-21,578.67,344
CUST10098,Madeline Gamble,Washington,Bachelor,Male,40,Yes,2,2024-04-01,2025-03-22,300.08,131
CUST10385,Stephen Gray,New York,Associate,Female,25,No,4,2022-04-10,2022-06-29,401.17,1128
CUST10804,Thomas Graham,Texas,Bachelor,Female,34,Yes,2,2022-03-20,2023-07-20,93.48,742
CUST10382,Crystal Hines,Ohio,High School,Male,41,Yes,1,2022-06-10,2022-12-04,271.18,970
CUST10708,Amber Boyer,Texas,Associate,Female,67,No,1,2021-07-09,2025-03-04,322.45,149
CUST10463,Thomas Reid,California,Associate,Non-Binary,33,No,0,2023-07-04,2025-07-07,152.56,24
CUST10766,Douglas Higgins,Colorado,High School,Female,48,Yes,1,2021-03-21,2021-10-21,149.41,1379
CUST10895,William Baker,Arizona,High School,Female,63,Yes,1,2022-08-30,2024-07-01,845.04,395
CUST10537,Lori Hall,Arizona,PhD,Non-Binary,45,No,4,2021-12-19,2024-09-08,720.25,326
CUST10720,Mrs. Raven Fisher,Florida,High School,Non-Binary,72,No,1,2021-04-06,2023-09-16,710.74,684
CUST10218,Jason Austin,Ohio,PhD,Female,67,Yes,1,2023-03-02,2025-05-14,592.48,78
CUST10689,Jonathan Tucker,Florida,PhD,Non-Binary,53,No,0,2021-07-06,2022-02-17,282.35,1260
CUST10696,Cheryl Payne,Ohio,Associate,Non-Binary,38,No,1,2023-09-07,2023-10-08,34.16,662
CUST10800,Michael Tate,Colorado,Associate,Male,39,Yes,0,2023-10-30,2024-04-29,200.23,458
CUST10563,Jim Johnson PhD,Illinois,Associate,Male,44,No,2,2021-12-27,2024-06-22,405.8,404
CUST10402,Antonio Peters,Illinois,Associate,Non-Binary,42,No,1,2022-01-30,2024-01-01,462.59,577
CUST10187,Craig Eaton,New York,Master,Non-Binary,66,Yes,0,2022-11-24,2024-07-06,65.65,390
CUST10431,Daniel Fernandez,California,Associate,Female,36,Yes,0,2021-07-04,2023-02-10,97.33,902
CUST10779,Tiffany Clements,Arizona,Master,Male,71,No,1,2021-07-23,2025-07-27,627.39,4
CUST10986,Catherine Choi,Texas,PhD,Female,40,No,2,2022-05-23,2025-07-04,39.48,27
CUST10730,Willie Chandler,Georgia,Associate,Male,27,No,2,2022-06-21,2025-05-04,245.85,88
CUST10007,Lori Murphy,Georgia,Associate,Female,22,No,2,2024-03-25,2024-10-03,445.73,301
CUST10849,Nicole Oliver,Georgia,Master,Male,29,No,2,2023-04-02,2023-05-03,882.86,820
CUST10607,Adrienne Thomas,Georgia,Bachelor,Male,24,Yes,1,2023-08-01,2025-04-07,52.84,115
CUST10498,Derek Greene,Colorado,Associate,Non-Binary,52,No,1,2024-07-26,2024-09-18,202.97,316
CUST10386,Courtney Nelson,New York,High School,Male,71,No,2,2020-09-20,2022-03-28,329.41,1221
CUST10569,Brandon Castro,Illinois,Master,Non-Binary,35,Yes,2,2022-06-29,2023-10-19,466.04,651
CUST10406,Kimberly Huynh,California,Bachelor,Male,52,Yes,4,2021-08-24,2025-04-12,554.39,110
CUST10015,Kayla Oneill,Texas,PhD,Non-Binary,69,No,2,2021-05-07,2024-11-19,352.63,254
CUST10839,Samuel Barron,California,Master,Non-Binary,54,Yes,2,2021-05-27,2022-07-03,426.48,1124
CUST10828,Dr. Malik Zamora,Illinois,High School,Male,64,No,4,2021-06-25,2022-10-08,531.82,1027
CUST10506,Nicholas Hurley,Arizona,Associate,Non-Binary,78,Yes,0,2022-03-19,2023-08-21,239.24,710
CUST10182,Donna Nichols DDS,Florida,Master,Non-Binary,78,No,3,2024-01-10,2024-01-15,72.52,563
CUST10311,Dennis Moss,Ohio,Bachelor,Female,53,Yes,2,2023-06-15,2023-12-14,810.47,595
CUST10549,Brett Campbell,Colorado,Master,Male,22,No,3,2020-11-01,2022-04-29,390.77,1189
CUST10197,Nicole Alvarez,Washington,Master,Male,46,Yes,1,2021-08-26,2025-03-15,143.13,138
CUST10644,Karen Fitzgerald,Illinois,PhD,Non-Binary,50,No,1,2022-06-20,2022-07-24,308.88,1103
CUST10826,Elizabeth Mason,Washington,Associate,Non-Binary,75,Yes,1,2020-08-04,2021-04-26,180.98,1557
CUST10912,Diana Clark,Florida,High School,Non-Binary,46,Yes,1,2024-03-23,2024-03-25,167.48,493
CUST10913,William Trujillo,Colorado,Associate,Non-Binary,79,No,4,2021-04-02,2021-04-28,94.3,1555
CUST10515,Brian White,Florida,Master,Female,32,Yes,0,2023-10-10,2025-01-09,239.71,203
CUST10029,Amanda Rogers,Washington,PhD,Female,37,No,2,2023-12-10,2023-12-23,696.17,586
CUST10101,Melissa Flores,Georgia,Master,Non-Binary,78,No,2,2023-01-06,2025-07-13,566.8,18
CUST10798,Sharon Schneider,Washington,High School,Non-Binary,45,No,2,2021-04-30,2023-07-28,76.19,734
CUST10682,William Morgan,Florida,Master,Non-Binary,22,Yes,2,2020-09-18,2021-09-01,74.96,1429
CUST10365,Yesenia Johnson,Illinois,Bachelor,Non-Binary,27,Yes,0,2023-04-21,2024-09-15,89.17,319
CUST10665,Eric Christian,Colorado,Bachelor,Female,43,No,0,2021-12-09,2024-08-08,50.67,357
CUST10893,Jeff Miller,California,High School,Male,26,Yes,3,2022-09-11,2023-03-21,514.07,863
CUST10256,Ashley Nunez,California,Bachelor,Male,51,No,0,2021-07-13,2021-10-08,794.56,1392
CUST10844,Nancy Wood,California,High School,Female,40,Yes,1,2023-04-02,2025-06-16,410.91,45
CUST10060,Nathaniel Price,California,Master,Female,47,No,2,2022-12-14,2023-01-02,328.0,941
CUST10198,Joseph Wilson,Florida,Associate,Male,38,No,0,2020-10-06,2021-05-19,300.64,1534
CUST10230,Ricky Skinner,Arizona,PhD,Male,40,Yes,1,2023-05-18,2025-03-23,170.0,130
CUST10539,Richard Price,Texas,Associate,Female,19,Yes,2,2021-01-04,2022-03-08,216.05,1241
CUST10643,Samuel Hobbs,Georgia,PhD,Female,66,No,3,2022-04-01,2024-08-26,342.31,339
CUST10405,Kimberly Quinn,Arizona,Bachelor,Male,25,Yes,0,2022-04-13,2024-05-13,304.83,444
CUST10927,Paul Garcia,Texas,Bachelor,Male,54,No,3,2021-02-13,2022-11-02,320.57,1002
CUST10478,Samantha Lowe,California,Associate,Non-Binary,44,Yes,2,2021-12-24,2024-08-04,287.49,361
CUST10728,Barbara Baker,Florida,Associate,Male,60,Yes,1,2021-10-04,2025-03-27,127.49,126
CUST10710,Derek Smith,Illinois,PhD,Male,63,Yes,0,2021-05-02,2024-01-18,170.76,560
CUST10842,Jordan Wilson,New York,Bachelor,Male,77,No,1,2024-06-05,2024-07-31,723.93,365
CUST10080,Nicole Burns,New York,Associate,Male,23,No,3,2022-07-09,2024-04-30,196.52,457
CUST10861,Angela Johnson,California,High School,Non-Binary,32,No,0,2023-11-16,2024-08-18,345.35,347
CUST10376,Cynthia Rogers,New York,High School,Male,59,Yes,1,2024-04-19,2024-06-16,243.31,410
CUST10989,David Hernandez,California,High School,Non-Binary,35,Yes,1,2023-07-23,2025-05-03,177.82,89
CUST10935,Scott Wood MD,California,High School,Male,78,No,0,2023-02-05,2025-07-20,122.25,11
CUST10752,Paula Ross,Washington,Bachelor,Non-Binary,46,Yes,2,2021-04-04,2023-10-16,971.26,654
CUST10371,Deborah Gibson,Washington,PhD,Female,35,No,2,2023-09-24,2024-12-14,292.75,229
CUST10087,Tina Singh,Arizona,Bachelor,Male,44,No,1,2023-10-28,2025-01-17,25.96,195
CUST10253,Mrs. Lisa Jennings DDS,Illinois,Master,Male,61,Yes,0,2022-03-25,2022-05-18,317.8,1170
CUST10775,Luis Huffman,Ohio,Master,Non-Binary,39,No,4,2023-09-03,2024-09-11,1740.42,323
CUST10622,Andre Dennis,Illinois,Bachelor,Male,34,Yes,0,2022-09-17,2023-10-11,298.0,659
CUST10910,Justin Scott,Washington,Bachelor,Male,23,Yes,1,2023-07-04,2025-02-12,165.16,169
CUST10757,Jennifer Wilcox,Colorado,Associate,Non-Binary,21,Yes,0,2024-06-01,2025-01-01,451.69,211
CUST10030,Matthew Tran,New York,Master,Male,47,No,2,2022-11-08,2023-02-26,210.96,886
CUST10767,Miranda Brown,Georgia,PhD,Non-Binary,78,No,0,2021-04-03,2022-04-29,219.39,1189
CUST10212,Joseph Williams,Arizona,Associate,Female,39,No,1,2021-03-13,2025-01-17,332.52,195
CUST10522,Sean Williams,New York,Associate,Non-Binary,73,No,1,2023-07-21,2024-06-27,998.66,399
CUST10631,Jennifer Durham,Ohio,Bachelor,Male,51,Yes,4,2024-03-21,2025-06-20,55.39,41
CUST10618,Kelly Beard,Colorado,Bachelor,Non-Binary,58,Yes,1,2021-03-17,2022-03-09,249.36,1240
CUST10569,Brandon Castro,Illinois,Master,Non-Binary,35,Yes,2,2022-06-29,2025-03-17,197.86,136
CUST10860,Evelyn Li,Colorado,Master,Non-Binary,45,Yes,2,2022-07-18,2023-03-05,130.35,879
CUST10361,Tammy Lawrence,Washington,Master,Male,48,No,4,2024-05-27,2025-02-06,739.92,175
CUST10086,Perry Cooke,Florida,High School,Female,47,Yes,1,2022-11-13,2023-09-12,508.86,688
CUST10362,Mark Hernandez,Ohio,PhD,Female,62,No,0,2021-06-17,2023-05-26,229.78,797
CUST10220,Elizabeth Monroe,Illinois,PhD,Female,61,Yes,3,2023-04-26,2025-06-28,296.09,33
CUST10626,Lindsey Miller,New York,Master,Male,35,Yes,1,2021-12-10,2022-03-30,81.64,1219
CUST10859,Tyler Garza,Illinois,Bachelor,Female,30,Yes,2,2023-01-16,2024-11-16,747.99,257
CUST10864,Travis Christensen,California,Bachelor,Non-Binary,65,No,1,2024-07-26,2025-06-10,454.4,51
CUST10752,Paula Ross,Washington,Bachelor,Non-Binary,46,Yes,2,2021-04-04,2024-12-31,171.1,212
CUST10340,Elizabeth Phillips,California,Bachelor,Non-Binary,80,No,0,2020-08-30,2023-10-31,715.78,639
CUST10855,Samantha Burns,Florida,Bachelor,Female,79,No,2,2020-10-18,2025-05-09,524.73,83
CUST10790,Michael Mitchell,Georgia,Master,Non-Binary,45,No,1,2022-07-19,2025-05-01,299.65,91
CUST10466,James Pope,New York,Master,Female,50,No,1,2021-07-28,2025-05-03,99.74,89
CUST10917,Beth Henry,Illinois,Bachelor,Female,51,No,1,2024-01-02,2024-05-02,753.64,455
CUST10140,Sean Becker,Texas,Associate,Male,41,No,2,2024-06-10,2024-08-09,665.51,356
CUST10026,Joseph Mcbride,Washington,High School,Male,27,Yes,0,2021-12-07,2024-05-02,125.18,455
CUST10484,Jason Richardson,Texas,PhD,Female,52,Yes,1,2022-02-06,2024-11-05,541.85,268
CUST10483,Robert Oconnell,Illinois,Associate,Female,57,Yes,1,2022-04-22,2024-10-03,177.45,301
CUST10765,Michael Bailey,Illinois,PhD,Female,72,No,0,2022-05-26,2023-09-20,166.03,680
CUST10256,Ashley Nunez,California,Bachelor,Male,51,No,0,2021-07-13,2021-09-02,226.17,1428
CUST10251,Adam Weaver,Ohio,Associate,Female,44,No,0,2023-12-17,2024-06-13,478.87,413
CUST10197,Nicole Alvarez,Washington,Master,Male,46,Yes,1,2021-08-26,2022-12-17,688.96,957
CUST10720,Mrs. Raven Fisher,Florida,High School,Non-Binary,72,No,1,2021-04-06,2024-11-22,296.87,251
CUST10686,Dennis Kane,Washington,PhD,Female,75,No,3,2023-08-24,2025-02-02,406.63,179
CUST10076,Roberto Lewis,Colorado,Bachelor,Female,79,No,1,2023-02-11,2025-04-07,72.03,115
CUST10526,Walter Dean,Texas,Master,Male,68,Yes,1,2021-05-30,2022-04-27,222.79,1191
CUST10347,Kristine Phillips,Washington,Master,Non-Binary,37,No,2,2020-12-25,2023-07-17,149.08,745
CUST10623,Dennis Howell,Georgia,PhD,Male,77,No,2,2024-01-06,2025-03-11,159.83,142
CUST10217,Sara Patton MD,Georgia,Master,Male,49,Yes,3,2021-07-28,2021-09-10,54.31,1420
CUST10204,Jacob Perkins,Colorado,Bachelor,Male,47,Yes,3,2023-04-26,2024-05-29,550.64,428
CUST10823,Courtney Meyer,Georgia,High School,Non-Binary,35,Yes,0,2021-12-21,2024-12-21,454.06,222
CUST10947,Teresa Valdez,Washington,Master,Male,39,No,0,2022-03-29,2024-09-19,245.52,315
CUST10032,Stephanie Morales,California,Bachelor,Non-Binary,63,Yes,4,2020-10-22,2022-09-20,237.71,1045
CUST10228,Victor Johnston DDS,Colorado,High School,Male,47,No,4,2022-10-07,2024-09-03,106.69,331
CUST10381,Jeffrey Cook,Arizona,Master,Female,21,No,1,2021-06-16,2021-09-16,487.55,1414
CUST10806,Amanda Willis,Ohio,PhD,Non-Binary,66,Yes,4,2024-02-14,2024-09-11,39.25,323
CUST10844,Nancy Wood,California,High School,Female,40,Yes,1,2023-04-02,2024-07-11,126.24,385
CUST10807,Matthew Hopkins,Illinois,Bachelor,Male,43,No,0,2021-06-19,2022-12-18,746.89,956
CUST10819,Philip Wilcox,Florida,Master,Male,39,Yes,2,2023-10-17,2023-11-20,107.57,619
CUST10273,Ashley Keller,Georgia,PhD,Non-Binary,46,No,0,2023-01-27,2024-12-12,394.07,231
CUST10609,Joseph Wallace,Washington,Bachelor,Male,45,No,3,2020-12-28,2025-05-09,107.47,83
CUST10701,Megan Garrett,Georgia,Associate,Non-Binary,80,Yes,1,2022-05-12,2024-05-09,125.02,448
CUST10888,James Wilkins,Florida,Associate,Non-Binary,52,Yes,3,2023-04-16,2024-01-08,562.08,570
CUST10906,Kenneth Smith,California,High School,Male,68,Yes,1,2022-05-02,2024-12-31,333.48,212
CUST10440,Linda Merritt,Colorado,Master,Non-Binary,40,Yes,1,2022-04-19,2023-08-22,293.95,709
CUST10826,Elizabeth Mason,Washington,Associate,Non-Binary,75,Yes,1,2020-08-04,2025-01-23,260.27,189
CUST10879,Kristina Pineda,Washington,PhD,Non-Binary,41,Yes,1,2022-11-07,2024-08-20,683.03,345
CUST10919,Dr. Jennifer Williamson DDS,Ohio,PhD,Male,62,No,0,2022-01-16,2022-07-18,143.3,1109
CUST10187,Craig Eaton,New York,Master,Non-Binary,66,Yes,0,2022-11-24,2023-02-20,551.95,892
CUST10447,Emily Conner,Florida,High School,Male,76,No,2,2022-06-14,2023-01-24,804.0,919
CUST10354,Jennifer Marshall,New York,Master,Non-Binary,45,No,1,2021-05-19,2024-04-14,308.79,473
CUST10940,Alexandria Potter,New York,High School,Male,72,Yes,3,2022-04-30,2022-06-09,348.47,1148
CUST10226,Darren Bishop,Ohio,Associate,Male,64,Yes,1,2022-01-09,2023-01-22,194.77,921
CUST10285,Miranda Stone,Arizona,Associate,Female,45,No,2,2023-09-09,2023-10-05,173.46,665
CUST10561,Joseph Krueger,Florida,Associate,Female,24,Yes,0,2022-06-30,2023-10-03,257.22,667
CUST10729,James Jackson,Illinois,Bachelor,Male,75,No,0,2024-02-08,2024-06-16,241.87,410
CUST10677,Tony Johnson,Georgia,Master,Male,26,Yes,3,2022-10-29,2025-02-03,526.04,178
CUST10157,Justin Wilson PhD,Texas,High School,Male,76,Yes,0,2024-04-08,2024-04-19,540.85,468
CUST10329,Gary Campbell,California,PhD,Male,43,No,1,2024-03-14,2025-07-13,450.24,18
CUST10049,Mathew Schmidt,Arizona,Associate,Female,66,Yes,2,2021-07-25,2022-02-02,238.77,1275
CUST10095,Ricky Jackson,Georgia,PhD,Non-Binary,68,Yes,1,2024-01-02,2024-08-02,485.79,363
CUST10847,Rebecca Mitchell,Illinois,Bachelor,Non-Binary,42,Yes,2,2022-10-22,2023-05-27,395.11,796
CUST10546,Wendy Barker,Colorado,Bachelor,Male,75,No,0,2020-12-31,2024-12-10,78.04,233
CUST10366,Sherri Webster,California,Bachelor,Male,80,Yes,2,2022-05-29,2022-06-15,182.62,1142
CUST10093,Samantha Wilson,Colorado,High School,Male,57,No,2,2021-03-16,2025-07-12,452.53,19
CUST10065,Mr. Donald Johnson,Washington,PhD,Female,65,No,2,2024-06-09,2025-05-11,1387.47,81
CUST10056,Brian Williams,Florida,Master,Non-Binary,60,No,0,2023-03-06,2024-12-22,378.18,221
CUST10970,Francisco Alvarez,New York,High School,Male,36,Yes,2,2021-11-01,2022-11-17,334.14,987
CUST10275,Gavin Martinez,Colorado,Associate,Non-Binary,22,Yes,2,2021-08-04,2025-03-20,130.97,133
CUST10693,Sarah Snyder,California,Master,Non-Binary,29,Yes,3,2021-07-04,2024-12-26,383.4,217
CUST10536,Stephanie Munoz,California,Bachelor,Female,59,Yes,0,2020-08-28,2025-06-19,156.98,42
CUST10889,Andrew Lopez,Colorado,High School,Male,27,No,2,2021-11-05,2023-01-09,251.19,934
CUST10597,Carolyn Kirk,Ohio,PhD,Female,66,Yes,1,2023-05-25,2023-10-06,544.28,664
CUST10402,Antonio Peters,Illinois,Associate,Non-Binary,42,No,1,2022-01-30,2025-03-10,164.16,143
CUST10653,Angelica Martinez,Arizona,PhD,Non-Binary,80,No,0,2022-05-28,2023-08-06,636.18,725
CUST10603,Joseph Lee MD,California,Associate,Non-Binary,65,No,0,2021-04-07,2024-12-26,130.82,217
CUST10459,Michael Williams,Ohio,High School,Non-Binary,43,No,2,2022-07-21,2023-05-02,352.16,821
CUST10127,Courtney Cuevas,Illinois,High School,Non-Binary,58,Yes,0,2020-09-04,2020-12-25,241.83,1679
CUST10800,Michael Tate,Colorado,Associate,Male,39,Yes,0,2023-10-30,2024-01-22,380.15,556
CUST10426,Jessica Anderson,Washington,High School,Female,38,Yes,2,2023-05-10,2023-11-10,194.78,629
CUST10958,Brandon Moore,Ohio,Associate,Female,31,No,3,2022-05-19,2023-06-02,259.61,790
CUST10556,Ashley Roberts,California,Associate,Non-Binary,50,No,4,2023-01-22,2024-04-22,36.18,465
CUST10105,Shelley King,Colorado,Bachelor,Male,65,No,2,2022-06-22,2024-01-02,214.15,576
CUST10323,Brandon Walton,Washington,Associate,Male,54,Yes,3,2024-07-15,2024-11-27,371.32,246
CUST10949,Craig Cook,Ohio,Master,Female,39,Yes,0,2022-04-28,2022-05-25,277.12,1163
CUST10553,Matthew Levy,Ohio,Master,Male,28,No,2,2022-12-02,2025-02-10,510.82,171
CUST10608,David Deleon,Washington,High School,Male,42,Yes,0,2023-08-27,2024-03-01,68.99,517
CUST10973,Sherri Pearson,Illinois,Associate,Female,76,No,0,2024-02-20,2025-01-07,284.25,205
CUST10837,Michael Navarro,California,Bachelor,Female,70,Yes,3,2022-06-04,2025-03-04,229.54,149
CUST10866,Evelyn Bartlett,Georgia,Bachelor,Female,31,Yes,2,2021-11-19,2022-08-28,575.06,1068
CUST10080,Nicole Burns,New York,Associate,Male,23,No,3,2022-07-09,2022-09-02,513.47,1063
CUST10590,Nicholas Gilmore,Ohio,Master,Non-Binary,37,No,0,2021-09-24,2024-06-18,425.51,408
CUST10950,Monica Smith,Washington,Bachelor,Female,55,Yes,3,2022-07-17,2024-06-08,117.05,418
CUST10902,Matthew Knox,Florida,High School,Male,32,Yes,0,2024-07-27,2025-04-27,176.45,95
CUST10074,James Garcia DDS,Florida,Master,Male,58,Yes,1,2022-05-14,2024-09-13,335.46,321
CUST10326,Melissa Price,Texas,Bachelor,Non-Binary,65,No,2,2020-09-11,2025-03-17,42.32,136
CUST10870,Joshua Anthony,Illinois,Master,Non-Binary,33,Yes,0,2023-03-17,2024-01-24,207.85,554
CUST10693,Sarah Snyder,California,Master,Non-Binary,29,Yes,3,2021-07-04,2022-08-30,346.41,1066
CUST10456,Ronald Myers,Arizona,Associate,Non-Binary,39,Yes,2,2021-09-29,2025-05-08,122.53,84
CUST10338,Charles Davis,Arizona,Master,Female,50,Yes,3,2023-07-14,2024-01-04,381.28,574
CUST10808,Mr. Dillon Gross,Washington,Bachelor,Female,45,No,0,2021-11-12,2022-02-06,47.05,1271
CUST10795,Jamie Gardner,Washington,Associate,Female,47,No,1,2020-11-12,2024-09-25,199.6,309
CUST10122,Brandy Robertson,Florida,PhD,Female,76,No,2,2021-09-19,2022-05-31,81.78,1157
CUST10840,Amy Moore,Illinois,High School,Non-Binary,53,Yes,1,2023-11-25,2024-11-19,660.64,254
CUST10960,Michael Stephenson,Ohio,PhD,Female,49,Yes,2,2022-04-26,2024-03-02,607.63,516
CUST10179,Michael King,California,Bachelor,Female,65,No,2,2024-07-06,2024-09-04,387.02,330
CUST10738,Tanya Wilkinson,New York,Associate,Non-Binary,62,Yes,0,2023-02-09,2024-09-01,446.39,333
CUST10250,Alicia Higgins,Texas,Master,Female,74,Yes,1,2023-10-15,2024-11-24,75.82,249
CUST10131,Daniel Park,New York,PhD,Non-Binary,39,Yes,3,2022-10-29,2024-12-15,113.72,228
CUST10435,Ralph Brown,Florida,Bachelor,Female,37,Yes,2,2020-11-18,2021-10-15,90.75,1385
CUST10807,Matthew Hopkins,Illinois,Bachelor,Male,43,No,0,2021-06-19,2025-02-03,153.21,178
CUST10214,Philip Taylor,California,High School,Male,46,No,1,2022-11-02,2023-09-01,695.78,699
CUST10382,Crystal Hines,Ohio,High School,Male,41,Yes,1,2022-06-10,2023-09-16,72.39,684
CUST10395,Mary Mcneil,Ohio,Bachelor,Male,33,No,0,2022-08-06,2024-09-27,71.93,307
CUST10656,William Kim,Florida,PhD,Non-Binary,25,Yes,2,2023-09-11,2024-07-07,98.03,389
CUST10900,Larry Long,Ohio,Associate,Male,41,No,0,2023-09-02,2025-01-23,149.38,189
CUST10715,Nicholas Bond,California,Associate,Male,75,Yes,2,2020-08-24,2021-08-14,228.62,1447
CUST10082,Chad Ramos,Georgia,High School,Non-Binary,57,No,2,2020-11-06,2021-05-08,659.27,1545
CUST10707,Steven Smith,Washington,Master,Non-Binary,74,No,0,2021-01-14,2025-05-25,150.79,67
CUST10738,Tanya Wilkinson,New York,Associate,Non-Binary,62,Yes,0,2023-02-09,2023-07-20,63.76,742
CUST10010,Joseph Reed,Florida,High School,Female,29,No,0,2020-09-01,2020-09-27,191.92,1768
CUST10121,Daniel Bridges,California,High School,Male,63,Yes,0,2021-06-09,2023-02-26,15.95,886
CUST10236,Tonya Brady,Texas,High School,Female,77,Yes,1,2023-12-24,2024-10-23,562.1,281
CUST10205,Francis Romero,Texas,High School,Non-Binary,22,Yes,0,2023-10-13,2024-02-20,396.26,527
CUST10102,Tyler Black,Texas,PhD,Male,34,No,1,2022-05-16,2022-12-29,390.37,945
CUST10895,William Baker,Arizona,High School,Female,63,Yes,1,2022-08-30,2024-10-16,123.76,288
CUST10094,Dr. Clinton Lopez,Colorado,Bachelor,Female,54,No,2,2022-09-13,2024-09-03,488.01,331
CUST10113,Sean Mathews,Arizona,Associate,Non-Binary,65,No,1,2023-07-17,2025-05-31,297.55,61
CUST10230,Ricky Skinner,Arizona,PhD,Male,40,Yes,1,2023-05-18,2024-03-09,277.48,509
CUST10753,Alison Mccarthy,Georgia,Associate,Male,56,Yes,1,2021-02-25,2024-09-14,193.84,320
CUST10913,William Trujillo,Colorado,Associate,Non-Binary,79,No,4,2021-04-02,2022-03-24,150.57,1225
CUST10810,Richard Bailey,Illinois,High School,Non-Binary,77,Yes,0,2023-01-08,2025-05-17,372.29,75
CUST10495,Andrew Hogan,Florida,High School,Non-Binary,49,No,3,2022-03-10,2023-07-19,35.02,743
CUST10503,Laurie Hall,Illinois,High School,Female,27,No,0,2021-08-05,2023-02-17,180.37,895
CUST10556,Ashley Roberts,California,Associate,Non-Binary,50,No,4,2023-01-22,2023-05-02,288.78,821
CUST10983,Sean Galloway,Colorado,High School,Non-Binary,66,Yes,1,2022-02-10,2025-01-17,231.59,195
CUST10401,Jason Miller DDS,Texas,Bachelor,Male,37,No,2,2024-07-08,2025-07-18,62.08,13
CUST10207,Audrey Jones,Washington,High School,Non-Binary,60,No,1,2020-12-26,2025-07-11,429.55,20
CUST10234,Chelsea Reynolds,Illinois,Master,Non-Binary,73,Yes,1,2023-07-02,2024-10-02,355.32,302
CUST10051,Mary Mccullough,California,Master,Male,34,No,2,2022-06-27,2024-07-20,612.07,376
CUST10196,Kristin Pearson,Colorado,Master,Non-Binary,64,No,1,2022-11-30,2023-01-11,196.33,932
CUST10821,Terri Rubio,California,Bachelor,Female,72,Yes,2,2022-07-10,2023-12-21,600.02,588
CUST10288,David Strickland,Georgia,Master,Male,27,No,0,2022-08-13,2023-04-05,199.18,848
CUST10535,Teresa Garcia,Georgia,High School,Female,28,No,0,2024-05-15,2025-01-17,219.49,195
CUST10483,Robert Oconnell,Illinois,Associate,Female,57,Yes,1,2022-04-22,2024-10-09,254.3,295
CUST10412,James Gonzalez,California,PhD,Male,33,No,0,2024-05-06,2024-10-02,171.25,302
CUST10163,Scott Mitchell,California,Associate,Non-Binary,28,Yes,2,2020-10-22,2025-04-12,212.12,110
CUST10529,David Flores,Ohio,Associate,Female,64,No,3,2024-02-03,2025-07-03,139.53,28
CUST10505,Maria Berry,Georgia,PhD,Male,66,No,1,2023-12-27,2024-05-15,317.14,442
CUST10710,Derek Smith,Illinois,PhD,Male,63,Yes,0,2021-05-02,2021-10-16,86.99,1384
CUST10962,Richard Rogers,Colorado,Associate,Female,26,No,0,2024-05-08,2025-05-18,88.79,74
CUST10143,Catherine Church,Georgia,PhD,Non-Binary,74,No,2,2023-09-12,2024-02-22,206.83,525
CUST10827,Christopher Daniels,Illinois,PhD,Male,64,Yes,1,2021-07-18,2023-02-24,1430.85,888
CUST10004,Randy Richardson,Ohio,Associate,Non-Binary,68,No,1,2022-08-01,2024-11-06,210.11,267
CUST10493,Angela Massey,Washington,Bachelor,Non-Binary,65,No,4,2023-06-15,2025-04-24,20.57,98
CUST10026,Joseph Mcbride,Washington,High School,Male,27,Yes,0,2021-12-07,2025-05-17,906.1,75
CUST10689,Jonathan Tucker,Florida,PhD,Non-Binary,53,No,0,2021-07-06,2022-05-19,89.73,1169
CUST10760,Becky May,Colorado,Master,Female,23,Yes,2,2024-06-07,2025-04-11,194.13,111
CUST10501,Kristopher Powell,Illinois,Bachelor,Female,43,Yes,0,2024-04-26,2024-07-02,162.04,394
CUST10052,William Kemp,Arizona,PhD,Female,72,Yes,1,2023-08-15,2025-06-23,308.25,38
CUST10077,James Chang,Georgia,Associate,Non-Binary,76,Yes,2,2022-10-10,2025-02-24,191.6,157
CUST10851,Robert Arnold,Ohio,Associate,Male,43,No,1,2024-01-09,2024-09-12,188.76,322
CUST10903,Catherine Bautista,Arizona,Bachelor,Male,59,No,0,2021-11-06,2025-03-19,219.99,134
CUST10727,Mary Brown,Ohio,PhD,Female,64,Yes,0,2022-05-27,2024-04-10,392.13,477
CUST10619,Henry Martinez,Colorado,High School,Male,37,No,0,2021-11-24,2023-12-31,199.6,578
CUST10897,Richard Becker,Washington,High School,Male,27,Yes,4,2022-04-22,2022-05-04,526.89,1184
CUST10912,Diana Clark,Florida,High School,Non-Binary,46,Yes,1,2024-03-23,2025-05-20,45.67,72
CUST10014,Matthew Alvarez,Texas,High School,Non-Binary,40,No,2,2022-09-12,2023-11-28,333.55,611
CUST10244,Patricia Garrison,Florida,High School,Female,57,No,2,2024-01-25,2025-03-13,384.6,140
CUST10132,Mark Ross,Florida,Bachelor,Male,24,No,2,2022-07-14,2022-10-12,225.59,1023
CUST10508,Stacy Mckenzie,Texas,Bachelor,Non-Binary,46,No,0,2021-08-05,2024-01-16,265.21,562
CUST10880,Aaron Weber,Georgia,Associate,Male,22,Yes,2,2022-05-08,2022-05-23,808.24,1165
CUST10399,Dr. Ryan Coleman,Texas,High School,Non-Binary,37,Yes,1,2020-11-24,2023-01-24,284.98,919
CUST10224,Jacob Yates,Washington,Master,Non-Binary,60,No,0,2023-03-30,2023-04-16,124.24,837
CUST10150,Mary Keller,Arizona,Bachelor,Female,74,Yes,1,2021-04-01,2022-12-07,680.18,967
CUST10710,Derek Smith,Illinois,PhD,Male,63,Yes,0,2021-05-02,2024-10-08,178.12,296
CUST10540,Michael Rose,Georgia,Master,Non-Binary,21,No,0,2021-12-29,2023-12-19,87.58,590
CUST10561,Joseph Krueger,Florida,Associate,Female,24,Yes,0,2022-06-30,2024-02-03,31.06,544
CUST10148,Erin Mason,Florida,PhD,Male,37,Yes,2,2020-11-28,2024-08-10,607.79,355
CUST10851,Robert Arnold,Ohio,Associate,Male,43,No,1,2024-01-09,2024-08-24,226.69,341
CUST10160,Donald Jones,Illinois,PhD,Female,74,No,0,2020-08-15,2022-04-27,114.74,1191
CUST10745,Robert Mosley,Washington,PhD,Female,20,No,1,2020-08-09,2023-03-17,397.83,867
CUST10064,Chris Martin,Georgia,Associate,Male,53,Yes,3,2022-06-12,2025-07-17,317.81,14
CUST10320,Tina Duncan,New York,Bachelor,Female,70,Yes,3,2023-10-07,2025-04-28,765.11,94
CUST10345,Crystal Richards,California,Associate,Female,21,Yes,2,2021-05-12,2021-10-28,443.7,1372
CUST10675,Benjamin Daniel,Washington,Bachelor,Non-Binary,19,No,0,2022-10-13,2024-11-21,397.12,252
CUST10066,Richard Walker,California,Bachelor,Non-Binary,71,Yes,0,2022-10-24,2023-02-13,357.54,899
CUST10020,Christopher Sparks,Florida,Bachelor,Female,31,No,0,2023-09-19,2023-09-28,106.49,672
CUST10860,Evelyn Li,Colorado,Master,Non-Binary,45,Yes,2,2022-07-18,2024-06-02,741.4,424
CUST10210,Jon Rich,Illinois,PhD,Non-Binary,34,No,3,2021-08-28,2022-01-21,224.23,1287
CUST10044,Briana Burgess,Florida,High School,Male,36,Yes,4,2024-03-23,2025-03-05,329.85,148
CUST10096,Laura White,California,High School,Female,41,Yes,0,2020-08-06,2022-12-03,301.56,971
CUST10033,Kelli Robinson,Arizona,PhD,Male,18,No,3,2023-05-28,2023-07-31,147.5,731
CUST10907,Matthew Graham,Ohio,PhD,Female,31,No,2,2021-02-26,2025-04-25,169.74,97
CUST10125,Erik Campbell,Arizona,PhD,Non-Binary,64,Yes,1,2022-12-31,2023-10-07,154.86,663
CUST10338,Charles Davis,Arizona,Master,Female,50,Yes,3,2023-07-14,2024-10-09,89.27,295
CUST10119,Kenneth Ponce,Ohio,High School,Male,38,No,0,2020-10-28,2024-05-07,48.06,450
CUST10306,Brittany Huff,Florida,Master,Female,54,No,2,2022-10-10,2022-10-22,680.65,1013
CUST10463,Thomas Reid,California,Associate,Non-Binary,33,No,0,2023-07-04,2025-07-18,169.77,13
CUST10643,Samuel Hobbs,Georgia,PhD,Female,66,No,3,2022-04-01,2024-08-11,653.48,354
CUST10594,Ashley Pope,Washington,Associate,Male,31,No,0,2023-10-13,2023-10-14,85.97,656
CUST10811,Carolyn Smith,Florida,Associate,Male,28,No,2,2023-03-10,2025-04-14,516.57,108
CUST10771,Matthew Ochoa,Texas,High School,Female,20,No,0,2020-10-20,2022-09-14,183.63,1051
CUST10930,Anthony Neal,Texas,High School,Non-Binary,64,Yes,0,2023-03-24,2024-07-14,185.21,382
CUST10529,David Flores,Ohio,Associate,Female,64,No,3,2024-02-03,2025-07-15,99.01,16
CUST10059,Amy Davis,Georgia,PhD,Male,21,Yes,2,2021-10-20,2021-11-20,223.67,1349
CUST10974,Mr. Wesley Martin Jr.,Ohio,Bachelor,Non-Binary,68,Yes,1,2024-04-27,2025-03-05,135.38,148
CUST10457,Debra Schroeder,Colorado,High School,Non-Binary,52,No,4,2023-09-14,2024-11-14,299.06,259
CUST10560,April Richardson,Florida,Master,Female,28,No,0,2021-09-12,2023-09-03,339.25,697
CUST10330,Jeffrey Wells,Georgia,Bachelor,Male,63,Yes,1,2023-09-08,2025-05-29,515.38,63
CUST10216,Kimberly Parker,Arizona,Associate,Non-Binary,41,Yes,2,2022-11-27,2024-02-28,163.81,519
CUST10779,Tiffany Clements,Arizona,Master,Male,71,No,1,2021-07-23,2024-08-10,442.89,355
CUST10670,Logan Cohen,Illinois,Bachelor,Non-Binary,75,No,1,2024-03-10,2025-05-22,651.43,70
CUST10547,Amanda Hall,Washington,Associate,Female,28,No,2,2023-07-03,2025-04-03,110.49,119
CUST10076,Roberto Lewis,Colorado,Bachelor,Female,79,No,1,2023-02-11,2023-08-06,279.16,725
CUST10916,Morgan Smith,Texas,Associate,Non-Binary,74,No,3,2021-03-06,2024-10-25,241.6,279
CUST10022,Chris Collins,Georgia,PhD,Female,59,Yes,2,2022-03-04,2024-09-20,393.94,314
CUST10470,Jill Stone,Georgia,Master,Non-Binary,42,Yes,2,2023-01-06,2025-06-09,471.4,52
CUST10230,Ricky Skinner,Arizona,PhD,Male,40,Yes,1,2023-05-18,2025-06-05,241.3,56
CUST10930,Anthony Neal,Texas,High School,Non-Binary,64,Yes,0,2023-03-24,2024-03-20,408.16,498
CUST10316,Christopher Serrano,New York,High School,Male,60,Yes,1,2022-12-15,2024-11-01,208.63,272
CUST10407,Robert Anderson,Arizona,High School,Non-Binary,66,Yes,3,2021-09-18,2023-04-29,244.16,824
CUST10368,Benjamin Weber,Washington,Associate,Male,34,Yes,2,2021-01-11,2021-05-25,568.81,1528
CUST10331,Tiffany Washington,Ohio,High School,Male,36,Yes,0,2021-05-08,2022-06-03,144.15,1154
CUST10444,Charles Lee,Colorado,Associate,Non-Binary,37,No,2,2022-02-26,2023-07-01,89.82,761
CUST10732,David Cooper,Illinois,High School,Male,41,Yes,0,2023-04-30,2025-01-11,139.58,201
CUST10349,James Smith,Arizona,High School,Non-Binary,64,No,0,2021-11-21,2022-12-16,311.83,958
CUST10823,Courtney Meyer,Georgia,High School,Non-Binary,35,Yes,0,2021-12-21,2023-09-29,511.63,671
CUST10170,Mark Perez,California,Master,Non-Binary,22,No,0,2023-12-26,2024-09-29,178.68,305
CUST10322,Sheila Holmes,New York,Bachelor,Female,18,Yes,0,2021-12-26,2022-12-12,364.33,962
CUST10528,Mr. Gary Graham DDS,Georgia,Master,Male,35,Yes,0,2024-03-04,2025-04-29,181.42,93
CUST10345,Crystal Richards,California,Associate,Female,21,Yes,2,2021-05-12,2021-08-03,393.68,1458
CUST10345,Crystal Richards,California,Associate,Female,21,Yes,2,2021-05-12,2022-02-21,358.41,1256
CUST10690,Leah Moore,Arizona,Bachelor,Non-Binary,24,Yes,1,2021-07-24,2024-12-22,158.31,221
CUST10609,Joseph Wallace,Washington,Bachelor,Male,45,No,3,2020-12-28,2024-05-23,236.72,434
CUST10721,Mark Watkins,Arizona,High School,Non-Binary,54,Yes,1,2023-02-26,2024-09-25,454.9,309
CUST10427,Jesse Robinson,Washington,Master,Male,75,No,0,2022-02-14,2024-12-23,321.84,220
CUST10515,Brian White,Florida,Master,Female,32,Yes,0,2023-10-10,2024-03-26,334.91,492
CUST10254,Dean Wright,Florida,PhD,Male,80,No,0,2021-05-30,2022-08-20,62.87,1076
CUST10378,Molly Campbell,California,PhD,Female,27,Yes,1,2021-08-01,2025-01-31,881.85,181
CUST10030,Matthew Tran,New York,Master,Male,47,No,2,2022-11-08,2023-09-28,212.04,672
CUST10949,Craig Cook,Ohio,Master,Female,39,Yes,0,2022-04-28,2022-06-20,266.19,1137
CUST10614,Cynthia Campbell,California,Associate,Male,27,No,1,2021-06-01,2022-07-25,864.03,1102
CUST10465,Juan Zamora,Colorado,High School,Female,51,No,1,2023-03-03,2024-10-29,362.96,275
CUST10856,Julie Henry,Georgia,High School,Female,25,No,2,2023-12-03,2025-05-30,248.28,62
CUST10364,Douglas Sullivan DDS,Arizona,Master,Male,80,No,0,2023-01-30,2023-11-30,1244.82,609
CUST10190,John Wilson,California,PhD,Non-Binary,68,Yes,0,2024-05-06,2024-11-28,166.71,245
CUST10816,Victoria Smith,Colorado,Bachelor,Non-Binary,38,No,2,2023-12-26,2025-03-13,453.92,140
CUST10176,Phyllis Mason,California,PhD,Female,38,No,3,2021-05-02,2021-09-14,126.13,1416
CUST10601,Eric Norris,New York,Bachelor,Male,67,Yes,2,2024-02-10,2025-05-26,388.54,66
CUST10840,Amy Moore,Illinois,High School,Non-Binary,53,Yes,1,2023-11-25,2024-01-29,213.84,549
CUST10714,Bradley Williams,Georgia,Associate,Male,75,No,1,2023-05-10,2024-06-04,161.04,422
CUST10623,Dennis Howell,Georgia,PhD,Male,77,No,2,2024-01-06,2024-06-03,347.84,423
CUST10008,Jennifer Gray,Georgia,High School,Female,31,Yes,1,2022-05-18,2023-02-24,105.83,888
CUST10598,April Edwards,Georgia,Associate,Female,35,No,1,2023-09-18,2025-06-07,433.88,54
CUST10327,Collin Terrell,Ohio,Master,Male,65,No,2,2023-12-07,2024-09-07,353.31,327
CUST10446,Mr. David Ramirez,California,Bachelor,Female,65,No,0,2023-12-03,2025-07-28,160.2,3
CUST10668,Mary Hill,California,Associate,Non-Binary,23,Yes,1,2023-12-17,2024-04-12,593.42,475
CUST10161,Barbara Jones,Ohio,High School,Male,54,Yes,1,2024-04-21,2024-08-21,477.27,344
CUST10119,Kenneth Ponce,Ohio,High School,Male,38,No,0,2020-10-28,2022-01-29,189.14,1279
CUST10919,Dr. Jennifer Williamson DDS,Ohio,PhD,Male,62,No,0,2022-01-16,2022-11-04,271.43,1000
CUST10888,James Wilkins,Florida,Associate,Non-Binary,52,Yes,3,2023-04-16,2024-01-19,265.17,559
CUST10948,Patricia Koch,Texas,PhD,Male,28,Yes,2,2021-01-07,2023-09-04,360.76,696
CUST10610,Dillon Goodman,Colorado,Bachelor,Female,47,Yes,1,2022-08-04,2024-05-18,452.64,439
CUST10841,Stephen Cooke,Texas,PhD,Female,55,Yes,2,2022-05-25,2024-01-08,397.07,570
CUST10438,Natasha Buchanan,Illinois,High School,Non-Binary,48,Yes,0,2024-01-13,2024-06-15,233.11,411
CUST10700,Robert Rodgers,Arizona,High School,Female,34,Yes,0,2024-06-13,2025-04-01,330.24,121
CUST10551,Jennifer King,California,Bachelor,Non-Binary,63,No,3,2022-12-28,2025-04-18,74.91,104
CUST10432,Tina Elliott,Washington,Master,Female,49,No,1,2024-05-19,2025-05-28,367.66,64
CUST10147,Jay James,Colorado,PhD,Female,63,Yes,2,2024-01-26,2024-09-21,94.96,313
CUST10350,Haley Herring,New York,High School,Male,33,No,2,2023-07-02,2023-11-08,576.63,631
CUST10636,Shannon Gardner,Colorado,Master,Male,23,No,1,2021-10-26,2023-06-19,455.33,773
CUST10492,Frank Wyatt,New York,PhD,Non-Binary,55,No,3,2022-11-21,2025-07-19,157.67,12
CUST10474,John Graham,Washington,Bachelor,Female,73,No,2,2023-02-06,2024-03-12,94.15,506
CUST10888,James Wilkins,Florida,Associate,Non-Binary,52,Yes,3,2023-04-16,2023-07-01,303.61,761
CUST10429,Steven Simmons,Florida,PhD,Male,71,Yes,1,2021-03-24,2021-07-31,404.6,1461
CUST10673,Michael Wilson,Georgia,PhD,Non-Binary,78,Yes,3,2021-03-23,2022-05-31,281.43,1157
CUST10529,David Flores,Ohio,Associate,Female,64,No,3,2024-02-03,2024-07-23,105.22,373
CUST10377,Kenneth Bird,Illinois,PhD,Male,69,Yes,0,2023-06-23,2024-04-28,593.63,459
CUST10506,Nicholas Hurley,Arizona,Associate,Non-Binary,78,Yes,0,2022-03-19,2024-09-18,192.1,316
CUST10993,Dawn Williams,Arizona,Associate,Male,39,Yes,0,2020-10-10,2023-03-27,160.07,857
CUST10413,Sarah Nelson,Georgia,Master,Male,20,Yes,1,2020-12-14,2022-12-06,195.31,968
CUST10084,Michael Nelson,Florida,High School,Female,41,Yes,2,2022-01-18,2024-11-25,320.81,248
CUST10163,Scott Mitchell,California,Associate,Non-Binary,28,Yes,2,2020-10-22,2023-02-19,194.38,893
CUST10397,Jennifer Patel,Texas,Bachelor,Non-Binary,70,Yes,1,2023-03-17,2024-08-29,164.45,336
CUST10007,Lori Murphy,Georgia,Associate,Female,22,No,2,2024-03-25,2024-12-05,301.67,238
CUST10939,Brian Carson,Georgia,PhD,Female,22,No,3,2021-07-28,2023-07-01,314.99,761
CUST10787,Louis Gibson,Colorado,Associate,Non-Binary,47,No,1,2024-07-04,2024-12-15,115.41,228
CUST10604,Bethany Sanders,Colorado,Associate,Female,38,Yes,2,2023-08-20,2025-05-19,187.69,73
CUST10895,William Baker,Arizona,High School,Female,63,Yes,1,2022-08-30,2023-05-11,79.72,812
CUST10246,Michael Wilson,New York,High School,Non-Binary,78,No,1,2023-12-29,2024-11-23,137.38,250
CUST10551,Jennifer King,California,Bachelor,Non-Binary,63,No,3,2022-12-28,2024-06-07,197.51,419
CUST10502,Hannah Turner,Colorado,Bachelor,Male,30,No,4,2022-04-30,2022-07-22,430.8,1105
CUST10061,Robert Humphrey,Florida,Bachelor,Female,33,Yes,2,2023-08-04,2023-09-02,432.1,698
CUST10702,Nathan Brown,Ohio,Master,Non-Binary,18,Yes,1,2024-01-21,2024-09-03,370.3,331
CUST10314,Yolanda Wilson,Texas,Bachelor,Male,71,Yes,1,2022-03-25,2025-07-06,374.95,25
CUST10380,Thomas Kelly,Colorado,Bachelor,Non-Binary,77,Yes,1,2022-08-31,2024-03-26,151.3,492
CUST10726,Mary King,Arizona,High School,Female,55,No,1,2020-11-12,2022-02-16,132.79,1261
CUST10954,Ronald Smith,Arizona,Master,Male,34,Yes,0,2021-06-10,2024-11-26,289.8,247
CUST10322,Sheila Holmes,New York,Bachelor,Female,18,Yes,0,2021-12-26,2025-05-04,416.36,88
CUST10546,Wendy Barker,Colorado,Bachelor,Male,75,No,0,2020-12-31,2022-03-05,359.61,1244
CUST10012,Andrew White,Colorado,Master,Male,49,No,3,2020-11-09,2022-07-17,376.5,1110
CUST10225,James Walker,Georgia,PhD,Male,49,No,2,2021-10-08,2022-05-28,331.2,1160
CUST10953,Bobby Reed,Colorado,PhD,Female,38,No,0,2021-10-19,2022-08-13,392.92,1083
CUST10580,Kayla Gonzalez,Georgia,High School,Female,45,No,1,2021-11-28,2024-11-10,263.0,263
CUST10320,Tina Duncan,New York,Bachelor,Female,70,Yes,3,2023-10-07,2024-02-09,412.65,538
CUST10115,Jon Chang,Arizona,Associate,Male,62,Yes,0,2023-04-13,2024-05-03,280.23,454
CUST10417,Mason Tate,Florida,High School,Non-Binary,55,Yes,3,2023-11-24,2025-03-05,160.64,148
CUST10691,John Velasquez,Ohio,Associate,Female,66,No,0,2021-11-22,2025-01-04,68.04,208
CUST10251,Adam Weaver,Ohio,Associate,Female,44,No,0,2023-12-17,2025-07-28,254.48,3
CUST10111,Samantha Patton,Florida,Master,Male,42,No,2,2021-04-23,2023-12-19,172.53,590
CUST10537,Lori Hall,Arizona,PhD,Non-Binary,45,No,4,2021-12-19,2024-04-27,224.18,460
CUST10580,Kayla Gonzalez,Georgia,High School,Female,45,No,1,2021-11-28,2023-07-22,244.07,740
CUST10724,Mark Anderson,Georgia,High School,Non-Binary,42,No,0,2020-09-06,2022-10-01,190.44,1034
CUST10847,Rebecca Mitchell,Illinois,Bachelor,Non-Binary,42,Yes,2,2022-10-22,2023-11-13,581.52,626
CUST10537,Lori Hall,Arizona,PhD,Non-Binary,45,No,4,2021-12-19,2024-06-18,396.93,408
CUST10688,Christine Martinez,New York,Associate,Male,54,Yes,1,2024-02-24,2024-10-14,325.95,290
CUST10927,Paul Garcia,Texas,Bachelor,Male,54,No,3,2021-02-13,2024-04-17,130.43,470
CUST10454,Kimberly Flores,Florida,PhD,Male,46,Yes,0,2023-11-02,2025-06-24,102.49,37
CUST10985,Melanie Garcia,Florida,Master,Male,22,Yes,2,2020-08-07,2021-07-06,34.51,1486
CUST10026,Joseph Mcbride,Washington,High School,Male,27,Yes,0,2021-12-07,2022-04-02,259.32,1216
CUST10094,Dr. Clinton Lopez,Colorado,Bachelor,Female,54,No,2,2022-09-13,2024-10-25,493.02,279
CUST10041,Christine Johnson,Washington,High School,Female,75,Yes,1,2024-05-27,2025-01-08,843.68,204
CUST10979,Carol Paul,Illinois,PhD,Female,55,Yes,1,2022-03-05,2023-05-04,216.27,819
CUST10935,Scott Wood MD,California,High School,Male,78,No,0,2023-02-05,2023-11-14,82.36,625
CUST10480,Anthony Brown,New York,High School,Female,77,Yes,1,2021-01-12,2022-05-20,393.1,1168
CUST10118,Hannah Williams,New York,Master,Non-Binary,46,Yes,3,2020-11-19,2025-02-24,160.6,157
CUST10168,Cynthia Bradley,Illinois,Bachelor,Female,58,No,1,2021-05-09,2024-03-09,104.48,509
CUST10881,Charles Roach,Illinois,Master,Non-Binary,63,Yes,2,2024-01-24,2025-05-29,324.08,63
CUST10672,Stephen Wright,Florida,Associate,Non-Binary,75,Yes,0,2021-05-24,2023-01-12,625.25,931
CUST10862,James Blake,Texas,Associate,Non-Binary,26,No,0,2021-03-20,2024-01-29,203.52,549
CUST10186,John Marshall,Texas,Associate,Male,80,Yes,1,2023-04-01,2024-08-22,367.73,343
CUST10835,Riley Torres,New York,PhD,Non-Binary,49,Yes,1,2020-11-28,2021-04-09,145.94,1574
CUST10564,Mary Shaw,Washington,Master,Female,41,No,0,2024-07-13,2025-06-16,374.1,45
CUST10190,John Wilson,California,PhD,Non-Binary,68,Yes,0,2024-05-06,2024-09-19,833.79,315
CUST10348,Robert Simmons,Texas,Master,Male,68,Yes,2,2021-02-01,2023-03-08,818.57,876
CUST10958,Brandon Moore,Ohio,Associate,Female,31,No,3,2022-05-19,2025-01-04,241.43,208
CUST10551,Jennifer King,California,Bachelor,Non-Binary,63,No,3,2022-12-28,2025-07-25,157.28,6
CUST10681,Linda Wilson,New York,High School,Non-Binary,80,Yes,2,2022-05-05,2025-05-09,144.81,83
CUST10777,Andrew Walker,Georgia,Master,Female,46,Yes,1,2022-10-28,2023-10-28,232.53,642
CUST10505,Maria Berry,Georgia,PhD,Male,66,No,1,2023-12-27,2024-03-27,649.41,491
CUST10636,Shannon Gardner,Colorado,Master,Male,23,No,1,2021-10-26,2024-11-17,107.45,256
CUST10288,David Strickland,Georgia,Master,Male,27,No,0,2022-08-13,2023-05-08,345.21,815
CUST10715,Nicholas Bond,California,Associate,Male,75,Yes,2,2020-08-24,2021-07-09,113.45,1483
CUST10963,Tyler Snyder,Colorado,Bachelor,Non-Binary,23,No,0,2021-06-12,2023-10-15,245.36,655
CUST10683,Richard Erickson,California,Associate,Female,22,No,1,2022-09-26,2024-07-30,361.2,366
CUST10474,John Graham,Washington,Bachelor,Female,73,No,2,2023-02-06,2024-10-07,265.36,297
CUST10898,Heather Chavez,New York,Associate,Non-Binary,21,Yes,2,2024-04-21,2024-08-12,532.61,353
CUST10892,Raymond Riley,Washington,PhD,Male,54,No,2,2021-09-08,2022-06-16,325.03,1141
CUST10935,Scott Wood MD,California,High School,Male,78,No,0,2023-02-05,2024-05-22,389.63,435
CUST10895,William Baker,Arizona,High School,Female,63,Yes,1,2022-08-30,2023-10-12,127.31,658
CUST10447,Emily Conner,Florida,High School,Male,76,No,2,2022-06-14,2022-11-24,440.87,980
CUST10661,Deborah Newton,Arizona,Master,Male,68,No,2,2024-07-15,2025-03-10,706.08,143
CUST10533,Sara Mccullough,Washington,Master,Male,28,Yes,3,2020-08-27,2023-04-29,176.59,824
CUST10366,Sherri Webster,California,Bachelor,Male,80,Yes,2,2022-05-29,2023-04-28,262.62,825
CUST10663,Jacob Morrison,California,PhD,Male,19,Yes,1,2020-12-12,2023-06-02,159.35,790
CUST10435,Ralph Brown,Florida,Bachelor,Female,37,Yes,2,2020-11-18,2022-05-20,462.03,1168
CUST10233,Mark Macdonald,Texas,Bachelor,Male,45,No,0,2021-07-06,2024-08-05,79.58,360
CUST10361,Tammy Lawrence,Washington,Master,Male,48,No,4,2024-05-27,2024-11-21,374.49,252
CUST10717,Ashley Lee,New York,Master,Female,76,Yes,0,2024-06-25,2024-08-11,462.56,354
CUST10212,Joseph Williams,Arizona,Associate,Female,39,No,1,2021-03-13,2025-06-30,245.78,31
CUST10407,Robert Anderson,Arizona,High School,Non-Binary,66,Yes,3,2021-09-18,2024-02-05,263.28,542
CUST10092,Melissa Lee,Illinois,Bachelor,Non-Binary,24,Yes,1,2020-10-17,2024-04-04,307.87,483
CUST10188,Jennifer Hart,Washington,Bachelor,Non-Binary,44,Yes,0,2024-04-27,2025-02-24,173.37,157
CUST10033,Kelli Robinson,Arizona,PhD,Male,18,No,3,2023-05-28,2024-11-16,163.36,257
CUST10242,Kyle Klein,Ohio,Associate,Female,24,Yes,3,2023-02-07,2023-03-18,219.81,866
CUST10263,Rodney James,Ohio,High School,Non-Binary,61,No,0,2023-11-20,2024-03-02,870.89,516
CUST10857,Wayne Brown,Illinois,PhD,Male,41,Yes,1,2024-01-11,2024-10-22,352.32,282
CUST10215,Daniel Bishop,Washington,Master,Non-Binary,40,No,2,2021-01-25,2025-07-05,311.32,26
CUST10368,Benjamin Weber,Washington,Associate,Male,34,Yes,2,2021-01-11,2024-01-01,102.02,577
CUST10330,Jeffrey Wells,Georgia,Bachelor,Male,63,Yes,1,2023-09-08,2024-09-03,489.24,331
CUST10113,Sean Mathews,Arizona,Associate,Non-Binary,65,No,1,2023-07-17,2023-11-02,232.94,637
CUST10946,Amber Shaw,Illinois,PhD,Male,29,No,0,2022-09-08,2024-05-03,299.99,454
CUST10535,Teresa Garcia,Georgia,High School,Female,28,No,0,2024-05-15,2025-03-17,291.94,136
CUST10527,Jessica Green,California,Associate,Male,64,No,1,2021-09-29,2022-12-06,86.93,968
CUST10339,Denise Thompson,Colorado,Associate,Non-Binary,68,No,3,2022-05-15,2023-01-09,367.26,934
CUST10512,Sean Butler,Illinois,Bachelor,Male,73,Yes,3,2022-02-10,2025-06-17,580.54,44
CUST10678,Nancy Rogers,Ohio,High School,Male,40,Yes,0,2022-06-09,2025-01-02,675.52,210
CUST10212,Joseph Williams,Arizona,Associate,Female,39,No,1,2021-03-13,2024-06-04,366.32,422
CUST10203,Kim Bennett,Florida,High School,Female,43,No,0,2021-03-25,2021-06-28,96.92,1494
CUST10122,Brandy Robertson,Florida,PhD,Female,76,No,2,2021-09-19,2022-01-03,153.98,1305
CUST10809,Pamela Carey,Colorado,PhD,Female,46,No,0,2023-03-22,2024-12-25,396.16,218
CUST10879,Kristina Pineda,Washington,PhD,Non-Binary,41,Yes,1,2022-11-07,2023-12-09,60.68,600
CUST10858,Lisa Wong,Arizona,Master,Female,75,Yes,2,2021-02-19,2022-05-15,153.1,1173
CUST10483,Robert Oconnell,Illinois,Associate,Female,57,Yes,1,2022-04-22,2022-11-15,52.5,989
CUST10167,Grant Gonzales,Ohio,Bachelor,Female,53,Yes,2,2023-02-25,2024-06-17,189.64,409
CUST10375,Renee Simpson,Georgia,PhD,Non-Binary,29,Yes,1,2024-06-20,2024-09-11,131.36,323
CUST10107,Shelley Mcdowell,Florida,High School,Male,61,No,0,2020-08-17,2025-01-29,460.38,183
CUST10712,Matthew Keller,Washington,Bachelor,Female,42,Yes,3,2021-01-05,2024-11-21,33.33,252
CUST10546,Wendy Barker,Colorado,Bachelor,Male,75,No,0,2020-12-31,2023-12-15,796.91,594
CUST10628,Joseph Mcbride,Ohio,Master,Non-Binary,66,Yes,3,2024-01-27,2024-11-10,470.99,263
CUST10386,Courtney Nelson,New York,High School,Male,71,No,2,2020-09-20,2021-09-27,177.18,1403
CUST10464,Edwin Woodward,Colorado,Master,Non-Binary,40,No,0,2022-11-07,2023-09-19,98.19,681
CUST10868,Michael Crawford,Illinois,Associate,Male,48,Yes,1,2021-08-20,2024-07-02,388.54,394
CUST10387,Jamie Anderson,California,High School,Male,77,Yes,2,2021-03-25,2021-11-21,113.05,1348
CUST10430,Sandra King,Texas,Bachelor,Non-Binary,46,No,0,2021-10-24,2022-10-23,143.55,1012
CUST10719,Christopher Williams,Ohio,High School,Female,49,Yes,2,2023-09-14,2025-05-28,158.44,64
CUST10056,Brian Williams,Florida,Master,Non-Binary,60,No,0,2023-03-06,2023-10-14,270.94,656
CUST10018,Sara Wilson,Texas,High School,Non-Binary,53,No,1,2023-07-31,2024-11-04,380.95,269
CUST10663,Jacob Morrison,California,PhD,Male,19,Yes,1,2020-12-12,2022-09-16,423.12,1049
CUST10442,Michelle Smith,New York,High School,Female,76,No,1,2022-01-05,2022-06-22,386.33,1135
CUST10615,Frank Bowman,New York,Master,Non-Binary,59,No,3,2024-01-25,2024-11-25,312.84,248
CUST10395,Mary Mcneil,Ohio,Bachelor,Male,33,No,0,2022-08-06,2025-01-29,468.25,183
CUST10283,Adam Davis,Illinois,High School,Male,51,No,0,2022-06-13,2024-04-11,300.01,476
CUST10618,Kelly Beard,Colorado,Bachelor,Non-Binary,58,Yes,1,2021-03-17,2023-01-30,316.08,913
CUST10561,Joseph Krueger,Florida,Associate,Female,24,Yes,0,2022-06-30,2023-01-01,454.43,942
CUST10720,Mrs. Raven Fisher,Florida,High School,Non-Binary,72,No,1,2021-04-06,2022-07-17,225.96,1110
CUST10074,James Garcia DDS,Florida,Master,Male,58,Yes,1,2022-05-14,2023-11-17,89.09,622
CUST10843,Matthew Thompson,Ohio,High School,Non-Binary,56,No,2,2024-03-28,2024-07-09,1022.05,387
CUST10413,Sarah Nelson,Georgia,Master,Male,20,Yes,1,2020-12-14,2021-01-19,277.3,1654
CUST10123,Lauren Wilkerson,California,Associate,Non-Binary,53,Yes,1,2021-03-10,2024-03-17,102.14,501
CUST10048,Jennifer Baker,New York,Master,Male,56,Yes,1,2021-08-04,2022-04-24,200.03,1194
CUST10526,Walter Dean,Texas,Master,Male,68,Yes,1,2021-05-30,2024-08-20,376.19,345
CUST10430,Sandra King,Texas,Bachelor,Non-Binary,46,No,0,2021-10-24,2024-04-02,202.1,485
CUST10453,Christian Villanueva,California,Master,Non-Binary,33,No,2,2023-02-23,2024-09-01,353.67,333
CUST10325,Valerie Shelton,New York,Associate,Male,21,No,0,2022-03-17,2025-05-29,374.38,63
CUST10222,Mr. Lance Cisneros,Texas,Associate,Non-Binary,64,No,2,2022-11-03,2024-02-25,103.32,522
CUST10305,Heather Russell,Washington,Master,Female,21,Yes,2,2021-12-11,2023-04-17,518.11,836
CUST10298,Benjamin Ramirez,Georgia,Bachelor,Non-Binary,30,No,1,2024-07-03,2025-06-25,99.01,36
CUST10280,Gina May,Florida,Master,Female,36,Yes,0,2024-07-23,2024-08-30,687.0,335
CUST10505,Maria Berry,Georgia,PhD,Male,66,No,1,2023-12-27,2024-04-09,149.61,478
CUST10196,Kristin Pearson,Colorado,Master,Non-Binary,64,No,1,2022-11-30,2023-10-17,522.69,653
CUST10511,Tiffany Hayes,Colorado,Associate,Non-Binary,34,No,0,2022-04-26,2023-12-20,92.92,589
CUST10671,Michael Edwards,Illinois,Bachelor,Non-Binary,63,No,1,2022-03-30,2025-05-07,485.75,85
CUST10545,Alexander Ramirez,Illinois,Master,Female,67,No,0,2022-11-11,2022-11-11,321.06,993
CUST10609,Joseph Wallace,Washington,Bachelor,Male,45,No,3,2020-12-28,2024-03-20,274.33,498
CUST10005,Cynthia Moody,Texas,Master,Female,37,Yes,0,2022-05-17,2023-10-16,257.96,654
CUST10041,Christine Johnson,Washington,High School,Female,75,Yes,1,2024-05-27,2025-05-18,521.84,74
CUST10639,Mike Crawford,Colorado,PhD,Male,42,Yes,1,2024-07-02,2025-05-06,242.81,86
CUST10444,Charles Lee,Colorado,Associate,Non-Binary,37,No,2,2022-02-26,2025-07-30,781.86,1
CUST10033,Kelli Robinson,Arizona,PhD,Male,18,No,3,2023-05-28,2023-12-30,367.45,579
CUST10130,Eric Nelson,Ohio,Bachelor,Female,44,Yes,1,2022-01-19,2025-01-25,92.77,187
CUST10026,Joseph Mcbride,Washington,High School,Male,27,Yes,0,2021-12-07,2024-06-07,424.15,419
CUST10586,Robert Peck,California,PhD,Female,68,No,2,2021-09-03,2024-07-07,179.61,389
CUST10905,Virginia Ramsey,Georgia,Master,Non-Binary,25,No,2,2022-06-17,2023-03-02,439.36,882
CUST10250,Alicia Higgins,Texas,Master,Female,74,Yes,1,2023-10-15,2023-11-13,329.92,626
CUST10214,Philip Taylor,California,High School,Male,46,No,1,2022-11-02,2025-07-24,889.96,7
CUST10473,Christopher Daniels,Georgia,Associate,Male,63,No,2,2024-05-20,2024-08-12,367.9,353
CUST10153,Michele Brown,Ohio,PhD,Female,70,Yes,1,2024-06-22,2024-09-29,154.26,305
CUST10043,Timothy Contreras,Colorado,PhD,Non-Binary,23,No,1,2023-11-08,2024-03-29,199.65,489
CUST10394,Stuart Young,California,Bachelor,Female,33,No,1,2021-02-10,2022-07-18,741.99,1109
CUST10462,Billy Thompson,Ohio,Associate,Male,37,Yes,4,2023-12-14,2024-03-31,556.47,487
CUST10854,Brittany Fox,New York,Master,Male,74,Yes,0,2023-04-12,2023-10-20,209.64,650
CUST10230,Ricky Skinner,Arizona,PhD,Male,40,Yes,1,2023-05-18,2023-09-23,90.19,677
CUST10666,Matthew Lopez,Illinois,Master,Female,43,No,1,2023-12-27,2024-02-18,252.08,529
CUST10397,Jennifer Patel,Texas,Bachelor,Non-Binary,70,Yes,1,2023-03-17,2024-10-14,740.8,290
CUST10270,Stephen Rodriguez,Colorado,Associate,Female,42,Yes,0,2020-12-12,2025-07-05,251.17,26
CUST10242,Kyle Klein,Ohio,Associate,Female,24,Yes,3,2023-02-07,2023-07-12,943.74,750
CUST10785,Mr. Joshua Martinez,New York,High School,Female,19,No,0,2021-08-26,2022-02-10,715.34,1267
CUST10404,Brian Reynolds,Florida,PhD,Female,21,Yes,1,2023-11-04,2025-06-05,461.06,56
CUST10264,Gabriel Garrison,Colorado,PhD,Non-Binary,45,Yes,1,2020-08-08,2020-10-29,395.36,1736
CUST10940,Alexandria Potter,New York,High School,Male,72,Yes,3,2022-04-30,2025-02-11,76.45,170
CUST10758,Nicolas Cruz,Illinois,Master,Male,66,No,1,2022-02-25,2022-10-31,315.16,1004
CUST10754,Brian Harris,California,Master,Male,28,Yes,1,2021-05-02,2025-04-07,388.87,115
CUST10193,Willie Riley,Texas,PhD,Non-Binary,46,Yes,1,2023-08-19,2024-06-15,337.42,411
CUST10956,Richard Mercado,New York,Bachelor,Non-Binary,74,No,1,2021-05-25,2022-08-19,375.76,1077
CUST10684,David Roy,Illinois,High School,Male,27,No,0,2021-09-22,2023-04-26,508.36,827
CUST10561,Joseph Krueger,Florida,Associate,Female,24,Yes,0,2022-06-30,2022-11-13,108.23,991
CUST10502,Hannah Turner,Colorado,Bachelor,Male,30,No,4,2022-04-30,2025-02-22,618.12,159
CUST10541,Joan Smith,Washington,Master,Male,77,No,2,2022-01-29,2022-08-24,288.26,1072
CUST10299,Nancy Wu,Arizona,Master,Female,72,No,2,2021-05-09,2022-08-24,671.56,1072
CUST10226,Darren Bishop,Ohio,Associate,Male,64,Yes,1,2022-01-09,2024-10-26,29.04,278
CUST10272,Ray Lopez,Arizona,Master,Female,24,No,2,2022-10-23,2024-04-30,280.35,457
CUST10938,John Price,California,PhD,Male,44,No,2,2020-08-31,2025-05-02,570.2,90
CUST10934,Wesley Dawson,Georgia,Bachelor,Male,33,No,0,2023-10-04,2025-01-10,85.42,202
CUST10650,Phillip Taylor,Ohio,PhD,Non-Binary,70,Yes,1,2023-12-13,2025-06-15,114.58,46
CUST10284,Diane Bowen,California,Associate,Non-Binary,20,No,1,2024-06-26,2024-09-28,153.44,306
CUST10666,Matthew Lopez,Illinois,Master,Female,43,No,1,2023-12-27,2024-12-02,188.29,241
CUST10690,Leah Moore,Arizona,Bachelor,Non-Binary,24,Yes,1,2021-07-24,2024-05-20,787.64,437
CUST10246,Michael Wilson,New York,High School,Non-Binary,78,No,1,2023-12-29,2025-05-15,496.05,77
CUST10412,James Gonzalez,California,PhD,Male,33,No,0,2024-05-06,2024-08-14,345.41,351
CUST10206,Michelle Schmidt,Ohio,Associate,Female,67,Yes,0,2020-11-29,2021-05-20,421.48,1533
CUST10232,Erin Wyatt,Illinois,Bachelor,Female,60,No,1,2020-12-26,2022-01-26,631.92,1282
CUST10044,Briana Burgess,Florida,High School,Male,36,Yes,4,2024-03-23,2024-03-27,516.42,491
CUST10394,Stuart Young,California,Bachelor,Female,33,No,1,2021-02-10,2021-02-27,159.1,1615
CUST10390,Dr. Phillip Brooks,Florida,High School,Male,53,Yes,2,2022-05-29,2023-07-17,479.51,745
CUST10731,Daniel Salas,Florida,High School,Male,54,Yes,1,2020-12-05,2020-12-06,505.15,1698
CUST10314,Yolanda Wilson,Texas,Bachelor,Male,71,Yes,1,2022-03-25,2023-03-05,439.94,879
CUST10236,Tonya Brady,Texas,High School,Female,77,Yes,1,2023-12-24,2025-01-10,564.15,202
CUST10885,Cody Pierce,New York,Bachelor,Male,36,Yes,1,2023-03-28,2025-03-01,339.74,152
CUST10676,Ricardo Flores,Colorado,High School,Male,80,No,0,2022-08-05,2022-11-19,110.32,985
CUST10678,Nancy Rogers,Ohio,High School,Male,40,Yes,0,2022-06-09,2023-12-07,414.32,602
CUST10574,David Jensen,New York,Bachelor,Non-Binary,51,No,4,2021-05-11,2021-12-28,64.61,1311
CUST10471,Brian Mullins,Arizona,PhD,Female,77,Yes,1,2020-09-18,2022-01-02,280.95,1306
CUST10084,Michael Nelson,Florida,High School,Female,41,Yes,2,2022-01-18,2024-11-29,839.08,244
CUST10729,James Jackson,Illinois,Bachelor,Male,75,No,0,2024-02-08,2025-01-01,130.68,211
CUST10832,Candace Green,New York,Master,Female,73,No,1,2020-09-19,2023-06-19,133.23,773
CUST10595,Maria Jackson,California,Master,Female,72,No,2,2023-09-08,2024-10-30,273.57,274
CUST10583,Sergio Taylor,New York,Master,Non-Binary,32,No,1,2020-10-01,2024-11-16,66.4,257
CUST10826,Elizabeth Mason,Washington,Associate,Non-Binary,75,Yes,1,2020-08-04,2023-10-05,596.48,665
CUST10372,Jennifer Sullivan,Ohio,PhD,Female,50,No,0,2023-05-30,2024-05-22,280.42,435
CUST10075,Rebecca Acosta,Colorado,Bachelor,Female,78,No,1,2021-09-21,2023-05-02,171.5,821
CUST10854,Brittany Fox,New York,Master,Male,74,Yes,0,2023-04-12,2023-04-22,477.56,831
CUST10888,James Wilkins,Florida,Associate,Non-Binary,52,Yes,3,2023-04-16,2025-03-22,450.45,131
CUST10778,Jillian Bauer PhD,Texas,PhD,Non-Binary,57,Yes,4,2023-05-20,2023-12-23,264.04,586
CUST10897,Richard Becker,Washington,High School,Male,27,Yes,4,2022-04-22,2022-12-26,147.71,948
CUST10036,Matthew Pierce,Arizona,Bachelor,Non-Binary,64,Yes,0,2021-02-13,2023-07-27,437.46,735
CUST10131,Daniel Park,New York,PhD,Non-Binary,39,Yes,3,2022-10-29,2023-11-19,486.1,620
CUST10562,Dustin Bell,Florida,High School,Male,19,Yes,1,2024-04-12,2025-07-18,344.56,13
CUST10362,Mark Hernandez,Ohio,PhD,Female,62,No,0,2021-06-17,2025-06-03,210.98,58
CUST10518,Heather Mendoza,Arizona,Associate,Male,55,Yes,1,2023-11-28,2025-07-14,255.19,17
CUST10973,Sherri Pearson,Illinois,Associate,Female,76,No,0,2024-02-20,2024-08-02,782.6,363
CUST10949,Craig Cook,Ohio,Master,Female,39,Yes,0,2022-04-28,2025-07-09,91.09,22
CUST10689,Jonathan Tucker,Florida,PhD,Non-Binary,53,No,0,2021-07-06,2023-11-21,168.44,618
CUST10999,Virginia Torres,Arizona,Bachelor,Male,76,Yes,2,2022-09-01,2023-03-09,511.92,875
CUST10310,Luke Duffy,Illinois,PhD,Male,39,Yes,0,2021-11-26,2023-11-05,357.35,634
CUST10991,Kevin Beck,Florida,Bachelor,Female,80,No,4,2024-02-13,2024-09-21,502.62,313
CUST10233,Mark Macdonald,Texas,Bachelor,Male,45,No,0,2021-07-06,2023-09-24,307.85,676
CUST10925,Dr. Joshua Patel,Arizona,PhD,Female,53,Yes,0,2022-11-10,2025-05-31,631.6,61
CUST10134,Travis Barber,Ohio,Bachelor,Male,67,Yes,0,2020-11-15,2025-07-24,195.4,7
CUST10476,Brad Jones,Illinois,Bachelor,Male,56,No,0,2024-01-21,2024-05-30,655.35,427
CUST10410,Jay Mercer,Illinois,Master,Male,45,Yes,0,2022-02-01,2022-07-18,642.9,1109
CUST10484,Jason Richardson,Texas,PhD,Female,52,Yes,1,2022-02-06,2023-02-17,376.21,895
CUST10906,Kenneth Smith,California,High School,Male,68,Yes,1,2022-05-02,2022-10-16,219.43,1019
CUST10709,Jason Haynes,California,Bachelor,Female,36,No,1,2023-10-03,2025-03-15,341.33,138
CUST10235,Ashley Olson,Arizona,Master,Non-Binary,48,Yes,3,2020-08-25,2023-02-07,720.06,905
CUST10628,Joseph Mcbride,Ohio,Master,Non-Binary,66,Yes,3,2024-01-27,2025-06-27,158.1,34
CUST10391,Melissa Patrick,Florida,PhD,Non-Binary,76,No,2,2021-06-08,2024-12-03,668.19,240
CUST10030,Matthew Tran,New York,Master,Male,47,No,2,2022-11-08,2023-03-14,640.71,870
CUST10992,Sheila Gonzales,Arizona,Associate,Female,48,Yes,1,2022-07-07,2023-06-04,97.65,788
CUST10694,Lauren Williams,Ohio,PhD,Non-Binary,29,Yes,1,2023-06-18,2025-03-30,159.72,123
CUST10711,Tanya Moore,Arizona,PhD,Male,73,Yes,4,2023-08-30,2024-07-04,485.94,392
CUST10843,Matthew Thompson,Ohio,High School,Non-Binary,56,No,2,2024-03-28,2025-07-21,112.99,10
CUST10315,Patty Wood,Colorado,Associate,Male,34,Yes,0,2023-10-21,2024-04-10,379.11,477
CUST10775,Luis Huffman,Ohio,Master,Non-Binary,39,No,4,2023-09-03,2024-03-29,460.35,489
CUST10302,John Rush,California,Master,Non-Binary,49,No,4,2024-06-23,2025-06-12,519.42,49
CUST10751,Bonnie Buchanan,New York,Master,Male,26,No,1,2020-12-20,2025-01-31,234.47,181
CUST10223,Mr. Jason Jones,Washington,High School,Female,20,No,1,2020-12-03,2022-06-09,445.36,1148
CUST10317,Travis Hubbard,Texas,Associate,Male,74,No,1,2022-04-16,2025-02-01,102.63,180
CUST10410,Jay Mercer,Illinois,Master,Male,45,Yes,0,2022-02-01,2024-12-25,351.4,218
CUST10632,Fernando Fuller,Illinois,Associate,Non-Binary,75,No,2,2022-03-13,2023-08-24,180.15,707
CUST10955,Nicole Garcia,Colorado,Bachelor,Female,30,Yes,1,2023-11-03,2025-01-28,269.82,184
CUST10641,Joshua Mccormick,Texas,PhD,Male,52,No,3,2022-12-15,2024-07-23,238.34,373
CUST10400,Daniel Gregory,Colorado,Associate,Female,38,Yes,2,2022-09-20,2025-02-02,166.34,179
CUST10299,Nancy Wu,Arizona,Master,Female,72,No,2,2021-05-09,2025-02-14,210.48,167
CUST10108,Luke Mason,Florida,Bachelor,Non-Binary,64,Yes,1,2023-10-04,2025-04-18,325.29,104
CUST10472,Heather Ferguson,Georgia,Master,Male,38,No,2,2024-03-20,2024-09-16,159.98,318
CUST10837,Michael Navarro,California,Bachelor,Female,70,Yes,3,2022-06-04,2023-12-17,432.47,592
CUST10509,Andrew Griffith,Washington,PhD,Male,32,No,0,2023-08-20,2025-05-24,335.8,68
CUST10177,Dr. Regina King PhD,Texas,Associate,Female,58,Yes,0,2020-09-24,2021-04-15,255.86,1568
CUST10880,Aaron Weber,Georgia,Associate,Male,22,Yes,2,2022-05-08,2023-05-26,311.93,797
CUST10426,Jessica Anderson,Washington,High School,Female,38,Yes,2,2023-05-10,2023-12-20,41.86,589
CUST10600,Mark Thompson,Ohio,Associate,Female,49,Yes,0,2020-10-21,2023-03-13,236.86,871
CUST10971,Mr. David Miranda,Arizona,Master,Non-Binary,58,No,2,2022-08-17,2023-04-01,690.66,852
CUST10087,Tina Singh,Arizona,Bachelor,Male,44,No,1,2023-10-28,2025-03-05,418.12,148
CUST10306,Brittany Huff,Florida,Master,Female,54,No,2,2022-10-10,2023-03-12,121.99,872
CUST10446,Mr. David Ramirez,California,Bachelor,Female,65,No,0,2023-12-03,2025-02-22,813.84,159
CUST10641,Joshua Mccormick,Texas,PhD,Male,52,No,3,2022-12-15,2024-05-19,414.66,438
CUST10011,Ian Baker,Florida,Master,Non-Binary,64,No,3,2024-01-23,2024-10-20,18.54,284
CUST10583,Sergio Taylor,New York,Master,Non-Binary,32,No,1,2020-10-01,2022-05-21,296.51,1167
CUST10477,Caleb Perry,Ohio,High School,Female,63,No,0,2022-12-27,2024-12-22,416.35,221
CUST10448,Charles Waters,Arizona,Bachelor,Non-Binary,43,No,2,2024-04-26,2024-04-30,1206.92,457
CUST10199,David Nguyen,Colorado,Associate,Female,70,Yes,1,2023-09-10,2024-04-25,254.04,462
CUST10604,Bethany Sanders,Colorado,Associate,Female,38,Yes,2,2023-08-20,2024-04-25,431.78,462
CUST10878,Ruth Johnson,Texas,Bachelor,Non-Binary,36,No,1,2023-03-10,2024-03-10,152.28,508
CUST10285,Miranda Stone,Arizona,Associate,Female,45,No,2,2023-09-09,2025-02-15,207.34,166
CUST10989,David Hernandez,California,High School,Non-Binary,35,Yes,1,2023-07-23,2024-07-07,92.81,389
CUST10101,Melissa Flores,Georgia,Master,Non-Binary,78,No,2,2023-01-06,2025-04-30,198.34,92
CUST10774,Brad Guzman,Texas,Associate,Female,43,Yes,2,2021-05-15,2024-01-15,434.3,563
CUST10878,Ruth Johnson,Texas,Bachelor,Non-Binary,36,No,1,2023-03-10,2025-07-08,43.17,23
CUST10335,Donald Martin,California,Associate,Non-Binary,67,Yes,4,2020-07-31,2021-05-07,216.94,1546
CUST10498,Derek Greene,Colorado,Associate,Non-Binary,52,No,1,2024-07-26,2024-11-11,56.39,262
CUST10097,Frank Moore,Ohio,Associate,Male,80,No,0,2021-07-22,2024-09-13,129.46,321
CUST10950,Monica Smith,Washington,Bachelor,Female,55,Yes,3,2022-07-17,2022-12-10,565.86,964
CUST10748,Valerie Miller,Texas,PhD,Male,27,Yes,0,2020-12-03,2022-04-24,421.85,1194
CUST10525,Michelle Campbell,Colorado,PhD,Female,72,Yes,1,2021-10-04,2022-11-09,653.34,995
CUST10151,Dawn Elliott,Arizona,High School,Male,41,No,2,2022-07-07,2023-05-16,203.51,807
CUST10947,Teresa Valdez,Washington,Master,Male,39,No,0,2022-03-29,2023-09-13,484.05,687
CUST10974,Mr. Wesley Martin Jr.,Ohio,Bachelor,Non-Binary,68,Yes,1,2024-04-27,2025-01-06,194.56,206
CUST10941,Natasha Walker,California,Associate,Non-Binary,40,Yes,1,2024-06-06,2024-11-07,227.64,266
CUST10498,Derek Greene,Colorado,Associate,Non-Binary,52,No,1,2024-07-26,2025-04-19,186.27,103
CUST10286,Nicole Porter DVM,New York,Master,Male,46,Yes,0,2024-02-09,2025-02-01,425.39,180
CUST10464,Edwin Woodward,Colorado,Master,Non-Binary,40,No,0,2022-11-07,2023-04-29,251.54,824
CUST10574,David Jensen,New York,Bachelor,Non-Binary,51,No,4,2021-05-11,2025-04-10,123.96,112
CUST10433,Shannon Simpson,Georgia,PhD,Female,30,Yes,1,2020-10-21,2023-03-21,134.22,863
CUST10544,Todd Allen,Arizona,Master,Male,32,No,0,2020-08-03,2022-09-14,225.4,1051
CUST10940,Alexandria Potter,New York,High School,Male,72,Yes,3,2022-04-30,2024-06-05,364.56,421
CUST10259,Nicholas Carter,Texas,High School,Non-Binary,32,Yes,3,2023-03-31,2025-07-29,340.35,2
CUST10200,Nicole Maynard,Texas,Bachelor,Female,51,Yes,1,2021-08-30,2023-06-11,366.22,781
CUST10200,Nicole Maynard,Texas,Bachelor,Female,51,Yes,1,2021-08-30,2024-09-20,357.9,314
CUST10585,Monica Lawson,Colorado,Master,Male,57,No,1,2020-10-18,2023-02-27,84.27,885
CUST10867,Alexander Koch,Georgia,Bachelor,Male,53,No,4,2022-12-10,2023-08-24,179.67,707
CUST10857,Wayne Brown,Illinois,PhD,Male,41,Yes,1,2024-01-11,2024-10-20,90.98,284
CUST10553,Matthew Levy,Ohio,Master,Male,28,No,2,2022-12-02,2025-05-20,460.77,72
CUST10811,Carolyn Smith,Florida,Associate,Male,28,No,2,2023-03-10,2024-11-07,110.96,266
CUST10807,Matthew Hopkins,Illinois,Bachelor,Male,43,No,0,2021-06-19,2024-11-06,114.06,267
CUST10897,Richard Becker,Washington,High School,Male,27,Yes,4,2022-04-22,2023-11-15,180.66,624
CUST10841,Stephen Cooke,Texas,PhD,Female,55,Yes,2,2022-05-25,2023-04-09,202.51,844
CUST10484,Jason Richardson,Texas,PhD,Female,52,Yes,1,2022-02-06,2024-09-22,14.52,312
CUST10459,Michael Williams,Ohio,High School,Non-Binary,43,No,2,2022-07-21,2023-04-01,523.35,852
CUST10576,Laura Miller,Texas,PhD,Female,29,No,3,2023-05-18,2023-07-29,193.35,733
CUST10528,Mr. Gary Graham DDS,Georgia,Master,Male,35,Yes,0,2024-03-04,2024-12-01,56.25,242
CUST10058,Jennifer Anderson MD,Florida,PhD,Non-Binary,49,No,3,2021-10-20,2022-08-02,227.78,1094
CUST10981,Olivia Smith,Arizona,Associate,Male,25,Yes,1,2024-03-20,2024-08-24,275.29,341
CUST10203,Kim Bennett,Florida,High School,Female,43,No,0,2021-03-25,2023-11-26,220.64,613
CUST10222,Mr. Lance Cisneros,Texas,Associate,Non-Binary,64,No,2,2022-11-03,2025-03-25,276.97,128
CUST10871,Jessica Lee,California,Associate,Non-Binary,42,No,2,2022-10-16,2023-04-14,314.39,839
CUST10494,Christopher Golden,Texas,PhD,Male,35,No,2,2020-11-19,2021-12-31,459.1,1308
CUST10374,Jennifer Jones,Arizona,Master,Non-Binary,40,No,2,2021-07-22,2022-04-11,1609.28,1207
CUST10956,Richard Mercado,New York,Bachelor,Non-Binary,74,No,1,2021-05-25,2023-01-01,26.86,942
CUST10091,Sherry Whitney,Florida,PhD,Male,75,Yes,1,2022-12-05,2023-12-20,571.4,589
CUST10766,Douglas Higgins,Colorado,High School,Female,48,Yes,1,2021-03-21,2024-04-03,432.57,484
CUST10752,Paula Ross,Washington,Bachelor,Non-Binary,46,Yes,2,2021-04-04,2024-12-23,423.78,220
CUST10045,Amanda Berg,Illinois,Bachelor,Male,28,No,2,2023-02-23,2023-07-21,199.51,741
CUST10555,Andrew Watson,California,PhD,Female,64,No,0,2022-09-10,2024-04-16,144.77,471
CUST10609,Joseph Wallace,Washington,Bachelor,Male,45,No,3,2020-12-28,2024-03-01,244.87,517
CUST10050,Marilyn Jackson,New York,Bachelor,Male,32,No,1,2024-06-22,2025-06-08,300.24,53
CUST10710,Derek Smith,Illinois,PhD,Male,63,Yes,0,2021-05-02,2024-07-08,84.73,388
CUST10867,Alexander Koch,Georgia,Bachelor,Male,53,No,4,2022-12-10,2025-03-04,908.03,149
CUST10147,Jay James,Colorado,PhD,Female,63,Yes,2,2024-01-26,2025-07-25,183.83,6
CUST10097,Frank Moore,Ohio,Associate,Male,80,No,0,2021-07-22,2022-06-17,212.91,1140
CUST10340,Elizabeth Phillips,California,Bachelor,Non-Binary,80,No,0,2020-08-30,2025-05-05,1174.1,87
CUST10857,Wayne Brown,Illinois,PhD,Male,41,Yes,1,2024-01-11,2024-11-11,517.76,262
CUST10930,Anthony Neal,Texas,High School,Non-Binary,64,Yes,0,2023-03-24,2024-01-02,351.74,576
CUST10673,Michael Wilson,Georgia,PhD,Non-Binary,78,Yes,3,2021-03-23,2024-10-20,72.73,284
CUST10622,Andre Dennis,Illinois,Bachelor,Male,34,Yes,0,2022-09-17,2022-09-28,257.52,1037
CUST10679,Ann Rose,Arizona,Associate,Male,54,Yes,0,2022-10-04,2025-04-11,208.97,111
CUST10815,Carol Peterson MD,Washington,Master,Non-Binary,46,Yes,3,2024-06-17,2025-06-30,164.86,31
CUST10006,Jeffrey Torres,Colorado,Bachelor,Non-Binary,72,No,1,2021-01-18,2024-04-05,139.68,482
CUST10069,Patricia Santana,California,PhD,Male,70,No,0,2022-07-11,2024-11-20,713.75,253
CUST10528,Mr. Gary Graham DDS,Georgia,Master,Male,35,Yes,0,2024-03-04,2025-01-06,798.69,206
CUST10110,Christopher Mccormick,New York,Associate,Male,48,Yes,2,2022-12-10,2023-01-02,470.34,941
CUST10074,James Garcia DDS,Florida,Master,Male,58,Yes,1,2022-05-14,2024-06-19,498.36,407
CUST10441,Erin Gutierrez,Texas,Associate,Female,56,Yes,1,2021-12-06,2022-09-09,146.92,1056
CUST10540,Michael Rose,Georgia,Master,Non-Binary,21,No,0,2021-12-29,2023-04-15,220.51,838
CUST10892,Raymond Riley,Washington,PhD,Male,54,No,2,2021-09-08,2023-12-20,320.75,589
CUST10105,Shelley King,Colorado,Bachelor,Male,65,No,2,2022-06-22,2023-04-17,312.37,836
CUST10985,Melanie Garcia,Florida,Master,Male,22,Yes,2,2020-08-07,2024-11-16,484.96,257
CUST10156,Daniel Mullins,Arizona,PhD,Non-Binary,63,No,0,2021-08-20,2021-10-03,122.12,1397
CUST10799,Dwayne Harper,Arizona,PhD,Female,19,Yes,2,2022-06-02,2022-11-02,295.65,1002
CUST10661,Deborah Newton,Arizona,Master,Male,68,No,2,2024-07-15,2025-05-13,170.04,79
CUST10056,Brian Williams,Florida,Master,Non-Binary,60,No,0,2023-03-06,2024-09-09,398.58,325
CUST10149,Kayla Ortiz,Washington,PhD,Non-Binary,73,No,2,2022-11-09,2023-12-03,257.93,606
CUST10625,Jonathan Fernandez II,Ohio,Master,Male,72,No,3,2021-10-24,2025-04-26,299.26,96
CUST10958,Brandon Moore,Ohio,Associate,Female,31,No,3,2022-05-19,2022-08-18,280.31,1078
CUST10132,Mark Ross,Florida,Bachelor,Male,24,No,2,2022-07-14,2023-05-11,149.55,812
CUST10202,Whitney Marshall,California,Bachelor,Non-Binary,37,No,2,2020-10-28,2022-09-25,380.93,1040
CUST10551,Jennifer King,California,Bachelor,Non-Binary,63,No,3,2022-12-28,2025-03-25,329.35,128
CUST10176,Phyllis Mason,California,PhD,Female,38,No,3,2021-05-02,2024-01-02,249.21,576
CUST10806,Amanda Willis,Ohio,PhD,Non-Binary,66,Yes,4,2024-02-14,2024-12-17,198.52,226
CUST10469,Rick Oconnell,Florida,Associate,Male,19,No,2,2023-05-24,2025-05-19,420.85,73
CUST10285,Miranda Stone,Arizona,Associate,Female,45,No,2,2023-09-09,2025-03-14,87.95,139
CUST10835,Riley Torres,New York,PhD,Non-Binary,49,Yes,1,2020-11-28,2021-07-31,482.69,1461
CUST10642,Alyssa King,Colorado,Associate,Female,71,Yes,3,2023-01-04,2024-07-28,315.48,368
CUST10635,Sherry Stanley,Washington,Associate,Female,39,No,1,2023-12-28,2025-07-20,676.9,11
CUST10969,Victor Johnson,Texas,PhD,Non-Binary,56,Yes,4,2022-03-11,2023-09-24,62.65,676
CUST10775,Luis Huffman,Ohio,Master,Non-Binary,39,No,4,2023-09-03,2023-11-08,302.78,631
CUST10019,Lisa Murray,New York,Bachelor,Non-Binary,70,No,0,2023-04-16,2024-05-03,227.76,454
CUST10230,Ricky Skinner,Arizona,PhD,Male,40,Yes,1,2023-05-18,2023-07-03,158.88,759
CUST10538,Lindsay Jones,Arizona,PhD,Male,23,Yes,0,2021-03-19,2022-12-23,697.46,951
CUST10983,Sean Galloway,Colorado,High School,Non-Binary,66,Yes,1,2022-02-10,2024-04-12,247.85,475
CUST10681,Linda Wilson,New York,High School,Non-Binary,80,Yes,2,2022-05-05,2024-12-17,174.56,226
CUST10218,Jason Austin,Ohio,PhD,Female,67,Yes,1,2023-03-02,2025-07-12,911.06,19
CUST10559,Lauren White,Florida,Associate,Male,68,Yes,2,2020-09-11,2023-09-13,136.19,687
CUST10979,Carol Paul,Illinois,PhD,Female,55,Yes,1,2022-03-05,2022-07-14,319.78,1113
CUST10304,Adrian Gallagher,Washington,Master,Non-Binary,58,No,2,2023-10-30,2024-07-30,429.72,366
CUST10739,Evelyn Buckley,Washington,Bachelor,Non-Binary,55,Yes,3,2022-05-04,2023-04-04,113.68,849
CUST10580,Kayla Gonzalez,Georgia,High School,Female,45,No,1,2021-11-28,2024-07-04,156.29,392
CUST10058,Jennifer Anderson MD,Florida,PhD,Non-Binary,49,No,3,2021-10-20,2025-05-15,69.92,77
CUST10817,Veronica Davidson,Ohio,PhD,Male,74,Yes,2,2022-12-15,2024-05-14,363.02,443
CUST10440,Linda Merritt,Colorado,Master,Non-Binary,40,Yes,1,2022-04-19,2025-07-30,368.54,1
CUST10364,Douglas Sullivan DDS,Arizona,Master,Male,80,No,0,2023-01-30,2025-01-07,299.49,205
CUST10843,Matthew Thompson,Ohio,High School,Non-Binary,56,No,2,2024-03-28,2024-07-12,244.2,384
CUST10200,Nicole Maynard,Texas,Bachelor,Female,51,Yes,1,2021-08-30,2021-10-09,189.1,1391
CUST10291,Jeffrey Johnson,Arizona,Bachelor,Male,45,Yes,1,2024-03-28,2025-03-30,63.41,123
CUST10015,Kayla Oneill,Texas,PhD,Non-Binary,69,No,2,2021-05-07,2023-05-10,650.68,813
CUST10521,Ms. Maria Garrett,Florida,High School,Female,23,Yes,1,2020-12-30,2023-02-15,204.94,897
CUST10284,Diane Bowen,California,Associate,Non-Binary,20,No,1,2024-06-26,2025-01-02,144.73,210
CUST10175,David Russell,New York,PhD,Male,29,Yes,0,2023-02-08,2023-12-05,781.0,604
CUST10512,Sean Butler,Illinois,Bachelor,Male,73,Yes,3,2022-02-10,2025-02-06,310.7,175
CUST10896,Charles Love,Illinois,High School,Non-Binary,38,No,2,2022-10-17,2023-02-10,263.8,902
CUST10733,Jean Reed,Florida,Associate,Male,68,Yes,4,2023-07-27,2024-08-29,207.08,336
CUST10940,Alexandria Potter,New York,High School,Male,72,Yes,3,2022-04-30,2023-10-09,481.89,661
CUST10156,Daniel Mullins,Arizona,PhD,Non-Binary,63,No,0,2021-08-20,2024-03-22,343.68,496
CUST10501,Kristopher Powell,Illinois,Bachelor,Female,43,Yes,0,2024-04-26,2024-10-07,408.52,297
CUST10982,Annette Martin,New York,Master,Female,66,Yes,4,2021-05-12,2022-03-18,132.76,1231
CUST10284,Diane Bowen,California,Associate,Non-Binary,20,No,1,2024-06-26,2024-07-20,319.54,376
CUST10673,Michael Wilson,Georgia,PhD,Non-Binary,78,Yes,3,2021-03-23,2023-02-15,70.05,897
CUST10589,Nathan Sanders,Texas,PhD,Male,71,Yes,3,2022-02-01,2023-09-03,461.83,697
CUST10733,Jean Reed,Florida,Associate,Male,68,Yes,4,2023-07-27,2025-03-30,282.45,123
CUST10928,Jessica Pierce,Texas,Associate,Male,42,No,0,2022-10-21,2023-12-10,564.95,599
CUST10931,Cathy Brown,Florida,Bachelor,Female,21,No,0,2022-01-21,2024-08-02,497.56,363
CUST10698,Nathan Long,Colorado,PhD,Male,65,No,2,2024-01-15,2025-06-30,105.14,31
CUST10079,Amber Moreno,Florida,Bachelor,Male,46,No,3,2023-08-11,2025-06-14,390.79,47
CUST10827,Christopher Daniels,Illinois,PhD,Male,64,Yes,1,2021-07-18,2025-04-23,549.21,99
CUST10455,Maurice Cook,Illinois,Bachelor,Non-Binary,48,No,0,2021-11-17,2023-09-16,384.13,684
CUST10191,Dr. Katie Lamb,Ohio,High School,Non-Binary,32,Yes,2,2020-12-22,2022-07-15,369.01,1112
CUST10282,Jordan Tapia,Washington,High School,Non-Binary,41,Yes,2,2021-12-31,2023-11-09,275.96,630
CUST10993,Dawn Williams,Arizona,Associate,Male,39,Yes,0,2020-10-10,2023-09-19,519.87,681
CUST10049,Mathew Schmidt,Arizona,Associate,Female,66,Yes,2,2021-07-25,2025-06-21,482.11,40
CUST10055,Bethany Keller,Georgia,Associate,Female,43,Yes,3,2024-06-08,2024-11-26,498.63,247
CUST10957,Stephanie Mills,Colorado,Associate,Non-Binary,73,Yes,1,2023-06-02,2024-08-08,210.2,357
CUST10833,Steven Burns,Georgia,PhD,Female,60,No,1,2023-08-24,2024-10-23,187.74,281
CUST10462,Billy Thompson,Ohio,Associate,Male,37,Yes,4,2023-12-14,2025-06-19,186.11,42
CUST10457,Debra Schroeder,Colorado,High School,Non-Binary,52,No,4,2023-09-14,2025-02-09,60.25,172
CUST10040,Natalie Gonzales DDS,California,Associate,Non-Binary,78,Yes,0,2021-09-20,2022-05-16,207.07,1172
CUST10779,Tiffany Clements,Arizona,Master,Male,71,No,1,2021-07-23,2022-12-04,106.09,970
CUST10729,James Jackson,Illinois,Bachelor,Male,75,No,0,2024-02-08,2024-03-16,130.84,502
CUST10378,Molly Campbell,California,PhD,Female,27,Yes,1,2021-08-01,2021-12-24,137.13,1315
CUST10715,Nicholas Bond,California,Associate,Male,75,Yes,2,2020-08-24,2025-03-08,423.56,145
CUST10579,Johnathan Berry,Georgia,Associate,Female,78,Yes,1,2022-05-07,2023-11-13,244.23,626
CUST10197,Nicole Alvarez,Washington,Master,Male,46,Yes,1,2021-08-26,2022-01-15,159.24,1293
CUST10882,Amber Watson,Arizona,High School,Non-Binary,61,No,3,2021-04-01,2021-10-17,227.75,1383
CUST10824,Megan Perry,Illinois,High School,Non-Binary,74,Yes,2,2020-09-11,2021-02-28,293.55,1614
CUST10101,Melissa Flores,Georgia,Master,Non-Binary,78,No,2,2023-01-06,2024-02-28,181.37,519
CUST10775,Luis Huffman,Ohio,Master,Non-Binary,39,No,4,2023-09-03,2025-02-09,260.54,172
CUST10032,Stephanie Morales,California,Bachelor,Non-Binary,63,Yes,4,2020-10-22,2025-04-06,240.49,116
CUST10031,Albert Anderson,New York,High School,Non-Binary,39,No,1,2022-01-17,2024-07-12,13.02,384
CUST10069,Patricia Santana,California,PhD,Male,70,No,0,2022-07-11,2024-03-12,482.43,506
CUST10650,Phillip Taylor,Ohio,PhD,Non-Binary,70,Yes,1,2023-12-13,2025-04-21,355.29,101
CUST10255,Paul Smith,Florida,Master,Non-Binary,38,No,0,2022-03-20,2024-09-20,73.02,314
CUST10663,Jacob Morrison,California,PhD,Male,19,Yes,1,2020-12-12,2024-10-05,439.57,299
CUST10315,Patty Wood,Colorado,Associate,Male,34,Yes,0,2023-10-21,2024-01-25,331.5,553
CUST10385,Stephen Gray,New York,Associate,Female,25,No,4,2022-04-10,2024-01-16,529.5,562
CUST10688,Christine Martinez,New York,Associate,Male,54,Yes,1,2024-02-24,2025-04-21,94.14,101
CUST10256,Ashley Nunez,California,Bachelor,Male,51,No,0,2021-07-13,2021-12-20,365.27,1319
CUST10999,Virginia Torres,Arizona,Bachelor,Male,76,Yes,2,2022-09-01,2024-01-04,244.79,574
CUST10079,Amber Moreno,Florida,Bachelor,Male,46,No,3,2023-08-11,2024-10-03,498.07,301
CUST10801,Tyler Peterson,Ohio,Bachelor,Non-Binary,53,No,3,2023-10-28,2025-01-31,85.97,181
CUST10403,Kristine Hernandez,Arizona,Bachelor,Male,65,No,3,2021-01-26,2021-09-27,132.52,1403
CUST10933,Jonathan Lewis,Texas,Associate,Male,37,Yes,3,2022-02-16,2024-07-30,280.86,366
CUST10119,Kenneth Ponce,Ohio,High School,Male,38,No,0,2020-10-28,2021-06-10,421.68,1512
CUST10118,Hannah Williams,New York,Master,Non-Binary,46,Yes,3,2020-11-19,2023-08-05,221.93,726
CUST10808,Mr. Dillon Gross,Washington,Bachelor,Female,45,No,0,2021-11-12,2025-06-24,93.46,37
CUST10923,Justin Drake,Colorado,PhD,Female,25,Yes,2,2022-12-25,2024-11-16,106.84,257
CUST10084,Michael Nelson,Florida,High School,Female,41,Yes,2,2022-01-18,2023-06-15,631.45,777
CUST10255,Paul Smith,Florida,Master,Non-Binary,38,No,0,2022-03-20,2025-07-28,556.96,3
CUST10247,Lawrence Garcia,New York,Bachelor,Male,72,No,1,2021-12-31,2025-04-20,164.05,102
CUST10161,Barbara Jones,Ohio,High School,Male,54,Yes,1,2024-04-21,2024-07-23,304.42,373
CUST10927,Paul Garcia,Texas,Bachelor,Male,54,No,3,2021-02-13,2022-08-11,379.22,1085
CUST10161,Barbara Jones,Ohio,High School,Male,54,Yes,1,2024-04-21,2024-10-27,514.62,277
CUST10785,Mr. Joshua Martinez,New York,High School,Female,19,No,0,2021-08-26,2022-03-14,297.54,1235
CUST10677,Tony Johnson,Georgia,Master,Male,26,Yes,3,2022-10-29,2024-08-19,185.7,346
CUST10956,Richard Mercado,New York,Bachelor,Non-Binary,74,No,1,2021-05-25,2024-09-30,139.59,304
CUST10341,Joseph Cox,Florida,Master,Male,35,No,3,2023-04-13,2024-03-03,90.14,515
CUST10815,Carol Peterson MD,Washington,Master,Non-Binary,46,Yes,3,2024-06-17,2025-04-03,227.36,119
CUST10864,Travis Christensen,California,Bachelor,Non-Binary,65,No,1,2024-07-26,2024-12-23,384.33,220
CUST10818,Melissa Hernandez,Ohio,High School,Female,56,No,1,2021-04-25,2022-01-01,162.2,1307
CUST10907,Matthew Graham,Ohio,PhD,Female,31,No,2,2021-02-26,2021-03-28,128.01,1586
CUST10882,Amber Watson,Arizona,High School,Non-Binary,61,No,3,2021-04-01,2022-04-04,231.77,1214
CUST10123,Lauren Wilkerson,California,Associate,Non-Binary,53,Yes,1,2021-03-10,2023-02-26,548.55,886
CUST10884,Dennis Brennan,Florida,Bachelor,Female,73,No,2,2023-05-28,2024-04-03,347.1,484
CUST10192,Jeffrey Stewart,Georgia,High School,Female,34,Yes,0,2024-04-09,2024-06-26,115.51,400
CUST10026,Joseph Mcbride,Washington,High School,Male,27,Yes,0,2021-12-07,2022-04-29,199.52,1189
CUST10032,Stephanie Morales,California,Bachelor,Non-Binary,63,Yes,4,2020-10-22,2021-10-01,112.15,1399
CUST10362,Mark Hernandez,Ohio,PhD,Female,62,No,0,2021-06-17,2022-06-02,95.19,1155
CUST10057,Shelley Austin,New York,PhD,Female,72,No,0,2020-12-18,2025-01-28,111.82,184
CUST10111,Samantha Patton,Florida,Master,Male,42,No,2,2021-04-23,2025-06-28,707.75,33
CUST10987,Victoria Wolf,Ohio,PhD,Male,22,Yes,4,2024-04-07,2025-06-03,227.68,58
CUST10452,Timothy Robertson,Ohio,High School,Non-Binary,51,Yes,0,2024-06-04,2025-04-04,140.07,118
CUST10740,Alisha Miles,Arizona,PhD,Female,63,Yes,0,2023-08-22,2024-01-26,394.14,552
CUST10358,Scott Finley,Ohio,High School,Male,21,Yes,2,2021-10-31,2022-10-21,469.38,1014
CUST10073,Anthony Smith,California,High School,Female,20,Yes,0,2021-02-09,2021-07-15,526.96,1477
CUST10461,David Cook,Georgia,PhD,Female,74,Yes,0,2021-07-27,2022-05-21,172.48,1167
CUST10406,Kimberly Huynh,California,Bachelor,Male,52,Yes,4,2021-08-24,2025-01-21,341.86,191
CUST10107,Shelley Mcdowell,Florida,High School,Male,61,No,0,2020-08-17,2023-01-08,155.57,935
CUST10735,Elizabeth Gilbert,Texas,Bachelor,Male,70,No,0,2021-12-31,2024-03-22,147.57,496
CUST10116,Ellen Alexander,Colorado,High School,Male,37,Yes,1,2020-11-14,2024-11-19,80.82,254
CUST10234,Chelsea Reynolds,Illinois,Master,Non-Binary,73,Yes,1,2023-07-02,2024-05-10,388.29,447
CUST10592,Suzanne Mclaughlin,Florida,High School,Female,57,No,0,2022-01-02,2022-09-06,590.87,1059
CUST10776,Christopher Smith,Washington,Master,Male,60,Yes,0,2024-05-03,2025-06-08,250.46,53
CUST10311,Dennis Moss,Ohio,Bachelor,Female,53,Yes,2,2023-06-15,2025-07-20,626.41,11
CUST10079,Amber Moreno,Florida,Bachelor,Male,46,No,3,2023-08-11,2025-01-30,339.85,182
CUST10931,Cathy Brown,Florida,Bachelor,Female,21,No,0,2022-01-21,2022-08-26,207.95,1070
CUST10970,Francisco Alvarez,New York,High School,Male,36,Yes,2,2021-11-01,2025-04-09,485.13,113
CUST10586,Robert Peck,California,PhD,Female,68,No,2,2021-09-03,2021-09-10,485.59,1420
CUST10273,Ashley Keller,Georgia,PhD,Non-Binary,46,No,0,2023-01-27,2025-02-12,444.48,169
CUST10947,Teresa Valdez,Washington,Master,Male,39,No,0,2022-03-29,2022-05-08,104.01,1180
CUST10245,Jennifer Luna,Georgia,Bachelor,Male,42,Yes,4,2021-07-18,2024-05-29,270.41,428
CUST10054,Taylor Cook,California,Master,Male,40,Yes,0,2024-07-15,2025-04-29,324.49,93
CUST10806,Amanda Willis,Ohio,PhD,Non-Binary,66,Yes,4,2024-02-14,2025-02-28,511.39,153
CUST10823,Courtney Meyer,Georgia,High School,Non-Binary,35,Yes,0,2021-12-21,2022-03-10,297.4,1239
CUST10402,Antonio Peters,Illinois,Associate,Non-Binary,42,No,1,2022-01-30,2022-05-28,181.4,1160
CUST10734,Christine Baker,Ohio,Associate,Female,34,Yes,3,2022-08-05,2025-03-02,135.18,151
CUST10504,Neil Wilson,Colorado,Bachelor,Female,29,Yes,2,2020-12-17,2021-01-30,281.37,1643
CUST10878,Ruth Johnson,Texas,Bachelor,Non-Binary,36,No,1,2023-03-10,2024-03-15,401.41,503
CUST10349,James Smith,Arizona,High School,Non-Binary,64,No,0,2021-11-21,2022-06-10,244.36,1147
CUST10931,Cathy Brown,Florida,Bachelor,Female,21,No,0,2022-01-21,2024-03-02,237.1,516
CUST10405,Kimberly Quinn,Arizona,Bachelor,Male,25,Yes,0,2022-04-13,2023-12-09,462.81,600
CUST10456,Ronald Myers,Arizona,Associate,Non-Binary,39,Yes,2,2021-09-29,2022-09-04,259.25,1061
CUST10598,April Edwards,Georgia,Associate,Female,35,No,1,2023-09-18,2024-01-10,314.46,568
CUST10999,Virginia Torres,Arizona,Bachelor,Male,76,Yes,2,2022-09-01,2024-11-29,204.14,244
CUST10384,Briana Drake,Texas,Master,Male,75,Yes,3,2022-06-13,2024-10-11,295.81,293
CUST10563,Jim Johnson PhD,Illinois,Associate,Male,44,No,2,2021-12-27,2022-08-09,149.95,1087
CUST10185,Randy Buchanan,Texas,Associate,Female,70,No,3,2022-09-03,2023-05-04,255.64,819
CUST10880,Aaron Weber,Georgia,Associate,Male,22,Yes,2,2022-05-08,2025-06-12,294.24,49
CUST10591,Barbara Hanson,Colorado,PhD,Non-Binary,40,Yes,1,2020-09-18,2021-03-31,974.82,1583
CUST10175,David Russell,New York,PhD,Male,29,Yes,0,2023-02-08,2024-06-08,388.02,418
CUST10699,Brandi Olson,Georgia,Master,Female,79,No,4,2020-10-02,2023-08-15,947.0,716
CUST10134,Travis Barber,Ohio,Bachelor,Male,67,Yes,0,2020-11-15,2021-06-03,133.81,1519
CUST10070,Veronica Horn,Florida,Master,Female,80,No,0,2020-10-24,2020-12-24,222.89,1680
CUST10153,Michele Brown,Ohio,PhD,Female,70,Yes,1,2024-06-22,2024-11-28,250.59,245
CUST10561,Joseph Krueger,Florida,Associate,Female,24,Yes,0,2022-06-30,2022-09-05,588.51,1060
CUST10989,David Hernandez,California,High School,Non-Binary,35,Yes,1,2023-07-23,2023-10-03,213.58,667
CUST10978,Kenneth Vang,Texas,Master,Non-Binary,75,No,0,2021-05-08,2021-06-28,550.33,1494
CUST10794,Whitney Nichols,Georgia,Bachelor,Female,43,No,1,2021-03-07,2022-03-24,468.1,1225
CUST10057,Shelley Austin,New York,PhD,Female,72,No,0,2020-12-18,2023-10-10,185.2,660
CUST10241,Logan Garcia,Georgia,High School,Non-Binary,69,Yes,1,2022-03-23,2022-09-19,252.87,1046
CUST10141,Paul Mcdaniel,Arizona,High School,Male,49,No,3,2023-03-14,2024-06-20,362.95,406
CUST10420,Melissa Church,Arizona,Master,Female,64,Yes,0,2024-02-12,2025-01-28,186.98,184
CUST10083,Marc Olson,Florida,Associate,Non-Binary,73,No,2,2022-11-17,2025-07-19,218.69,12
CUST10226,Darren Bishop,Ohio,Associate,Male,64,Yes,1,2022-01-09,2024-06-28,201.66,398
CUST10682,William Morgan,Florida,Master,Non-Binary,22,Yes,2,2020-09-18,2025-02-11,252.25,170
CUST10065,Mr. Donald Johnson,Washington,PhD,Female,65,No,2,2024-06-09,2024-07-24,48.26,372
CUST10359,Erica Cherry,Georgia,PhD,Female,53,No,0,2020-10-08,2024-07-25,383.38,371
CUST10393,Marie Wells,Georgia,Bachelor,Female,35,No,0,2021-01-27,2023-10-27,680.24,643
CUST10117,Jeffrey Miles,Arizona,High School,Male,21,Yes,2,2020-09-28,2022-07-16,402.93,1111
CUST10062,Taylor Cook,Texas,Master,Male,57,No,0,2020-09-18,2025-04-06,92.14,116
CUST10117,Jeffrey Miles,Arizona,High School,Male,21,Yes,2,2020-09-28,2021-05-16,370.35,1537
CUST10314,Yolanda Wilson,Texas,Bachelor,Male,71,Yes,1,2022-03-25,2022-04-28,546.31,1190
CUST10323,Brandon Walton,Washington,Associate,Male,54,Yes,3,2024-07-15,2025-01-09,117.33,203
CUST10640,Amanda Yoder,Colorado,Master,Female,57,No,1,2023-02-26,2024-02-10,143.91,537
CUST10703,Gregory Perry,New York,High School,Non-Binary,55,No,2,2022-01-21,2023-05-16,179.51,807
CUST10510,Timothy Mclaughlin,Illinois,Bachelor,Non-Binary,20,No,0,2020-09-08,2024-01-26,291.76,552
CUST10707,Steven Smith,Washington,Master,Non-Binary,74,No,0,2021-01-14,2024-02-05,1007.47,542
CUST10978,Kenneth Vang,Texas,Master,Non-Binary,75,No,0,2021-05-08,2022-09-22,673.21,1043
CUST10689,Jonathan Tucker,Florida,PhD,Non-Binary,53,No,0,2021-07-06,2023-05-11,242.24,812
CUST10724,Mark Anderson,Georgia,High School,Non-Binary,42,No,0,2020-09-06,2023-08-01,668.38,730
CUST10628,Joseph Mcbride,Ohio,Master,Non-Binary,66,Yes,3,2024-01-27,2024-06-04,482.57,422
CUST10759,Christine Adkins,New York,Bachelor,Non-Binary,40,No,0,2024-01-28,2024-09-28,99.22,306
CUST10708,Amber Boyer,Texas,Associate,Female,67,No,1,2021-07-09,2023-09-18,117.67,682
CUST10094,Dr. Clinton Lopez,Colorado,Bachelor,Female,54,No,2,2022-09-13,2024-02-18,337.5,529
CUST10744,Robert Kelly,Florida,Associate,Non-Binary,78,Yes,2,2023-09-24,2024-06-12,362.42,414
CUST10744,Robert Kelly,Florida,Associate,Non-Binary,78,Yes,2,2023-09-24,2025-02-28,118.01,153
CUST10897,Richard Becker,Washington,High School,Male,27,Yes,4,2022-04-22,2024-11-01,170.93,272
CUST10577,Brandon Williams,California,Associate,Non-Binary,19,Yes,3,2024-05-25,2025-04-14,408.06,108
CUST10893,Jeff Miller,California,High School,Male,26,Yes,3,2022-09-11,2024-11-01,409.54,272
CUST10684,David Roy,Illinois,High School,Male,27,No,0,2021-09-22,2022-10-13,129.0,1022
CUST10591,Barbara Hanson,Colorado,PhD,Non-Binary,40,Yes,1,2020-09-18,2023-11-10,80.78,629
CUST10922,Tammie Lopez,Washington,Associate,Male,73,No,0,2021-10-10,2021-11-24,391.5,1345
CUST10887,Jason James,Georgia,PhD,Female,66,No,0,2022-06-28,2025-01-15,108.22,197
CUST10241,Logan Garcia,Georgia,High School,Non-Binary,69,Yes,1,2022-03-23,2024-02-27,753.96,520
CUST10245,Jennifer Luna,Georgia,Bachelor,Male,42,Yes,4,2021-07-18,2025-02-06,322.98,175
CUST10021,Kimberly Hester,Ohio,Associate,Male,35,Yes,0,2021-03-03,2024-03-13,151.31,505
CUST10036,Matthew Pierce,Arizona,Bachelor,Non-Binary,64,Yes,0,2021-02-13,2022-09-13,74.04,1052
CUST10323,Brandon Walton,Washington,Associate,Male,54,Yes,3,2024-07-15,2025-05-20,141.51,72
CUST10078,Elizabeth Hall,California,Master,Male,51,No,2,2024-04-24,2024-09-04,260.78,330
CUST10029,Amanda Rogers,Washington,PhD,Female,37,No,2,2023-12-10,2025-03-10,485.28,143
CUST10893,Jeff Miller,California,High School,Male,26,Yes,3,2022-09-11,2025-04-13,127.74,109
CUST10078,Elizabeth Hall,California,Master,Male,51,No,2,2024-04-24,2024-04-30,112.59,457
CUST10459,Michael Williams,Ohio,High School,Non-Binary,43,No,2,2022-07-21,2025-01-14,356.98,198
CUST10525,Michelle Campbell,Colorado,PhD,Female,72,Yes,1,2021-10-04,2023-02-12,907.01,900
CUST10434,Megan Hughes,Ohio,PhD,Male,24,Yes,2,2023-10-05,2024-09-07,326.58,327
CUST10511,Tiffany Hayes,Colorado,Associate,Non-Binary,34,No,0,2022-04-26,2025-02-03,33.77,178
CUST10830,Kenneth Frost,New York,Master,Female,32,Yes,1,2024-04-17,2024-08-17,242.28,348
CUST10569,Brandon Castro,Illinois,Master,Non-Binary,35,Yes,2,2022-06-29,2022-12-26,237.78,948
CUST10290,Pamela Richardson,Texas,Master,Male,68,Yes,1,2020-11-20,2024-07-12,338.69,384
CUST10883,Susan Larson,Texas,PhD,Female,58,No,0,2022-01-06,2024-12-03,262.59,240
CUST10227,William Mclean,California,PhD,Female,64,Yes,0,2023-12-20,2025-02-10,598.69,171
CUST10690,Leah Moore,Arizona,Bachelor,Non-Binary,24,Yes,1,2021-07-24,2023-05-11,184.03,812
CUST10358,Scott Finley,Ohio,High School,Male,21,Yes,2,2021-10-31,2022-06-12,147.07,1145
CUST10896,Charles Love,Illinois,High School,Non-Binary,38,No,2,2022-10-17,2024-03-31,425.69,487
CUST10012,Andrew White,Colorado,Master,Male,49,No,3,2020-11-09,2024-12-11,169.5,232
CUST10777,Andrew Walker,Georgia,Master,Female,46,Yes,1,2022-10-28,2024-10-16,151.12,288
CUST10605,Cynthia Schroeder,Ohio,PhD,Non-Binary,33,No,4,2021-11-28,2023-09-10,644.11,690
CUST10721,Mark Watkins,Arizona,High School,Non-Binary,54,Yes,1,2023-02-26,2025-05-09,542.77,83
CUST10189,Madison Watts,California,PhD,Non-Binary,19,Yes,2,2021-04-29,2024-06-16,351.14,410
CUST10056,Brian Williams,Florida,Master,Non-Binary,60,No,0,2023-03-06,2025-04-12,90.83,110
CUST10600,Mark Thompson,Ohio,Associate,Female,49,Yes,0,2020-10-21,2024-03-29,474.97,489
CUST10621,Michelle Munoz,Georgia,Bachelor,Female,25,No,2,2024-04-11,2024-06-14,225.39,412
CUST10295,Lisa Ball,Arizona,Master,Male,26,No,3,2024-02-05,2024-06-08,517.21,418
CUST10593,Phillip Padilla,Arizona,High School,Female,55,No,0,2020-12-08,2024-03-29,693.96,489
CUST10068,Mary Schneider,Colorado,Associate,Non-Binary,54,Yes,0,2023-06-24,2023-06-30,445.75,762
CUST10470,Jill Stone,Georgia,Master,Non-Binary,42,Yes,2,2023-01-06,2025-07-11,410.95,20
CUST10680,Samantha Johnson,Texas,PhD,Male,80,Yes,0,2022-10-05,2023-10-14,526.36,656
CUST10804,Thomas Graham,Texas,Bachelor,Female,34,Yes,2,2022-03-20,2024-07-03,347.39,393
CUST10294,Connor Young,New York,High School,Male,66,Yes,1,2021-06-01,2023-07-03,242.56,759
CUST10556,Ashley Roberts,California,Associate,Non-Binary,50,No,4,2023-01-22,2023-04-24,150.72,829
CUST10274,Tracy Tate,Illinois,Master,Female,51,Yes,0,2023-07-05,2024-12-18,113.7,225
CUST10575,Beth Jensen,Colorado,Bachelor,Non-Binary,59,Yes,2,2024-07-27,2024-11-23,678.52,250
CUST10717,Ashley Lee,New York,Master,Female,76,Yes,0,2024-06-25,2025-04-09,459.43,113
CUST10682,William Morgan,Florida,Master,Non-Binary,22,Yes,2,2020-09-18,2023-05-22,296.92,801
CUST10281,Kayla Estes,Washington,Master,Non-Binary,76,Yes,2,2024-07-10,2025-02-02,121.78,179
CUST10466,James Pope,New York,Master,Female,50,No,1,2021-07-28,2021-08-15,524.5,1446
CUST10024,Corey Shelton,Washington,Bachelor,Female,19,Yes,0,2021-12-20,2022-11-27,611.43,977
CUST10868,Michael Crawford,Illinois,Associate,Male,48,Yes,1,2021-08-20,2024-01-17,404.13,561
CUST10325,Valerie Shelton,New York,Associate,Male,21,No,0,2022-03-17,2023-07-16,324.0,746
CUST10650,Phillip Taylor,Ohio,PhD,Non-Binary,70,Yes,1,2023-12-13,2024-03-09,348.19,509
CUST10808,Mr. Dillon Gross,Washington,Bachelor,Female,45,No,0,2021-11-12,2023-08-07,897.44,724
CUST10630,Ronald Stevens,Colorado,High School,Female,47,No,3,2021-12-16,2024-10-30,253.64,274
CUST10092,Melissa Lee,Illinois,Bachelor,Non-Binary,24,Yes,1,2020-10-17,2022-11-18,84.6,986
CUST10936,Shannon Guzman,New York,Bachelor,Male,43,Yes,3,2020-12-05,2021-11-08,369.86,1361
CUST10773,Leslie Park PhD,Colorado,PhD,Female,41,No,2,2023-09-26,2024-11-07,65.91,266
CUST10901,Matthew Miller,Ohio,High School,Male,23,No,2,2022-02-09,2024-07-09,186.84,387
CUST10002,Dylan Schwartz,New York,Bachelor,Female,22,No,0,2021-06-24,2024-06-26,267.55,400
CUST10587,John Clark,New York,Master,Female,53,Yes,3,2022-04-05,2024-06-28,375.28,398
CUST10052,William Kemp,Arizona,PhD,Female,72,Yes,1,2023-08-15,2025-01-18,834.49,194
CUST10191,Dr. Katie Lamb,Ohio,High School,Non-Binary,32,Yes,2,2020-12-22,2024-10-01,631.21,303
CUST10842,Jordan Wilson,New York,Bachelor,Male,77,No,1,2024-06-05,2024-06-25,368.82,401
CUST10236,Tonya Brady,Texas,High School,Female,77,Yes,1,2023-12-24,2024-03-04,262.83,514
CUST10881,Charles Roach,Illinois,Master,Non-Binary,63,Yes,2,2024-01-24,2024-02-24,156.83,523
CUST10807,Matthew Hopkins,Illinois,Bachelor,Male,43,No,0,2021-06-19,2025-07-13,238.84,18
CUST10418,Lee Young,Ohio,Bachelor,Male,44,Yes,4,2023-12-30,2024-12-28,488.59,215
CUST10512,Sean Butler,Illinois,Bachelor,Male,73,Yes,3,2022-02-10,2022-08-08,242.94,1088
CUST10798,Sharon Schneider,Washington,High School,Non-Binary,45,No,2,2021-04-30,2022-01-10,107.3,1298
CUST10533,Sara Mccullough,Washington,Master,Male,28,Yes,3,2020-08-27,2022-03-14,359.66,1235
CUST10189,Madison Watts,California,PhD,Non-Binary,19,Yes,2,2021-04-29,2022-11-29,285.5,975
CUST10824,Megan Perry,Illinois,High School,Non-Binary,74,Yes,2,2020-09-11,2023-08-04,119.0,727
CUST10789,Chelsea Jenkins,Florida,PhD,Female,30,No,1,2022-12-11,2025-03-26,487.57,127
CUST10233,Mark Macdonald,Texas,Bachelor,Male,45,No,0,2021-07-06,2024-05-04,141.79,453
CUST10873,Heather Strong,Arizona,High School,Male,19,Yes,3,2022-12-14,2025-01-19,136.98,193
CUST10737,Gary Ellis,Texas,Bachelor,Male,33,No,0,2020-11-20,2023-04-14,370.72,839
CUST10614,Cynthia Campbell,California,Associate,Male,27,No,1,2021-06-01,2024-05-21,196.21,436
CUST10744,Robert Kelly,Florida,Associate,Non-Binary,78,Yes,2,2023-09-24,2025-02-23,561.27,158
CUST10943,Olivia Morgan,Colorado,Master,Non-Binary,18,Yes,0,2024-07-02,2025-06-26,327.62,35
CUST10149,Kayla Ortiz,Washington,PhD,Non-Binary,73,No,2,2022-11-09,2024-09-18,188.02,316
CUST10635,Sherry Stanley,Washington,Associate,Female,39,No,1,2023-12-28,2025-05-12,208.01,80
CUST10439,Mrs. Traci Hernandez,Georgia,Master,Male,77,Yes,2,2023-10-17,2024-11-24,287.92,249
CUST10110,Christopher Mccormick,New York,Associate,Male,48,Yes,2,2022-12-10,2024-06-18,274.87,408
CUST10924,Christopher Craig,Florida,PhD,Female,23,No,1,2024-02-23,2025-07-10,669.26,21
CUST10159,Anthony Floyd,New York,High School,Male,58,No,4,2024-03-26,2025-02-19,136.86,162
CUST10590,Nicholas Gilmore,Ohio,Master,Non-Binary,37,No,0,2021-09-24,2022-09-13,411.59,1052
CUST10937,Raven Perry,Ohio,Associate,Male,71,No,2,2022-07-06,2024-01-05,46.31,573
CUST10603,Joseph Lee MD,California,Associate,Non-Binary,65,No,0,2021-04-07,2023-01-12,332.29,931
CUST10554,Danielle Davis,Georgia,Bachelor,Non-Binary,41,Yes,3,2022-04-15,2023-12-23,265.37,586
CUST10025,Timothy Wright,Ohio,Master,Female,58,Yes,2,2021-06-12,2021-10-29,651.25,1371
CUST10724,Mark Anderson,Georgia,High School,Non-Binary,42,No,0,2020-09-06,2022-03-30,385.32,1219
CUST10731,Daniel Salas,Florida,High School,Male,54,Yes,1,2020-12-05,2021-03-17,160.65,1597
CUST10264,Gabriel Garrison,Colorado,PhD,Non-Binary,45,Yes,1,2020-08-08,2022-08-14,284.33,1082
CUST10288,David Strickland,Georgia,Master,Male,27,No,0,2022-08-13,2023-09-16,179.86,684
CUST10009,Patrick Barnes,California,Bachelor,Non-Binary,41,Yes,0,2024-04-14,2024-09-24,15.57,310
CUST10856,Julie Henry,Georgia,High School,Female,25,No,2,2023-12-03,2024-09-07,630.18,327
CUST10567,Kelsey Hughes,Colorado,Master,Male,65,Yes,0,2021-10-31,2023-03-15,46.73,869
CUST10067,Peter Brooks,Illinois,Associate,Non-Binary,26,No,1,2021-08-29,2022-02-17,327.48,1260
CUST10189,Madison Watts,California,PhD,Non-Binary,19,Yes,2,2021-04-29,2024-02-23,110.83,524
CUST10279,Anthony Mcdonald,Georgia,Bachelor,Male,42,No,0,2021-04-07,2025-07-09,216.05,22
CUST10782,Keith Alvarez,Illinois,Associate,Non-Binary,51,No,0,2022-07-27,2025-05-21,528.09,71
CUST10206,Michelle Schmidt,Ohio,Associate,Female,67,Yes,0,2020-11-29,2022-09-04,162.82,1061
CUST10921,Rhonda Sanchez,California,Associate,Female,44,Yes,0,2023-01-14,2023-11-18,535.57,621
CUST10670,Logan Cohen,Illinois,Bachelor,Non-Binary,75,No,1,2024-03-10,2024-06-10,240.85,416
CUST10944,Elizabeth Burton,Georgia,Bachelor,Male,65,No,0,2022-01-21,2025-06-02,159.84,59
CUST10792,Richard Henry,Texas,PhD,Male,54,Yes,3,2022-10-06,2024-10-07,221.14,297
CUST10156,Daniel Mullins,Arizona,PhD,Non-Binary,63,No,0,2021-08-20,2022-04-30,219.89,1188
CUST10850,Elizabeth Edwards,Colorado,Bachelor,Male,34,Yes,1,2022-01-29,2023-08-21,121.21,710
CUST10085,Carmen Jones,Washington,Master,Non-Binary,27,Yes,2,2023-11-30,2024-02-19,198.47,528
CUST10412,James Gonzalez,California,PhD,Male,33,No,0,2024-05-06,2025-06-24,309.45,37
CUST10043,Timothy Contreras,Colorado,PhD,Non-Binary,23,No,1,2023-11-08,2025-02-26,279.69,155
CUST10480,Anthony Brown,New York,High School,Female,77,Yes,1,2021-01-12,2024-03-29,183.32,489
CUST10576,Laura Miller,Texas,PhD,Female,29,No,3,2023-05-18,2025-04-20,132.28,102
CUST10398,Teresa Gardner,Illinois,High School,Male,72,Yes,3,2023-12-01,2024-09-20,197.71,314
CUST10972,Meghan Oliver,Washington,Master,Female,41,Yes,0,2022-02-24,2023-12-09,646.42,600
CUST10476,Brad Jones,Illinois,Bachelor,Male,56,No,0,2024-01-21,2025-07-19,94.88,12
CUST10220,Elizabeth Monroe,Illinois,PhD,Female,61,Yes,3,2023-04-26,2023-07-20,200.3,742
CUST10804,Thomas Graham,Texas,Bachelor,Female,34,Yes,2,2022-03-20,2022-04-16,297.1,1202
CUST10462,Billy Thompson,Ohio,Associate,Male,37,Yes,4,2023-12-14,2025-04-30,338.06,92
CUST10600,Mark Thompson,Ohio,Associate,Female,49,Yes,0,2020-10-21,2024-06-24,403.29,402
CUST10143,Catherine Church,Georgia,PhD,Non-Binary,74,No,2,2023-09-12,2024-12-21,110.46,222
CUST10590,Nicholas Gilmore,Ohio,Master,Non-Binary,37,No,0,2021-09-24,2023-05-16,54.79,807
CUST10047,Joseph Jones,New York,Bachelor,Female,75,Yes,1,2022-07-29,2023-10-01,295.2,669
CUST10994,Misty Davis,Colorado,Master,Non-Binary,36,Yes,3,2023-01-06,2025-05-07,225.21,85
CUST10831,Monica Martinez,Washington,Associate,Male,79,Yes,1,2022-06-27,2025-06-24,703.6,37
CUST10125,Erik Campbell,Arizona,PhD,Non-Binary,64,Yes,1,2022-12-31,2023-04-23,460.79,830
CUST10412,James Gonzalez,California,PhD,Male,33,No,0,2024-05-06,2025-03-16,577.21,137
CUST10075,Rebecca Acosta,Colorado,Bachelor,Female,78,No,1,2021-09-21,2022-03-27,206.5,1222
CUST10432,Tina Elliott,Washington,Master,Female,49,No,1,2024-05-19,2024-06-24,199.73,402
CUST10778,Jillian Bauer PhD,Texas,PhD,Non-Binary,57,Yes,4,2023-05-20,2025-07-26,1234.7,5
CUST10514,Kristen Eaton,New York,Associate,Male,33,Yes,1,2021-01-03,2024-08-01,172.13,364
CUST10683,Richard Erickson,California,Associate,Female,22,No,1,2022-09-26,2024-08-14,170.52,351
CUST10288,David Strickland,Georgia,Master,Male,27,No,0,2022-08-13,2023-12-20,159.81,589
CUST10117,Jeffrey Miles,Arizona,High School,Male,21,Yes,2,2020-09-28,2022-08-04,269.39,1092
CUST10110,Christopher Mccormick,New York,Associate,Male,48,Yes,2,2022-12-10,2024-03-16,131.54,502
CUST10180,Julia Dennis,Washington,PhD,Non-Binary,45,No,0,2021-03-02,2023-08-23,314.59,708
CUST10536,Stephanie Munoz,California,Bachelor,Female,59,Yes,0,2020-08-28,2022-12-26,242.84,948
CUST10873,Heather Strong,Arizona,High School,Male,19,Yes,3,2022-12-14,2025-01-19,53.92,193
CUST10426,Jessica Anderson,Washington,High School,Female,38,Yes,2,2023-05-10,2024-03-03,418.16,515
CUST10671,Michael Edwards,Illinois,Bachelor,Non-Binary,63,No,1,2022-03-30,2024-05-14,1089.58,443
CUST10958,Brandon Moore,Ohio,Associate,Female,31,No,3,2022-05-19,2025-03-02,645.75,151
CUST10359,Erica Cherry,Georgia,PhD,Female,53,No,0,2020-10-08,2025-04-20,96.86,102
CUST10075,Rebecca Acosta,Colorado,Bachelor,Female,78,No,1,2021-09-21,2024-04-01,543.27,486
CUST10423,Danielle Miller,Arizona,PhD,Female,51,No,0,2023-05-31,2023-06-07,295.37,785
CUST10264,Gabriel Garrison,Colorado,PhD,Non-Binary,45,Yes,1,2020-08-08,2020-12-12,96.55,1692
CUST10513,Jacob Hamilton,Arizona,Bachelor,Non-Binary,73,No,2,2023-04-26,2025-03-01,215.67,152
CUST10040,Natalie Gonzales DDS,California,Associate,Non-Binary,78,Yes,0,2021-09-20,2021-11-10,150.98,1359
CUST10129,Christopher Mccann,Washington,Bachelor,Male,69,No,4,2024-04-20,2024-07-27,527.64,369
CUST10428,Tonya White,Colorado,High School,Male,41,No,2,2024-03-14,2024-04-03,387.93,484
CUST10333,Wendy Ponce,Ohio,Master,Male,60,Yes,4,2024-05-12,2025-07-30,347.43,1
CUST10847,Rebecca Mitchell,Illinois,Bachelor,Non-Binary,42,Yes,2,2022-10-22,2023-11-05,238.49,634
CUST10045,Amanda Berg,Illinois,Bachelor,Male,28,No,2,2023-02-23,2024-01-14,331.88,564
CUST10837,Michael Navarro,California,Bachelor,Female,70,Yes,3,2022-06-04,2024-05-22,495.05,435
CUST10492,Frank Wyatt,New York,PhD,Non-Binary,55,No,3,2022-11-21,2023-07-12,578.94,750
CUST10736,Stephanie Miller,Washington,Master,Non-Binary,50,No,2,2023-07-26,2023-08-28,377.04,703
CUST10503,Laurie Hall,Illinois,High School,Female,27,No,0,2021-08-05,2023-03-27,618.98,857
CUST10621,Michelle Munoz,Georgia,Bachelor,Female,25,No,2,2024-04-11,2025-03-27,508.04,126
CUST10658,Matthew Flowers,Illinois,Bachelor,Male,60,No,0,2022-09-19,2023-09-04,436.07,696
CUST10670,Logan Cohen,Illinois,Bachelor,Non-Binary,75,No,1,2024-03-10,2025-07-28,74.3,3
CUST10447,Emily Conner,Florida,High School,Male,76,No,2,2022-06-14,2024-02-06,571.74,541
CUST10417,Mason Tate,Florida,High School,Non-Binary,55,Yes,3,2023-11-24,2024-06-16,345.46,410
CUST10134,Travis Barber,Ohio,Bachelor,Male,67,Yes,0,2020-11-15,2022-11-21,691.76,983
CUST10761,Richard Thomas,Georgia,Bachelor,Female,58,No,1,2023-01-01,2024-09-05,818.22,329
CUST10476,Brad Jones,Illinois,Bachelor,Male,56,No,0,2024-01-21,2024-08-08,171.59,357
CUST10709,Jason Haynes,California,Bachelor,Female,36,No,1,2023-10-03,2025-04-30,77.67,92
CUST10218,Jason Austin,Ohio,PhD,Female,67,Yes,1,2023-03-02,2023-12-20,446.48,589
CUST10551,Jennifer King,California,Bachelor,Non-Binary,63,No,3,2022-12-28,2025-04-27,678.31,95
CUST10799,Dwayne Harper,Arizona,PhD,Female,19,Yes,2,2022-06-02,2024-07-02,364.92,394
CUST10818,Melissa Hernandez,Ohio,High School,Female,56,No,1,2021-04-25,2023-10-22,324.41,648
CUST10490,Nathan Johnson,Arizona,High School,Male,27,No,2,2021-11-27,2022-11-05,61.95,999
CUST10614,Cynthia Campbell,California,Associate,Male,27,No,1,2021-06-01,2022-07-19,216.7,1108
CUST10047,Joseph Jones,New York,Bachelor,Female,75,Yes,1,2022-07-29,2025-04-10,449.29,112
CUST10936,Shannon Guzman,New York,Bachelor,Male,43,Yes,3,2020-12-05,2023-04-17,107.21,836
CUST10770,Bryan Chavez,New York,High School,Non-Binary,64,No,1,2024-02-08,2025-06-27,97.38,34
CUST10169,Jessica Figueroa,Washington,PhD,Male,78,No,0,2023-05-24,2024-06-01,643.04,425
CUST10454,Kimberly Flores,Florida,PhD,Male,46,Yes,0,2023-11-02,2024-09-10,20.29,324
CUST10657,David Woods,Georgia,Associate,Non-Binary,76,No,0,2023-08-27,2024-01-30,187.51,548
CUST10872,Paige Rubio,Georgia,Associate,Male,51,No,0,2023-10-19,2024-04-12,233.57,475
CUST10647,Jennifer Acevedo,New York,Bachelor,Female,19,Yes,2,2021-03-18,2021-08-01,221.26,1460
CUST10822,Laura Roy,Georgia,High School,Male,23,No,2,2024-06-16,2025-04-11,190.74,111
CUST10042,William Weeks,Arizona,Associate,Male,25,Yes,1,2020-10-28,2024-01-24,603.07,554
CUST10396,Jessica Wang,Florida,PhD,Male,29,No,2,2021-03-29,2023-11-08,199.86,631
CUST10127,Courtney Cuevas,Illinois,High School,Non-Binary,58,Yes,0,2020-09-04,2022-08-23,183.16,1073
CUST10217,Sara Patton MD,Georgia,Master,Male,49,Yes,3,2021-07-28,2025-04-01,230.6,121
CUST10929,John Brown,Arizona,PhD,Non-Binary,31,Yes,0,2023-08-06,2024-12-31,284.26,212
CUST10054,Taylor Cook,California,Master,Male,40,Yes,0,2024-07-15,2025-03-29,440.1,124
CUST10785,Mr. Joshua Martinez,New York,High School,Female,19,No,0,2021-08-26,2024-01-14,253.87,564
CUST10637,Emily Schneider,Florida,Associate,Non-Binary,68,No,1,2022-03-01,2024-02-14,80.69,533
CUST10047,Joseph Jones,New York,Bachelor,Female,75,Yes,1,2022-07-29,2022-12-04,990.78,970
CUST10756,Melissa Roberts,Illinois,PhD,Male,24,No,2,2024-03-30,2025-06-24,172.38,37
CUST10151,Dawn Elliott,Arizona,High School,Male,41,No,2,2022-07-07,2024-12-08,428.46,235
CUST10574,David Jensen,New York,Bachelor,Non-Binary,51,No,4,2021-05-11,2024-10-16,528.22,288
CUST10491,David Vazquez,Florida,Associate,Non-Binary,30,No,1,2024-06-11,2025-03-20,196.94,133
CUST10858,Lisa Wong,Arizona,Master,Female,75,Yes,2,2021-02-19,2021-10-05,984.26,1395
CUST10741,Dr. Erica Perez,California,Master,Male,73,No,0,2022-03-19,2025-06-11,256.87,50
CUST10242,Kyle Klein,Ohio,Associate,Female,24,Yes,3,2023-02-07,2023-04-04,372.69,849
CUST10655,Tammy Stevens,Illinois,PhD,Female,80,No,0,2022-03-10,2022-09-24,366.44,1041
CUST10819,Philip Wilcox,Florida,Master,Male,39,Yes,2,2023-10-17,2024-12-16,548.84,227
CUST10860,Evelyn Li,Colorado,Master,Non-Binary,45,Yes,2,2022-07-18,2024-01-19,326.54,559
CUST10027,Douglas Rowland,Texas,Bachelor,Male,46,Yes,2,2021-04-29,2023-11-28,181.27,611
CUST10860,Evelyn Li,Colorado,Master,Non-Binary,45,Yes,2,2022-07-18,2023-07-07,69.36,755
CUST10363,David Lopez,Georgia,High School,Female,75,No,3,2024-05-10,2024-08-20,303.38,345
CUST10370,Brandi Black,California,High School,Female,42,Yes,1,2023-05-31,2025-05-23,902.56,69
CUST10542,Catherine Haynes,Texas,PhD,Female,18,No,0,2023-10-17,2024-08-23,165.29,342
CUST10498,Derek Greene,Colorado,Associate,Non-Binary,52,No,1,2024-07-26,2025-01-25,304.48,187
CUST10584,Jennifer Bryan,Ohio,PhD,Male,62,No,1,2021-11-06,2024-10-16,200.74,288
CUST10809,Pamela Carey,Colorado,PhD,Female,46,No,0,2023-03-22,2024-03-12,476.71,506
CUST10451,Dominique Hughes,New York,High School,Female,26,No,2,2024-03-27,2025-07-16,737.43,15
CUST10186,John Marshall,Texas,Associate,Male,80,Yes,1,2023-04-01,2024-11-15,61.74,258
CUST10988,Veronica Jones,Colorado,Associate,Male,49,Yes,1,2022-03-29,2022-05-13,21.01,1175
CUST10374,Jennifer Jones,Arizona,Master,Non-Binary,40,No,2,2021-07-22,2024-06-08,519.59,418
CUST10414,Kenneth Davis,Arizona,High School,Male,27,No,0,2022-01-19,2025-01-02,443.43,210
CUST10822,Laura Roy,Georgia,High School,Male,23,No,2,2024-06-16,2025-02-10,122.92,171
CUST10261,Richard Thomas,Texas,Master,Male,45,Yes,0,2021-08-06,2024-10-25,310.9,279
CUST10037,Justin Evans,Georgia,High School,Female,18,Yes,1,2021-11-09,2023-02-11,709.53,901
CUST10799,Dwayne Harper,Arizona,PhD,Female,19,Yes,2,2022-06-02,2025-07-16,413.29,15
CUST10697,John Butler,Ohio,High School,Non-Binary,25,Yes,3,2022-12-25,2023-11-28,414.17,611
CUST10583,Sergio Taylor,New York,Master,Non-Binary,32,No,1,2020-10-01,2023-05-22,318.67,801
CUST10402,Antonio Peters,Illinois,Associate,Non-Binary,42,No,1,2022-01-30,2023-10-14,517.75,656
CUST10235,Ashley Olson,Arizona,Master,Non-Binary,48,Yes,3,2020-08-25,2023-12-21,734.24,588
CUST10511,Tiffany Hayes,Colorado,Associate,Non-Binary,34,No,0,2022-04-26,2023-07-24,323.79,738
CUST10845,Jennifer Khan,Washington,PhD,Female,78,Yes,1,2023-10-27,2024-01-17,164.07,561
CUST10311,Dennis Moss,Ohio,Bachelor,Female,53,Yes,2,2023-06-15,2025-06-01,1344.63,60
CUST10758,Nicolas Cruz,Illinois,Master,Male,66,No,1,2022-02-25,2024-04-07,422.49,480
CUST10721,Mark Watkins,Arizona,High School,Non-Binary,54,Yes,1,2023-02-26,2023-11-22,168.29,617
CUST10605,Cynthia Schroeder,Ohio,PhD,Non-Binary,33,No,4,2021-11-28,2025-07-26,606.52,5
CUST10850,Elizabeth Edwards,Colorado,Bachelor,Male,34,Yes,1,2022-01-29,2023-11-06,616.83,633
CUST10998,Nicole Cunningham,Ohio,Bachelor,Non-Binary,37,Yes,1,2020-09-23,2021-06-15,459.28,1507
CUST10371,Deborah Gibson,Washington,PhD,Female,35,No,2,2023-09-24,2024-05-13,264.19,444
CUST10917,Beth Henry,Illinois,Bachelor,Female,51,No,1,2024-01-02,2024-12-05,811.07,238
CUST10750,Cheryl Morgan,Texas,Associate,Female,20,Yes,1,2023-11-30,2025-03-30,583.77,123
CUST10830,Kenneth Frost,New York,Master,Female,32,Yes,1,2024-04-17,2024-04-25,283.57,462
CUST10772,Dorothy Fox,California,High School,Non-Binary,50,Yes,0,2022-01-28,2024-07-01,156.55,395
CUST10275,Gavin Martinez,Colorado,Associate,Non-Binary,22,Yes,2,2021-08-04,2023-07-29,357.72,733
CUST10824,Megan Perry,Illinois,High School,Non-Binary,74,Yes,2,2020-09-11,2024-06-01,302.43,425
CUST10398,Teresa Gardner,Illinois,High School,Male,72,Yes,3,2023-12-01,2024-04-29,327.18,458
CUST10873,Heather Strong,Arizona,High School,Male,19,Yes,3,2022-12-14,2025-06-18,292.72,43
CUST10958,Brandon Moore,Ohio,Associate,Female,31,No,3,2022-05-19,2023-07-25,353.21,737
CUST10527,Jessica Green,California,Associate,Male,64,No,1,2021-09-29,2022-03-02,496.98,1247
CUST10783,Patrick Douglas,Colorado,Master,Male,76,No,1,2022-01-04,2025-03-24,234.28,129
CUST10213,Vicki Massey,Arizona,PhD,Non-Binary,25,No,0,2022-08-12,2024-01-03,432.88,575
CUST10747,Sean Gonzalez,Ohio,Associate,Male,27,No,3,2022-10-08,2024-11-02,178.97,271
CUST10332,Susan Garner,New York,Associate,Female,30,No,0,2023-11-14,2024-01-27,111.1,551
CUST10209,Richard Brown,New York,High School,Male,71,Yes,2,2023-04-06,2025-06-10,186.32,51
CUST10378,Molly Campbell,California,PhD,Female,27,Yes,1,2021-08-01,2022-03-18,283.74,1231
CUST10313,Jamie Harrison,Georgia,PhD,Female,33,Yes,1,2021-04-12,2025-06-01,182.3,60
CUST10241,Logan Garcia,Georgia,High School,Non-Binary,69,Yes,1,2022-03-23,2023-05-31,341.86,792
CUST10545,Alexander Ramirez,Illinois,Master,Female,67,No,0,2022-11-11,2024-10-15,190.95,289
CUST10106,Kenneth Martinez Jr.,Arizona,High School,Male,73,No,1,2024-05-29,2025-04-22,1304.09,100
CUST10353,Michelle Goodwin,Ohio,PhD,Male,76,No,3,2022-06-03,2024-09-06,309.99,328
CUST10417,Mason Tate,Florida,High School,Non-Binary,55,Yes,3,2023-11-24,2024-06-08,366.18,418
CUST10525,Michelle Campbell,Colorado,PhD,Female,72,Yes,1,2021-10-04,2022-08-04,423.87,1092
CUST10602,William Reed,Florida,High School,Female,69,No,0,2021-05-06,2022-03-05,215.39,1244
CUST10064,Chris Martin,Georgia,Associate,Male,53,Yes,3,2022-06-12,2024-11-16,74.76,257
CUST10305,Heather Russell,Washington,Master,Female,21,Yes,2,2021-12-11,2025-07-19,285.09,12
CUST10672,Stephen Wright,Florida,Associate,Non-Binary,75,Yes,0,2021-05-24,2024-12-15,92.71,228
CUST10244,Patricia Garrison,Florida,High School,Female,57,No,2,2024-01-25,2025-03-19,271.15,134
CUST10737,Gary Ellis,Texas,Bachelor,Male,33,No,0,2020-11-20,2024-11-28,122.03,245
CUST10383,Willie Green,Colorado,PhD,Non-Binary,74,Yes,1,2022-01-22,2023-12-20,649.75,589
CUST10305,Heather Russell,Washington,Master,Female,21,Yes,2,2021-12-11,2024-05-03,96.36,454
CUST10137,Brian Meyer Jr.,Washington,Master,Non-Binary,61,No,3,2022-10-24,2025-01-02,380.35,210
CUST10113,Sean Mathews,Arizona,Associate,Non-Binary,65,No,1,2023-07-17,2023-08-30,149.72,701
CUST10388,Ronald Ramirez,Illinois,High School,Male,50,No,2,2022-05-24,2023-03-29,283.22,855
CUST10030,Matthew Tran,New York,Master,Male,47,No,2,2022-11-08,2023-10-11,89.29,659
CUST10290,Pamela Richardson,Texas,Master,Male,68,Yes,1,2020-11-20,2024-12-28,612.49,215
CUST10685,Shelley Thomas,Arizona,PhD,Female,58,No,2,2024-04-22,2025-01-31,65.52,181
CUST10424,John Anderson,Washington,Associate,Non-Binary,18,No,0,2024-04-24,2024-07-02,123.1,394
CUST10020,Christopher Sparks,Florida,Bachelor,Female,31,No,0,2023-09-19,2025-04-22,157.75,100
CUST10392,Philip Moore,Illinois,Bachelor,Male,37,No,0,2021-01-13,2021-05-30,111.61,1523
CUST10136,Jennifer Moore,Florida,Master,Male,64,No,0,2021-07-15,2023-11-04,132.51,635
CUST10817,Veronica Davidson,Ohio,PhD,Male,74,Yes,2,2022-12-15,2025-06-26,167.85,35
CUST10786,Michael Webster,California,Bachelor,Male,40,No,1,2023-09-03,2023-10-11,183.88,659
CUST10778,Jillian Bauer PhD,Texas,PhD,Non-Binary,57,Yes,4,2023-05-20,2023-12-30,786.16,579
CUST10917,Beth Henry,Illinois,Bachelor,Female,51,No,1,2024-01-02,2024-03-15,991.61,503
CUST10427,Jesse Robinson,Washington,Master,Male,75,No,0,2022-02-14,2023-07-15,214.44,747
CUST10136,Jennifer Moore,Florida,Master,Male,64,No,0,2021-07-15,2025-02-05,419.91,176
CUST10681,Linda Wilson,New York,High School,Non-Binary,80,Yes,2,2022-05-05,2025-02-19,144.45,162
CUST10343,Laura Atkins,Arizona,Bachelor,Non-Binary,52,Yes,1,2023-05-26,2023-06-04,372.89,788
CUST10302,John Rush,California,Master,Non-Binary,49,No,4,2024-06-23,2024-08-14,264.67,351
CUST10555,Andrew Watson,California,PhD,Female,64,No,0,2022-09-10,2024-11-19,163.59,254
CUST10439,Mrs. Traci Hernandez,Georgia,Master,Male,77,Yes,2,2023-10-17,2024-01-09,324.93,569
CUST10197,Nicole Alvarez,Washington,Master,Male,46,Yes,1,2021-08-26,2021-12-16,117.27,1323
CUST10225,James Walker,Georgia,PhD,Male,49,No,2,2021-10-08,2023-08-08,942.61,723
CUST10231,Carrie Williams,Ohio,PhD,Male,28,No,1,2020-10-08,2025-04-05,273.0,117
CUST10937,Raven Perry,Ohio,Associate,Male,71,No,2,2022-07-06,2022-12-13,170.97,961
CUST10719,Christopher Williams,Ohio,High School,Female,49,Yes,2,2023-09-14,2024-01-10,17.98,568
CUST10623,Dennis Howell,Georgia,PhD,Male,77,No,2,2024-01-06,2025-05-21,461.43,71
CUST10901,Matthew Miller,Ohio,High School,Male,23,No,2,2022-02-09,2022-05-06,266.3,1182
CUST10598,April Edwards,Georgia,Associate,Female,35,No,1,2023-09-18,2024-01-09,161.92,569
CUST10890,Lucas Smith,Colorado,High School,Female,26,No,1,2022-06-07,2025-01-10,111.38,202
CUST10952,Courtney Jimenez,California,Associate,Non-Binary,76,No,4,2024-05-30,2024-09-07,422.06,327
CUST10038,Cynthia Graham,Washington,High School,Male,64,Yes,2,2022-07-06,2023-05-09,392.61,814
CUST10454,Kimberly Flores,Florida,PhD,Male,46,Yes,0,2023-11-02,2024-12-24,106.52,219
CUST10172,Donna Cain,California,Bachelor,Male,19,No,0,2021-10-08,2022-07-02,63.39,1125
CUST10296,Felicia Ward,New York,High School,Male,71,Yes,4,2022-09-20,2024-08-31,378.07,334
CUST10351,Terri Newman,Georgia,Master,Non-Binary,51,No,1,2020-10-11,2023-02-24,214.81,888
CUST10280,Gina May,Florida,Master,Female,36,Yes,0,2024-07-23,2025-06-04,491.23,57
CUST10559,Lauren White,Florida,Associate,Male,68,Yes,2,2020-09-11,2020-11-10,214.78,1724
CUST10863,Sara Tanner,Texas,Bachelor,Female,64,Yes,2,2024-03-08,2024-08-29,373.38,336
CUST10223,Mr. Jason Jones,Washington,High School,Female,20,No,1,2020-12-03,2025-05-26,364.63,66
CUST10702,Nathan Brown,Ohio,Master,Non-Binary,18,Yes,1,2024-01-21,2025-06-20,200.54,41
CUST10575,Beth Jensen,Colorado,Bachelor,Non-Binary,59,Yes,2,2024-07-27,2024-10-17,202.61,287
CUST10860,Evelyn Li,Colorado,Master,Non-Binary,45,Yes,2,2022-07-18,2024-11-12,125.86,261
CUST10063,James Allen,Washington,High School,Non-Binary,47,No,2,2021-08-11,2022-11-15,98.67,989
CUST10868,Michael Crawford,Illinois,Associate,Male,48,Yes,1,2021-08-20,2024-09-14,191.45,320
CUST10745,Robert Mosley,Washington,PhD,Female,20,No,1,2020-08-09,2025-06-04,384.96,57
CUST10916,Morgan Smith,Texas,Associate,Non-Binary,74,No,3,2021-03-06,2021-08-29,153.01,1432
CUST10096,Laura White,California,High School,Female,41,Yes,0,2020-08-06,2024-04-02,228.01,485
CUST10276,Sandra Torres,Texas,High School,Non-Binary,59,No,1,2023-08-15,2024-05-17,180.02,440
CUST10850,Elizabeth Edwards,Colorado,Bachelor,Male,34,Yes,1,2022-01-29,2022-11-29,138.19,975
CUST10291,Jeffrey Johnson,Arizona,Bachelor,Male,45,Yes,1,2024-03-28,2024-11-03,284.06,270
CUST10170,Mark Perez,California,Master,Non-Binary,22,No,0,2023-12-26,2024-01-06,800.49,572
CUST10720,Mrs. Raven Fisher,Florida,High School,Non-Binary,72,No,1,2021-04-06,2023-08-16,396.92,715
CUST10109,Thomas Gilbert,Florida,Master,Non-Binary,51,Yes,3,2023-03-12,2023-12-03,165.92,606
CUST10420,Melissa Church,Arizona,Master,Female,64,Yes,0,2024-02-12,2025-03-07,62.79,146
CUST10436,Sean Santos,Georgia,Bachelor,Non-Binary,68,Yes,2,2021-12-19,2025-01-04,365.34,208
CUST10362,Mark Hernandez,Ohio,PhD,Female,62,No,0,2021-06-17,2025-05-14,172.45,78
CUST10869,Olivia Ramirez,New York,Bachelor,Male,61,No,1,2020-09-02,2021-12-19,641.97,1320
CUST10945,Stephanie Ramos,Ohio,Associate,Male,62,No,0,2021-10-22,2023-11-21,260.75,618
CUST10102,Tyler Black,Texas,PhD,Male,34,No,1,2022-05-16,2023-07-22,280.28,740
CUST10196,Kristin Pearson,Colorado,Master,Non-Binary,64,No,1,2022-11-30,2025-05-12,119.45,80
CUST10789,Chelsea Jenkins,Florida,PhD,Female,30,No,1,2022-12-11,2023-04-10,152.8,843
CUST10910,Justin Scott,Washington,Bachelor,Male,23,Yes,1,2023-07-04,2025-03-22,241.81,131
CUST10236,Tonya Brady,Texas,High School,Female,77,Yes,1,2023-12-24,2024-12-03,239.51,240
CUST10437,Katherine Rose,California,Bachelor,Non-Binary,69,No,3,2022-09-04,2023-06-21,233.22,771
CUST10992,Sheila Gonzales,Arizona,Associate,Female,48,Yes,1,2022-07-07,2023-09-07,225.66,693
CUST10809,Pamela Carey,Colorado,PhD,Female,46,No,0,2023-03-22,2023-06-05,109.37,787
CUST10927,Paul Garcia,Texas,Bachelor,Male,54,No,3,2021-02-13,2021-07-31,424.7,1461
CUST10155,Gavin Olson,Ohio,Associate,Non-Binary,50,No,1,2021-02-05,2024-12-09,614.94,234
CUST10795,Jamie Gardner,Washington,Associate,Female,47,No,1,2020-11-12,2024-09-01,336.13,333
CUST10816,Victoria Smith,Colorado,Bachelor,Non-Binary,38,No,2,2023-12-26,2024-01-25,716.86,553
CUST10486,James Wells,Georgia,Master,Female,21,Yes,4,2023-11-20,2025-07-03,85.92,28
CUST10414,Kenneth Davis,Arizona,High School,Male,27,No,0,2022-01-19,2025-01-30,193.24,182
CUST10126,Charles Powers,Florida,Associate,Non-Binary,46,No,3,2022-10-12,2024-05-08,333.75,449
CUST10473,Christopher Daniels,Georgia,Associate,Male,63,No,2,2024-05-20,2024-10-16,555.84,288
CUST10371,Deborah Gibson,Washington,PhD,Female,35,No,2,2023-09-24,2025-07-24,426.04,7
CUST10255,Paul Smith,Florida,Master,Non-Binary,38,No,0,2022-03-20,2022-08-20,215.54,1076
CUST10111,Samantha Patton,Florida,Master,Male,42,No,2,2021-04-23,2021-07-31,340.84,1461
CUST10371,Deborah Gibson,Washington,PhD,Female,35,No,2,2023-09-24,2023-10-17,93.39,653
CUST10783,Patrick Douglas,Colorado,Master,Male,76,No,1,2022-01-04,2022-04-19,147.49,1199
CUST10083,Marc Olson,Florida,Associate,Non-Binary,73,No,2,2022-11-17,2025-07-30,209.43,1
CUST10822,Laura Roy,Georgia,High School,Male,23,No,2,2024-06-16,2024-12-26,170.04,217
CUST10493,Angela Massey,Washington,Bachelor,Non-Binary,65,No,4,2023-06-15,2024-10-05,136.22,299
CUST10450,Denise Ray,Florida,Associate,Non-Binary,43,Yes,2,2023-11-13,2024-08-31,836.85,334
CUST10718,Jessica Whitaker,California,Bachelor,Male,68,No,1,2022-06-02,2025-04-11,234.02,111
CUST10257,Mary Wilkins,Washington,Associate,Non-Binary,41,No,0,2022-08-01,2023-08-24,258.2,707
CUST10124,Luis Villa,Illinois,High School,Female,39,Yes,2,2023-03-06,2023-07-04,449.18,758
CUST10738,Tanya Wilkinson,New York,Associate,Non-Binary,62,Yes,0,2023-02-09,2024-10-12,476.88,292
CUST10361,Tammy Lawrence,Washington,Master,Male,48,No,4,2024-05-27,2024-08-25,554.2,340
CUST10546,Wendy Barker,Colorado,Bachelor,Male,75,No,0,2020-12-31,2021-12-25,111.85,1314
CUST10361,Tammy Lawrence,Washington,Master,Male,48,No,4,2024-05-27,2024-07-30,800.41,366
CUST10774,Brad Guzman,Texas,Associate,Female,43,Yes,2,2021-05-15,2022-06-06,240.3,1151
CUST10997,Cameron Potts,New York,High School,Male,57,Yes,0,2023-04-22,2024-05-01,823.21,456
CUST10742,Kayla Hunter,Colorado,Bachelor,Female,65,Yes,0,2023-11-08,2024-03-09,351.15,509
CUST10681,Linda Wilson,New York,High School,Non-Binary,80,Yes,2,2022-05-05,2023-01-04,129.66,939
CUST10970,Francisco Alvarez,New York,High School,Male,36,Yes,2,2021-11-01,2025-02-05,206.99,176
CUST10455,Maurice Cook,Illinois,Bachelor,Non-Binary,48,No,0,2021-11-17,2024-09-09,71.94,325
CUST10878,Ruth Johnson,Texas,Bachelor,Non-Binary,36,No,1,2023-03-10,2024-08-09,1029.13,356
CUST10243,Nicholas Johnson,Ohio,Bachelor,Non-Binary,50,Yes,2,2020-12-20,2021-12-30,394.42,1309
CUST10481,Jenna Butler,New York,Master,Female,30,Yes,2,2024-06-03,2024-10-27,331.86,277
CUST10645,Scott Daniels,Ohio,Bachelor,Female,41,Yes,2,2023-05-24,2023-07-02,523.2,760
CUST10384,Briana Drake,Texas,Master,Male,75,Yes,3,2022-06-13,2022-08-01,259.79,1095
CUST10283,Adam Davis,Illinois,High School,Male,51,No,0,2022-06-13,2023-12-15,288.94,594
CUST10962,Richard Rogers,Colorado,Associate,Female,26,No,0,2024-05-08,2024-06-20,393.15,406
CUST10913,William Trujillo,Colorado,Associate,Non-Binary,79,No,4,2021-04-02,2022-03-07,219.66,1242
CUST10431,Daniel Fernandez,California,Associate,Female,36,Yes,0,2021-07-04,2023-05-21,217.42,802
CUST10950,Monica Smith,Washington,Bachelor,Female,55,Yes,3,2022-07-17,2024-01-12,308.6,566
CUST10841,Stephen Cooke,Texas,PhD,Female,55,Yes,2,2022-05-25,2022-09-13,504.34,1052
CUST10386,Courtney Nelson,New York,High School,Male,71,No,2,2020-09-20,2024-07-21,981.04,375
CUST10320,Tina Duncan,New York,Bachelor,Female,70,Yes,3,2023-10-07,2024-08-10,825.12,355
CUST10353,Michelle Goodwin,Ohio,PhD,Male,76,No,3,2022-06-03,2022-11-13,165.87,991
CUST10617,Dr. Stacy Cervantes,California,Master,Male,54,No,3,2024-04-18,2024-07-15,420.02,381
CUST10770,Bryan Chavez,New York,High School,Non-Binary,64,No,1,2024-02-08,2024-08-03,457.21,362
CUST10573,Brandy Willis,Arizona,High School,Male,72,Yes,0,2020-08-02,2025-07-03,375.4,28
CUST10522,Sean Williams,New York,Associate,Non-Binary,73,No,1,2023-07-21,2025-03-01,264.73,152
CUST10329,Gary Campbell,California,PhD,Male,43,No,1,2024-03-14,2024-11-05,190.87,268
CUST10104,Jamie Rose,Florida,High School,Male,51,Yes,3,2024-01-30,2024-03-30,336.07,488
CUST10308,John Bell,Georgia,Master,Female,69,No,1,2020-08-03,2025-06-17,186.59,44
CUST10155,Gavin Olson,Ohio,Associate,Non-Binary,50,No,1,2021-02-05,2023-05-15,685.65,808
CUST10625,Jonathan Fernandez II,Ohio,Master,Male,72,No,3,2021-10-24,2022-10-30,80.72,1005
CUST10726,Mary King,Arizona,High School,Female,55,No,1,2020-11-12,2021-04-26,589.68,1557
CUST10453,Christian Villanueva,California,Master,Non-Binary,33,No,2,2023-02-23,2024-10-26,223.99,278
CUST10152,Catherine Santiago,New York,Master,Female,75,No,1,2021-05-10,2024-05-28,231.66,429
CUST10195,Barbara Hernandez,Georgia,High School,Female,39,No,1,2023-12-23,2025-01-08,524.21,204
CUST10814,Kristin Beard,Texas,Master,Non-Binary,47,Yes,2,2022-01-08,2023-06-22,332.23,770
CUST10995,Patrick Harris,California,Associate,Male,56,No,1,2023-04-13,2024-12-18,197.02,225
CUST10109,Thomas Gilbert,Florida,Master,Non-Binary,51,Yes,3,2023-03-12,2025-02-01,173.77,180
CUST10736,Stephanie Miller,Washington,Master,Non-Binary,50,No,2,2023-07-26,2024-10-21,638.1,283
CUST10294,Connor Young,New York,High School,Male,66,Yes,1,2021-06-01,2025-07-26,76.05,5
CUST10544,Todd Allen,Arizona,Master,Male,32,No,0,2020-08-03,2023-10-14,9.95,656
CUST10179,Michael King,California,Bachelor,Female,65,No,2,2024-07-06,2024-11-23,397.8,250
CUST10418,Lee Young,Ohio,Bachelor,Male,44,Yes,4,2023-12-30,2025-03-22,145.6,131
CUST10577,Brandon Williams,California,Associate,Non-Binary,19,Yes,3,2024-05-25,2024-10-05,998.62,299
CUST10640,Amanda Yoder,Colorado,Master,Female,57,No,1,2023-02-26,2023-09-17,404.33,683
CUST10978,Kenneth Vang,Texas,Master,Non-Binary,75,No,0,2021-05-08,2021-08-23,159.6,1438
CUST10982,Annette Martin,New York,Master,Female,66,Yes,4,2021-05-12,2021-12-30,102.61,1309
CUST10988,Veronica Jones,Colorado,Associate,Male,49,Yes,1,2022-03-29,2024-07-27,446.95,369
CUST10794,Whitney Nichols,Georgia,Bachelor,Female,43,No,1,2021-03-07,2021-08-28,441.4,1433
CUST10680,Samantha Johnson,Texas,PhD,Male,80,Yes,0,2022-10-05,2023-10-06,208.29,664
CUST10998,Nicole Cunningham,Ohio,Bachelor,Non-Binary,37,Yes,1,2020-09-23,2021-11-25,264.04,1344
CUST10511,Tiffany Hayes,Colorado,Associate,Non-Binary,34,No,0,2022-04-26,2024-01-24,220.88,554
CUST10469,Rick Oconnell,Florida,Associate,Male,19,No,2,2023-05-24,2023-09-28,235.95,672
CUST10190,John Wilson,California,PhD,Non-Binary,68,Yes,0,2024-05-06,2024-10-24,230.26,280
CUST10603,Joseph Lee MD,California,Associate,Non-Binary,65,No,0,2021-04-07,2021-10-23,483.38,1377
CUST10523,Angela Allen,California,Associate,Female,46,No,0,2020-09-21,2023-09-15,628.27,685
CUST10198,Joseph Wilson,Florida,Associate,Male,38,No,0,2020-10-06,2024-01-13,186.28,565
CUST10603,Joseph Lee MD,California,Associate,Non-Binary,65,No,0,2021-04-07,2022-03-27,153.27,1222
CUST10065,Mr. Donald Johnson,Washington,PhD,Female,65,No,2,2024-06-09,2024-07-26,507.05,370
CUST10298,Benjamin Ramirez,Georgia,Bachelor,Non-Binary,30,No,1,2024-07-03,2024-09-30,538.95,304
CUST10503,Laurie Hall,Illinois,High School,Female,27,No,0,2021-08-05,2022-11-24,177.48,980
CUST10935,Scott Wood MD,California,High School,Male,78,No,0,2023-02-05,2024-06-09,215.07,417
CUST10502,Hannah Turner,Colorado,Bachelor,Male,30,No,4,2022-04-30,2024-12-26,104.49,217
CUST10622,Andre Dennis,Illinois,Bachelor,Male,34,Yes,0,2022-09-17,2024-10-30,158.6,274
CUST10129,Christopher Mccann,Washington,Bachelor,Male,69,No,4,2024-04-20,2024-06-30,81.35,396
CUST10895,William Baker,Arizona,High School,Female,63,Yes,1,2022-08-30,2025-01-21,144.79,191
CUST10999,Virginia Torres,Arizona,Bachelor,Male,76,Yes,2,2022-09-01,2025-07-04,325.4,27
CUST10772,Dorothy Fox,California,High School,Non-Binary,50,Yes,0,2022-01-28,2024-07-13,369.41,383
CUST10546,Wendy Barker,Colorado,Bachelor,Male,75,No,0,2020-12-31,2023-01-03,221.38,940
CUST10721,Mark Watkins,Arizona,High School,Non-Binary,54,Yes,1,2023-02-26,2024-03-04,31.23,514
CUST10389,Sean Smith,California,High School,Male,59,No,0,2022-08-10,2022-09-11,214.46,1054
CUST10641,Joshua Mccormick,Texas,PhD,Male,52,No,3,2022-12-15,2023-02-08,176.05,904
CUST10894,Jared Williamson,California,PhD,Non-Binary,60,No,1,2023-07-18,2024-03-19,961.52,499
CUST10449,John Lloyd,Arizona,Master,Non-Binary,31,Yes,0,2022-07-03,2022-10-30,174.24,1005
CUST10253,Mrs. Lisa Jennings DDS,Illinois,Master,Male,61,Yes,0,2022-03-25,2022-05-09,113.77,1179
CUST10861,Angela Johnson,California,High School,Non-Binary,32,No,0,2023-11-16,2024-01-14,382.68,564
CUST10767,Miranda Brown,Georgia,PhD,Non-Binary,78,No,0,2021-04-03,2025-01-27,287.22,185
CUST10301,Chloe Morrison,Florida,Master,Female,23,Yes,3,2021-06-18,2023-08-23,364.61,708
CUST10637,Emily Schneider,Florida,Associate,Non-Binary,68,No,1,2022-03-01,2023-12-19,584.8,590
CUST10178,Ryan Diaz,Florida,Master,Female,18,Yes,3,2021-07-03,2023-08-18,435.9,713
CUST10452,Timothy Robertson,Ohio,High School,Non-Binary,51,Yes,0,2024-06-04,2025-01-10,93.07,202
CUST10772,Dorothy Fox,California,High School,Non-Binary,50,Yes,0,2022-01-28,2023-01-07,338.78,936
CUST10025,Timothy Wright,Ohio,Master,Female,58,Yes,2,2021-06-12,2024-04-24,427.83,463
CUST10840,Amy Moore,Illinois,High School,Non-Binary,53,Yes,1,2023-11-25,2024-08-23,160.62,342
CUST10465,Juan Zamora,Colorado,High School,Female,51,No,1,2023-03-03,2023-03-22,176.42,862
CUST10745,Robert Mosley,Washington,PhD,Female,20,No,1,2020-08-09,2022-03-05,986.32,1244
CUST10139,Julie Preston,Colorado,PhD,Non-Binary,18,Yes,3,2024-03-29,2024-05-11,546.05,446
CUST10241,Logan Garcia,Georgia,High School,Non-Binary,69,Yes,1,2022-03-23,2024-09-18,145.94,316
CUST10445,Richard Copeland,Georgia,Associate,Non-Binary,72,Yes,2,2023-12-19,2025-04-03,75.97,119
CUST10140,Sean Becker,Texas,Associate,Male,41,No,2,2024-06-10,2025-01-20,576.88,192
CUST10242,Kyle Klein,Ohio,Associate,Female,24,Yes,3,2023-02-07,2025-07-25,711.37,6
CUST10708,Amber Boyer,Texas,Associate,Female,67,No,1,2021-07-09,2021-10-20,529.64,1380
CUST10231,Carrie Williams,Ohio,PhD,Male,28,No,1,2020-10-08,2024-09-05,406.3,329
CUST10197,Nicole Alvarez,Washington,Master,Male,46,Yes,1,2021-08-26,2024-06-23,76.18,403
CUST10403,Kristine Hernandez,Arizona,Bachelor,Male,65,No,3,2021-01-26,2023-07-08,101.15,754
CUST10904,Katie Riggs,Georgia,Associate,Non-Binary,76,No,1,2023-10-23,2024-12-18,345.59,225
CUST10179,Michael King,California,Bachelor,Female,65,No,2,2024-07-06,2025-01-30,288.5,182
CUST10444,Charles Lee,Colorado,Associate,Non-Binary,37,No,2,2022-02-26,2024-07-17,110.33,379
CUST10352,Kevin Rowland,Texas,Associate,Female,20,No,1,2023-05-08,2024-07-08,283.29,388
CUST10919,Dr. Jennifer Williamson DDS,Ohio,PhD,Male,62,No,0,2022-01-16,2023-12-24,90.61,585
CUST10047,Joseph Jones,New York,Bachelor,Female,75,Yes,1,2022-07-29,2022-09-04,538.26,1061
CUST10990,Peter Kemp,California,High School,Non-Binary,29,Yes,2,2022-11-20,2024-03-27,262.48,491
CUST10447,Emily Conner,Florida,High School,Male,76,No,2,2022-06-14,2025-02-25,363.68,156
CUST10178,Ryan Diaz,Florida,Master,Female,18,Yes,3,2021-07-03,2024-11-10,367.54,263
CUST10935,Scott Wood MD,California,High School,Male,78,No,0,2023-02-05,2023-06-26,110.22,766
CUST10224,Jacob Yates,Washington,Master,Non-Binary,60,No,0,2023-03-30,2023-04-02,130.38,851
CUST10180,Julia Dennis,Washington,PhD,Non-Binary,45,No,0,2021-03-02,2021-08-08,54.06,1453
CUST10555,Andrew Watson,California,PhD,Female,64,No,0,2022-09-10,2023-06-28,702.66,764
CUST10936,Shannon Guzman,New York,Bachelor,Male,43,Yes,3,2020-12-05,2022-11-23,245.1,981
CUST10877,David Vazquez,Arizona,Master,Male,26,Yes,1,2022-10-15,2024-07-11,470.85,385
CUST10316,Christopher Serrano,New York,High School,Male,60,Yes,1,2022-12-15,2025-01-31,324.37,181
CUST10982,Annette Martin,New York,Master,Female,66,Yes,4,2021-05-12,2025-07-11,116.81,20
CUST10851,Robert Arnold,Ohio,Associate,Male,43,No,1,2024-01-09,2025-02-16,278.96,165
CUST10877,David Vazquez,Arizona,Master,Male,26,Yes,1,2022-10-15,2023-07-30,472.03,732
CUST10362,Mark Hernandez,Ohio,PhD,Female,62,No,0,2021-06-17,2024-11-18,452.27,255
CUST10266,Robert Murphy,Ohio,Bachelor,Male,42,No,0,2020-08-27,2022-08-05,57.81,1091
CUST10966,Lauren Taylor,New York,Associate,Non-Binary,30,No,2,2023-12-14,2025-06-25,190.63,36
CUST10009,Patrick Barnes,California,Bachelor,Non-Binary,41,Yes,0,2024-04-14,2025-07-24,239.72,7
CUST10787,Louis Gibson,Colorado,Associate,Non-Binary,47,No,1,2024-07-04,2024-10-25,183.58,279
CUST10148,Erin Mason,Florida,PhD,Male,37,Yes,2,2020-11-28,2024-07-24,360.62,372
CUST10281,Kayla Estes,Washington,Master,Non-Binary,76,Yes,2,2024-07-10,2024-08-20,172.13,345
CUST10829,Phillip Johnson,California,Master,Female,78,No,1,2020-08-02,2021-11-27,652.49,1342
CUST10933,Jonathan Lewis,Texas,Associate,Male,37,Yes,3,2022-02-16,2024-07-31,540.34,365
CUST10952,Courtney Jimenez,California,Associate,Non-Binary,76,No,4,2024-05-30,2025-07-24,194.37,7
CUST10422,Kyle Garcia,Washington,PhD,Non-Binary,54,No,3,2023-05-25,2023-07-01,60.99,761
CUST10845,Jennifer Khan,Washington,PhD,Female,78,Yes,1,2023-10-27,2025-04-28,130.32,94
CUST10780,James Ellis,Ohio,PhD,Male,77,No,2,2022-04-01,2025-04-13,286.36,109
CUST10939,Brian Carson,Georgia,PhD,Female,22,No,3,2021-07-28,2022-09-02,311.58,1063
CUST10719,Christopher Williams,Ohio,High School,Female,49,Yes,2,2023-09-14,2024-04-19,106.05,468
CUST10538,Lindsay Jones,Arizona,PhD,Male,23,Yes,0,2021-03-19,2021-04-15,205.88,1568
CUST10394,Stuart Young,California,Bachelor,Female,33,No,1,2021-02-10,2021-09-02,320.14,1428
CUST10017,Kenneth Ferguson,Florida,High School,Male,74,No,1,2023-07-25,2023-12-15,48.92,594
CUST10205,Francis Romero,Texas,High School,Non-Binary,22,Yes,0,2023-10-13,2024-05-11,690.02,446
CUST10111,Samantha Patton,Florida,Master,Male,42,No,2,2021-04-23,2023-01-10,80.98,933
CUST10257,Mary Wilkins,Washington,Associate,Non-Binary,41,No,0,2022-08-01,2025-05-14,394.64,78
CUST10582,Adrian Henry,Texas,Master,Non-Binary,26,No,2,2021-12-14,2025-03-29,67.67,124
CUST10820,David Ramirez,Florida,Associate,Non-Binary,74,Yes,1,2022-03-16,2022-11-08,555.99,996
CUST10701,Megan Garrett,Georgia,Associate,Non-Binary,80,Yes,1,2022-05-12,2022-09-18,146.11,1047
CUST10619,Henry Martinez,Colorado,High School,Male,37,No,0,2021-11-24,2023-08-12,333.68,719
CUST10502,Hannah Turner,Colorado,Bachelor,Male,30,No,4,2022-04-30,2022-07-04,300.16,1123
CUST10332,Susan Garner,New York,Associate,Female,30,No,0,2023-11-14,2024-11-12,642.75,261
CUST10803,Nicole Berry,Ohio,PhD,Female,36,Yes,2,2023-09-17,2024-11-27,265.5,246
CUST10912,Diana Clark,Florida,High School,Non-Binary,46,Yes,1,2024-03-23,2025-01-18,860.2,194
CUST10230,Ricky Skinner,Arizona,PhD,Male,40,Yes,1,2023-05-18,2025-05-09,408.04,83
CUST10633,Cole Ward,Colorado,Master,Non-Binary,67,Yes,0,2023-11-04,2024-04-19,265.37,468
CUST10465,Juan Zamora,Colorado,High School,Female,51,No,1,2023-03-03,2025-02-01,215.41,180
CUST10341,Joseph Cox,Florida,Master,Male,35,No,3,2023-04-13,2023-11-16,647.71,623
CUST10498,Derek Greene,Colorado,Associate,Non-Binary,52,No,1,2024-07-26,2025-03-07,885.41,146
CUST10684,David Roy,Illinois,High School,Male,27,No,0,2021-09-22,2021-12-02,74.3,1337
CUST10725,John Tyler,Arizona,Bachelor,Female,69,No,2,2023-06-18,2025-07-10,251.74,21
CUST10911,William Kelley,Florida,Associate,Male,35,No,1,2020-10-20,2021-11-04,83.87,1365
CUST10343,Laura Atkins,Arizona,Bachelor,Non-Binary,52,Yes,1,2023-05-26,2025-02-09,134.74,172
CUST10969,Victor Johnson,Texas,PhD,Non-Binary,56,Yes,4,2022-03-11,2022-07-03,60.12,1124
CUST10928,Jessica Pierce,Texas,Associate,Male,42,No,0,2022-10-21,2024-08-06,80.16,359
CUST10375,Renee Simpson,Georgia,PhD,Non-Binary,29,Yes,1,2024-06-20,2025-07-15,249.1,16
CUST10543,Amber Lewis,Georgia,High School,Male,46,Yes,3,2023-07-09,2024-12-08,348.41,235
CUST10677,Tony Johnson,Georgia,Master,Male,26,Yes,3,2022-10-29,2024-01-10,34.85,568
CUST10333,Wendy Ponce,Ohio,Master,Male,60,Yes,4,2024-05-12,2024-08-09,280.62,356
CUST10994,Misty Davis,Colorado,Master,Non-Binary,36,Yes,3,2023-01-06,2023-06-22,359.06,770
CUST10656,William Kim,Florida,PhD,Non-Binary,25,Yes,2,2023-09-11,2024-01-25,98.43,553
CUST10959,Angela Huber,Arizona,PhD,Non-Binary,70,No,0,2021-10-14,2024-01-05,37.31,573
CUST10537,Lori Hall,Arizona,PhD,Non-Binary,45,No,4,2021-12-19,2023-09-27,583.44,673
CUST10033,Kelli Robinson,Arizona,PhD,Male,18,No,3,2023-05-28,2024-11-23,104.92,250
CUST10971,Mr. David Miranda,Arizona,Master,Non-Binary,58,No,2,2022-08-17,2022-12-10,84.76,964
CUST10399,Dr. Ryan Coleman,Texas,High School,Non-Binary,37,Yes,1,2020-11-24,2024-06-01,189.79,425
CUST10390,Dr. Phillip Brooks,Florida,High School,Male,53,Yes,2,2022-05-29,2023-07-03,92.77,759
CUST10047,Joseph Jones,New York,Bachelor,Female,75,Yes,1,2022-07-29,2024-09-14,462.18,320
CUST10210,Jon Rich,Illinois,PhD,Non-Binary,34,No,3,2021-08-28,2021-10-27,456.74,1373
CUST10721,Mark Watkins,Arizona,High School,Non-Binary,54,Yes,1,2023-02-26,2023-09-09,737.95,691
CUST10839,Samuel Barron,California,Master,Non-Binary,54,Yes,2,2021-05-27,2023-03-08,443.55,876
CUST10743,Tamara Miller,Georgia,Master,Male,78,Yes,1,2023-07-17,2024-03-25,651.96,493
CUST10171,Catherine Mendoza,Ohio,Master,Female,43,Yes,4,2022-12-10,2023-02-17,285.6,895
CUST10396,Jessica Wang,Florida,PhD,Male,29,No,2,2021-03-29,2025-05-01,143.95,91
CUST10125,Erik Campbell,Arizona,PhD,Non-Binary,64,Yes,1,2022-12-31,2025-02-02,453.76,179
CUST10391,Melissa Patrick,Florida,PhD,Non-Binary,76,No,2,2021-06-08,2024-01-06,377.28,572
CUST10277,Jason Terry,Washington,Master,Male,60,Yes,0,2020-11-08,2024-07-28,408.93,368
CUST10057,Shelley Austin,New York,PhD,Female,72,No,0,2020-12-18,2024-06-08,479.24,418
CUST10516,Anna Fleming,New York,Master,Female,36,No,2,2021-07-13,2022-02-01,1111.93,1276
CUST10276,Sandra Torres,Texas,High School,Non-Binary,59,No,1,2023-08-15,2025-03-14,375.99,139
CUST10022,Chris Collins,Georgia,PhD,Female,59,Yes,2,2022-03-04,2024-02-25,1285.73,522
CUST10530,Dana Smith,New York,High School,Female,41,Yes,2,2024-01-12,2025-07-03,86.87,28
CUST10196,Kristin Pearson,Colorado,Master,Non-Binary,64,No,1,2022-11-30,2023-10-27,104.41,643
CUST10595,Maria Jackson,California,Master,Female,72,No,2,2023-09-08,2024-10-30,193.98,274
CUST10638,Douglas Moore,Arizona,Master,Female,80,No,0,2022-02-19,2025-06-16,104.68,45
CUST10823,Courtney Meyer,Georgia,High School,Non-Binary,35,Yes,0,2021-12-21,2025-05-15,434.19,77
CUST10318,Matthew Ruiz,Washington,Associate,Female,31,Yes,1,2021-08-09,2023-08-23,330.65,708
CUST10537,Lori Hall,Arizona,PhD,Non-Binary,45,No,4,2021-12-19,2024-07-08,598.62,388
CUST10388,Ronald Ramirez,Illinois,High School,Male,50,No,2,2022-05-24,2022-08-03,154.97,1093
CUST10778,Jillian Bauer PhD,Texas,PhD,Non-Binary,57,Yes,4,2023-05-20,2024-02-01,126.7,546
CUST10918,Thomas Mccormick,Washington,Bachelor,Non-Binary,63,No,1,2022-11-17,2024-10-06,432.82,298
CUST10436,Sean Santos,Georgia,Bachelor,Non-Binary,68,Yes,2,2021-12-19,2024-09-11,235.61,323
CUST10290,Pamela Richardson,Texas,Master,Male,68,Yes,1,2020-11-20,2021-03-28,515.73,1586
CUST10976,Dennis Turner,California,Master,Male,30,Yes,2,2024-05-17,2025-03-14,694.07,139
CUST10487,Theresa Crawford,Georgia,PhD,Male,18,Yes,1,2023-11-04,2024-02-08,1073.32,539
CUST10857,Wayne Brown,Illinois,PhD,Male,41,Yes,1,2024-01-11,2024-06-24,51.85,402
CUST10830,Kenneth Frost,New York,Master,Female,32,Yes,1,2024-04-17,2024-05-28,156.64,429
CUST10019,Lisa Murray,New York,Bachelor,Non-Binary,70,No,0,2023-04-16,2023-06-26,209.68,766
CUST10463,Thomas Reid,California,Associate,Non-Binary,33,No,0,2023-07-04,2025-01-27,101.96,185
CUST10803,Nicole Berry,Ohio,PhD,Female,36,Yes,2,2023-09-17,2024-01-09,382.84,569
CUST10636,Shannon Gardner,Colorado,Master,Male,23,No,1,2021-10-26,2024-03-15,595.96,503
CUST10261,Richard Thomas,Texas,Master,Male,45,Yes,0,2021-08-06,2023-08-20,188.85,711
CUST10063,James Allen,Washington,High School,Non-Binary,47,No,2,2021-08-11,2025-03-05,62.66,148
CUST10272,Ray Lopez,Arizona,Master,Female,24,No,2,2022-10-23,2023-10-25,468.1,645
CUST10216,Kimberly Parker,Arizona,Associate,Non-Binary,41,Yes,2,2022-11-27,2023-01-08,186.46,935
CUST10548,Gordon Roman,New York,High School,Non-Binary,62,No,2,2023-10-11,2025-07-24,113.01,7
CUST10530,Dana Smith,New York,High School,Female,41,Yes,2,2024-01-12,2024-10-13,255.07,291
CUST10192,Jeffrey Stewart,Georgia,High School,Female,34,Yes,0,2024-04-09,2025-01-15,291.11,197
CUST10796,Sarah Larsen,Ohio,Bachelor,Female,74,Yes,1,2024-05-17,2025-07-02,35.9,29
CUST10161,Barbara Jones,Ohio,High School,Male,54,Yes,1,2024-04-21,2025-05-04,186.51,88
CUST10783,Patrick Douglas,Colorado,Master,Male,76,No,1,2022-01-04,2024-06-08,547.52,418
CUST10628,Joseph Mcbride,Ohio,Master,Non-Binary,66,Yes,3,2024-01-27,2025-01-03,414.63,209
CUST10843,Matthew Thompson,Ohio,High School,Non-Binary,56,No,2,2024-03-28,2024-08-16,480.66,349
CUST10619,Henry Martinez,Colorado,High School,Male,37,No,0,2021-11-24,2023-06-15,452.53,777
CUST10362,Mark Hernandez,Ohio,PhD,Female,62,No,0,2021-06-17,2023-03-08,136.32,876
CUST10442,Michelle Smith,New York,High School,Female,76,No,1,2022-01-05,2025-06-05,137.78,56
CUST10780,James Ellis,Ohio,PhD,Male,77,No,2,2022-04-01,2023-05-02,648.35,821
CUST10011,Ian Baker,Florida,Master,Non-Binary,64,No,3,2024-01-23,2024-02-20,221.03,527
CUST10657,David Woods,Georgia,Associate,Non-Binary,76,No,0,2023-08-27,2025-04-24,138.08,98
CUST10021,Kimberly Hester,Ohio,Associate,Male,35,Yes,0,2021-03-03,2024-07-06,265.21,390
CUST10837,Michael Navarro,California,Bachelor,Female,70,Yes,3,2022-06-04,2023-05-27,95.67,796
CUST10690,Leah Moore,Arizona,Bachelor,Non-Binary,24,Yes,1,2021-07-24,2023-09-07,109.54,693
CUST10872,Paige Rubio,Georgia,Associate,Male,51,No,0,2023-10-19,2025-07-21,294.63,10
CUST10021,Kimberly Hester,Ohio,Associate,Male,35,Yes,0,2021-03-03,2023-10-04,513.03,666
CUST10199,David Nguyen,Colorado,Associate,Female,70,Yes,1,2023-09-10,2025-04-07,342.23,115
CUST10147,Jay James,Colorado,PhD,Female,63,Yes,2,2024-01-26,2025-07-26,72.9,5
CUST10999,Virginia Torres,Arizona,Bachelor,Male,76,Yes,2,2022-09-01,2025-03-06,232.72,147
CUST10580,Kayla Gonzalez,Georgia,High School,Female,45,No,1,2021-11-28,2025-06-09,206.4,52
CUST10090,Cameron Bowen,Arizona,Master,Female,32,No,2,2022-10-29,2024-05-15,444.87,442
CUST10602,William Reed,Florida,High School,Female,69,No,0,2021-05-06,2025-02-25,102.54,156
CUST10142,Savannah Williams,Georgia,Associate,Male,79,No,1,2024-07-22,2025-05-02,70.7,90
CUST10782,Keith Alvarez,Illinois,Associate,Non-Binary,51,No,0,2022-07-27,2023-09-18,129.79,682
CUST10910,Justin Scott,Washington,Bachelor,Male,23,Yes,1,2023-07-04,2025-03-20,195.63,133
CUST10437,Katherine Rose,California,Bachelor,Non-Binary,69,No,3,2022-09-04,2024-04-30,96.0,457
CUST10477,Caleb Perry,Ohio,High School,Female,63,No,0,2022-12-27,2025-03-06,694.99,147
CUST10626,Lindsey Miller,New York,Master,Male,35,Yes,1,2021-12-10,2025-03-13,266.14,140
CUST10387,Jamie Anderson,California,High School,Male,77,Yes,2,2021-03-25,2022-12-31,295.42,943
CUST10081,Lisa Taylor,Georgia,High School,Female,29,Yes,1,2022-08-14,2023-12-30,278.17,579
CUST10584,Jennifer Bryan,Ohio,PhD,Male,62,No,1,2021-11-06,2022-09-19,380.99,1046
CUST10377,Kenneth Bird,Illinois,PhD,Male,69,Yes,0,2023-06-23,2024-04-05,205.63,482
CUST10195,Barbara Hernandez,Georgia,High School,Female,39,No,1,2023-12-23,2024-08-16,371.23,349
CUST10941,Natasha Walker,California,Associate,Non-Binary,40,Yes,1,2024-06-06,2024-12-06,561.94,237
CUST10069,Patricia Santana,California,PhD,Male,70,No,0,2022-07-11,2024-10-15,246.93,289
CUST10211,Jessica Calhoun,Texas,High School,Male,36,No,1,2020-09-21,2021-08-11,687.58,1450
CUST10225,James Walker,Georgia,PhD,Male,49,No,2,2021-10-08,2023-03-27,244.86,857
CUST10712,Matthew Keller,Washington,Bachelor,Female,42,Yes,3,2021-01-05,2024-06-24,338.67,402
CUST10189,Madison Watts,California,PhD,Non-Binary,19,Yes,2,2021-04-29,2021-11-09,273.69,1360
CUST10829,Phillip Johnson,California,Master,Female,78,No,1,2020-08-02,2023-02-15,70.93,897
CUST10752,Paula Ross,Washington,Bachelor,Non-Binary,46,Yes,2,2021-04-04,2023-04-14,199.08,839
CUST10394,Stuart Young,California,Bachelor,Female,33,No,1,2021-02-10,2024-04-19,361.32,468
CUST10657,David Woods,Georgia,Associate,Non-Binary,76,No,0,2023-08-27,2024-04-14,538.97,473
CUST10203,Kim Bennett,Florida,High School,Female,43,No,0,2021-03-25,2022-05-17,237.38,1171
CUST10131,Daniel Park,New York,PhD,Non-Binary,39,Yes,3,2022-10-29,2023-04-18,250.3,835
CUST10088,Michael Brooks,California,Bachelor,Female,20,Yes,1,2024-02-16,2024-12-06,163.38,237
CUST10757,Jennifer Wilcox,Colorado,Associate,Non-Binary,21,Yes,0,2024-06-01,2024-06-24,543.11,402
CUST10661,Deborah Newton,Arizona,Master,Male,68,No,2,2024-07-15,2024-11-02,72.48,271
CUST10819,Philip Wilcox,Florida,Master,Male,39,Yes,2,2023-10-17,2025-03-20,544.13,133
CUST10263,Rodney James,Ohio,High School,Non-Binary,61,No,0,2023-11-20,2024-10-06,412.93,298
CUST10676,Ricardo Flores,Colorado,High School,Male,80,No,0,2022-08-05,2022-09-04,143.99,1061
CUST10042,William Weeks,Arizona,Associate,Male,25,Yes,1,2020-10-28,2024-02-01,573.92,546
CUST10193,Willie Riley,Texas,PhD,Non-Binary,46,Yes,1,2023-08-19,2023-11-30,372.25,609
CUST10448,Charles Waters,Arizona,Bachelor,Non-Binary,43,No,2,2024-04-26,2025-03-16,426.22,137
CUST10887,Jason James,Georgia,PhD,Female,66,No,0,2022-06-28,2023-01-20,321.02,923
CUST10273,Ashley Keller,Georgia,PhD,Non-Binary,46,No,0,2023-01-27,2024-07-01,216.8,395
CUST10381,Jeffrey Cook,Arizona,Master,Female,21,No,1,2021-06-16,2022-09-17,563.4,1048
CUST10682,William Morgan,Florida,Master,Non-Binary,22,Yes,2,2020-09-18,2025-04-29,308.62,93
CUST10883,Susan Larson,Texas,PhD,Female,58,No,0,2022-01-06,2023-11-03,522.35,636
CUST10486,James Wells,Georgia,Master,Female,21,Yes,4,2023-11-20,2024-04-17,325.02,470
CUST10816,Victoria Smith,Colorado,Bachelor,Non-Binary,38,No,2,2023-12-26,2024-06-14,515.22,412
CUST10655,Tammy Stevens,Illinois,PhD,Female,80,No,0,2022-03-10,2023-02-24,145.69,888
CUST10514,Kristen Eaton,New York,Associate,Male,33,Yes,1,2021-01-03,2021-04-29,370.57,1554
CUST10930,Anthony Neal,Texas,High School,Non-Binary,64,Yes,0,2023-03-24,2025-02-10,183.52,171
CUST10708,Amber Boyer,Texas,Associate,Female,67,No,1,2021-07-09,2022-03-27,266.16,1222
CUST10899,Megan Olson,Georgia,Associate,Female,50,Yes,0,2023-03-26,2024-06-18,757.82,408
CUST10462,Billy Thompson,Ohio,Associate,Male,37,Yes,4,2023-12-14,2024-09-05,242.24,329
CUST10734,Christine Baker,Ohio,Associate,Female,34,Yes,3,2022-08-05,2023-10-04,300.47,666
CUST10539,Richard Price,Texas,Associate,Female,19,Yes,2,2021-01-04,2022-11-13,614.65,991
CUST10098,Madeline Gamble,Washington,Bachelor,Male,40,Yes,2,2024-04-01,2025-06-11,106.89,50
CUST10998,Nicole Cunningham,Ohio,Bachelor,Non-Binary,37,Yes,1,2020-09-23,2021-04-02,316.25,1581
CUST10948,Patricia Koch,Texas,PhD,Male,28,Yes,2,2021-01-07,2021-10-26,461.21,1374
CUST10957,Stephanie Mills,Colorado,Associate,Non-Binary,73,Yes,1,2023-06-02,2024-07-24,126.49,372
CUST10015,Kayla Oneill,Texas,PhD,Non-Binary,69,No,2,2021-05-07,2024-11-16,396.21,257
CUST10646,Michael Flores,New York,PhD,Female,21,No,1,2022-01-09,2023-03-27,284.09,857
CUST10058,Jennifer Anderson MD,Florida,PhD,Non-Binary,49,No,3,2021-10-20,2022-07-06,5.16,1121
CUST10988,Veronica Jones,Colorado,Associate,Male,49,Yes,1,2022-03-29,2025-03-25,322.92,128
CUST10859,Tyler Garza,Illinois,Bachelor,Female,30,Yes,2,2023-01-16,2023-06-30,290.54,762
CUST10702,Nathan Brown,Ohio,Master,Non-Binary,18,Yes,1,2024-01-21,2024-12-04,596.42,239
CUST10302,John Rush,California,Master,Non-Binary,49,No,4,2024-06-23,2025-05-20,124.03,72
CUST10093,Samantha Wilson,Colorado,High School,Male,57,No,2,2021-03-16,2024-03-19,195.87,499
CUST10534,Matthew Smith,Texas,Associate,Female,76,No,1,2024-03-23,2024-06-08,246.22,418
CUST10538,Lindsay Jones,Arizona,PhD,Male,23,Yes,0,2021-03-19,2022-11-05,210.82,999
CUST10962,Richard Rogers,Colorado,Associate,Female,26,No,0,2024-05-08,2024-11-03,510.42,270
CUST10702,Nathan Brown,Ohio,Master,Non-Binary,18,Yes,1,2024-01-21,2024-12-17,310.89,226
CUST10474,John Graham,Washington,Bachelor,Female,73,No,2,2023-02-06,2023-09-29,339.2,671
CUST10119,Kenneth Ponce,Ohio,High School,Male,38,No,0,2020-10-28,2024-11-11,1241.12,262
CUST10460,Vanessa Smith,Washington,PhD,Male,27,No,3,2024-04-04,2025-02-12,182.12,169
CUST10118,Hannah Williams,New York,Master,Non-Binary,46,Yes,3,2020-11-19,2021-12-07,274.95,1332
CUST10414,Kenneth Davis,Arizona,High School,Male,27,No,0,2022-01-19,2024-01-06,221.85,572
CUST10033,Kelli Robinson,Arizona,PhD,Male,18,No,3,2023-05-28,2024-12-11,389.37,232
CUST10156,Daniel Mullins,Arizona,PhD,Non-Binary,63,No,0,2021-08-20,2022-09-10,392.72,1055
CUST10270,Stephen Rodriguez,Colorado,Associate,Female,42,Yes,0,2020-12-12,2021-11-15,495.57,1354
CUST10836,Brandon Evans,Georgia,High School,Non-Binary,21,Yes,1,2023-03-18,2024-10-01,336.72,303
CUST10556,Ashley Roberts,California,Associate,Non-Binary,50,No,4,2023-01-22,2023-05-28,525.4,795
CUST10916,Morgan Smith,Texas,Associate,Non-Binary,74,No,3,2021-03-06,2025-04-10,293.36,112
CUST10669,Jeff Diaz,Ohio,Master,Non-Binary,46,No,0,2023-07-24,2024-06-29,405.37,397
CUST10913,William Trujillo,Colorado,Associate,Non-Binary,79,No,4,2021-04-02,2023-05-23,270.8,800
CUST10827,Christopher Daniels,Illinois,PhD,Male,64,Yes,1,2021-07-18,2022-01-22,64.12,1286
CUST10420,Melissa Church,Arizona,Master,Female,64,Yes,0,2024-02-12,2024-11-12,185.32,261
CUST10394,Stuart Young,California,Bachelor,Female,33,No,1,2021-02-10,2024-02-12,203.96,535
CUST10331,Tiffany Washington,Ohio,High School,Male,36,Yes,0,2021-05-08,2024-07-25,257.3,371
CUST10634,Jane Rocha,Ohio,Associate,Female,26,No,2,2023-03-24,2025-02-12,387.2,169
CUST10798,Sharon Schneider,Washington,High School,Non-Binary,45,No,2,2021-04-30,2024-12-23,64.32,220
CUST10752,Paula Ross,Washington,Bachelor,Non-Binary,46,Yes,2,2021-04-04,2023-04-13,281.49,840
CUST10770,Bryan Chavez,New York,High School,Non-Binary,64,No,1,2024-02-08,2025-02-07,105.01,174
CUST10646,Michael Flores,New York,PhD,Female,21,No,1,2022-01-09,2024-09-14,106.44,320
CUST10876,Erica Flowers,New York,Associate,Female,70,Yes,1,2021-08-06,2023-03-13,321.19,871
CUST10151,Dawn Elliott,Arizona,High School,Male,41,No,2,2022-07-07,2023-09-10,228.29,690
CUST10661,Deborah Newton,Arizona,Master,Male,68,No,2,2024-07-15,2025-07-14,87.55,17
CUST10119,Kenneth Ponce,Ohio,High School,Male,38,No,0,2020-10-28,2024-05-28,696.83,429
CUST10972,Meghan Oliver,Washington,Master,Female,41,Yes,0,2022-02-24,2023-10-03,264.15,667
CUST10688,Christine Martinez,New York,Associate,Male,54,Yes,1,2024-02-24,2024-10-23,238.45,281
CUST10872,Paige Rubio,Georgia,Associate,Male,51,No,0,2023-10-19,2024-07-13,153.47,383
CUST10385,Stephen Gray,New York,Associate,Female,25,No,4,2022-04-10,2024-11-01,126.91,272
CUST10068,Mary Schneider,Colorado,Associate,Non-Binary,54,Yes,0,2023-06-24,2025-01-28,297.79,184
CUST10213,Vicki Massey,Arizona,PhD,Non-Binary,25,No,0,2022-08-12,2024-12-28,505.37,215
CUST10311,Dennis Moss,Ohio,Bachelor,Female,53,Yes,2,2023-06-15,2024-10-27,177.08,277
CUST10458,Jennifer Cook,California,Associate,Female,36,No,0,2022-08-07,2023-01-12,569.84,931
CUST10508,Stacy Mckenzie,Texas,Bachelor,Non-Binary,46,No,0,2021-08-05,2022-11-16,217.06,988
CUST10975,Max Carson,Ohio,Master,Male,34,No,0,2021-03-10,2022-06-25,86.36,1132
CUST10753,Alison Mccarthy,Georgia,Associate,Male,56,Yes,1,2021-02-25,2024-12-01,99.13,242
CUST10792,Richard Henry,Texas,PhD,Male,54,Yes,3,2022-10-06,2023-05-25,442.57,798
CUST10916,Morgan Smith,Texas,Associate,Non-Binary,74,No,3,2021-03-06,2022-10-19,526.17,1016
CUST10014,Matthew Alvarez,Texas,High School,Non-Binary,40,No,2,2022-09-12,2023-02-24,108.47,888
CUST10595,Maria Jackson,California,Master,Female,72,No,2,2023-09-08,2025-03-19,102.34,134
CUST10003,Jeffrey Scott,Texas,Master,Non-Binary,41,Yes,1,2021-04-06,2023-09-17,332.64,683
CUST10584,Jennifer Bryan,Ohio,PhD,Male,62,No,1,2021-11-06,2024-02-10,115.11,537
CUST10772,Dorothy Fox,California,High School,Non-Binary,50,Yes,0,2022-01-28,2022-10-27,273.11,1008
CUST10768,Marc Smith,Arizona,Bachelor,Female,39,No,3,2024-04-08,2025-02-19,649.09,162
CUST10149,Kayla Ortiz,Washington,PhD,Non-Binary,73,No,2,2022-11-09,2025-04-02,184.87,120
CUST10501,Kristopher Powell,Illinois,Bachelor,Female,43,Yes,0,2024-04-26,2025-05-18,56.61,74
CUST10525,Michelle Campbell,Colorado,PhD,Female,72,Yes,1,2021-10-04,2023-09-15,228.19,685
CUST10255,Paul Smith,Florida,Master,Non-Binary,38,No,0,2022-03-20,2023-01-03,848.92,940
CUST10611,John Walsh,New York,Master,Male,74,No,2,2021-05-15,2023-11-16,264.69,623
CUST10446,Mr. David Ramirez,California,Bachelor,Female,65,No,0,2023-12-03,2025-01-03,392.67,209
CUST10790,Michael Mitchell,Georgia,Master,Non-Binary,45,No,1,2022-07-19,2023-05-16,317.63,807
CUST10480,Anthony Brown,New York,High School,Female,77,Yes,1,2021-01-12,2021-07-29,190.58,1463
CUST10644,Karen Fitzgerald,Illinois,PhD,Non-Binary,50,No,1,2022-06-20,2023-09-15,130.09,685
CUST10728,Barbara Baker,Florida,Associate,Male,60,Yes,1,2021-10-04,2023-11-07,306.47,632
CUST10787,Louis Gibson,Colorado,Associate,Non-Binary,47,No,1,2024-07-04,2025-07-20,428.1,11
CUST10547,Amanda Hall,Washington,Associate,Female,28,No,2,2023-07-03,2024-10-17,39.21,287
CUST10576,Laura Miller,Texas,PhD,Female,29,No,3,2023-05-18,2023-11-30,120.86,609
CUST10647,Jennifer Acevedo,New York,Bachelor,Female,19,Yes,2,2021-03-18,2024-06-10,169.57,416
CUST10956,Richard Mercado,New York,Bachelor,Non-Binary,74,No,1,2021-05-25,2024-01-22,307.34,556
CUST10428,Tonya White,Colorado,High School,Male,41,No,2,2024-03-14,2025-02-17,275.86,164
CUST10370,Brandi Black,California,High School,Female,42,Yes,1,2023-05-31,2024-06-18,302.86,408
CUST10327,Collin Terrell,Ohio,Master,Male,65,No,2,2023-12-07,2025-07-11,177.47,20
CUST10662,Pamela Mckinney,Colorado,High School,Non-Binary,20,Yes,2,2024-02-10,2024-09-25,294.13,309
CUST10379,Angela Johnson,Georgia,Associate,Female,44,Yes,0,2023-03-29,2023-12-24,789.97,585
CUST10129,Christopher Mccann,Washington,Bachelor,Male,69,No,4,2024-04-20,2025-03-29,315.69,124
CUST10595,Maria Jackson,California,Master,Female,72,No,2,2023-09-08,2025-04-16,655.08,106
CUST10978,Kenneth Vang,Texas,Master,Non-Binary,75,No,0,2021-05-08,2021-06-15,567.55,1507
CUST10889,Andrew Lopez,Colorado,High School,Male,27,No,2,2021-11-05,2025-05-03,388.14,89
CUST10330,Jeffrey Wells,Georgia,Bachelor,Male,63,Yes,1,2023-09-08,2024-08-25,57.47,340
CUST10608,David Deleon,Washington,High School,Male,42,Yes,0,2023-08-27,2025-03-14,94.59,139
CUST10237,Tracy Salazar,California,PhD,Male,58,No,4,2022-06-30,2023-01-27,619.18,916
CUST10546,Wendy Barker,Colorado,Bachelor,Male,75,No,0,2020-12-31,2023-01-03,665.81,940
CUST10396,Jessica Wang,Florida,PhD,Male,29,No,2,2021-03-29,2024-12-10,273.11,233
CUST10523,Angela Allen,California,Associate,Female,46,No,0,2020-09-21,2021-11-20,128.83,1349
CUST10807,Matthew Hopkins,Illinois,Bachelor,Male,43,No,0,2021-06-19,2022-06-22,336.32,1135
CUST10654,Austin Schultz,Colorado,Bachelor,Non-Binary,59,Yes,2,2021-03-22,2023-02-23,459.32,889
CUST10369,Matthew Coleman,New York,Associate,Female,73,Yes,1,2024-07-26,2024-10-08,96.67,296
CUST10867,Alexander Koch,Georgia,Bachelor,Male,53,No,4,2022-12-10,2024-08-12,266.75,353
CUST10986,Catherine Choi,Texas,PhD,Female,40,No,2,2022-05-23,2023-02-19,936.26,893
CUST10374,Jennifer Jones,Arizona,Master,Non-Binary,40,No,2,2021-07-22,2023-05-26,703.94,797
CUST10049,Mathew Schmidt,Arizona,Associate,Female,66,Yes,2,2021-07-25,2023-01-10,388.67,933
CUST10147,Jay James,Colorado,PhD,Female,63,Yes,2,2024-01-26,2024-03-02,284.79,516
CUST10787,Louis Gibson,Colorado,Associate,Non-Binary,47,No,1,2024-07-04,2025-06-08,506.45,53
CUST10094,Dr. Clinton Lopez,Colorado,Bachelor,Female,54,No,2,2022-09-13,2023-06-11,114.05,781
CUST10338,Charles Davis,Arizona,Master,Female,50,Yes,3,2023-07-14,2025-06-22,237.87,39
CUST10821,Terri Rubio,California,Bachelor,Female,72,Yes,2,2022-07-10,2023-06-15,871.74,777
CUST10616,Mark Ryan,New York,Bachelor,Male,66,No,0,2021-03-28,2022-09-27,229.23,1038
CUST10410,Jay Mercer,Illinois,Master,Male,45,Yes,0,2022-02-01,2024-05-23,215.02,434
CUST10032,Stephanie Morales,California,Bachelor,Non-Binary,63,Yes,4,2020-10-22,2023-06-08,405.88,784
CUST10361,Tammy Lawrence,Washington,Master,Male,48,No,4,2024-05-27,2025-02-26,260.07,155
CUST10655,Tammy Stevens,Illinois,PhD,Female,80,No,0,2022-03-10,2023-04-18,207.58,835
CUST10993,Dawn Williams,Arizona,Associate,Male,39,Yes,0,2020-10-10,2020-11-06,314.77,1728
CUST10295,Lisa Ball,Arizona,Master,Male,26,No,3,2024-02-05,2024-05-27,386.79,430
CUST10212,Joseph Williams,Arizona,Associate,Female,39,No,1,2021-03-13,2023-07-15,524.68,747
CUST10887,Jason James,Georgia,PhD,Female,66,No,0,2022-06-28,2024-03-29,166.84,489
CUST10576,Laura Miller,Texas,PhD,Female,29,No,3,2023-05-18,2025-01-05,226.58,207
CUST10183,Casey Arnold,Florida,PhD,Female,24,No,1,2023-08-22,2023-09-03,190.22,697
CUST10456,Ronald Myers,Arizona,Associate,Non-Binary,39,Yes,2,2021-09-29,2022-08-07,495.57,1089
CUST10163,Scott Mitchell,California,Associate,Non-Binary,28,Yes,2,2020-10-22,2021-09-25,259.07,1405
CUST10137,Brian Meyer Jr.,Washington,Master,Non-Binary,61,No,3,2022-10-24,2023-11-18,95.58,621
CUST10922,Tammie Lopez,Washington,Associate,Male,73,No,0,2021-10-10,2024-03-11,290.35,507
CUST10731,Daniel Salas,Florida,High School,Male,54,Yes,1,2020-12-05,2025-02-05,470.78,176
CUST10010,Joseph Reed,Florida,High School,Female,29,No,0,2020-09-01,2023-06-07,465.66,785
CUST10258,Gregory Baker,Colorado,PhD,Female,73,Yes,1,2023-02-09,2024-01-23,215.11,555
CUST10108,Luke Mason,Florida,Bachelor,Non-Binary,64,Yes,1,2023-10-04,2025-01-26,342.1,186
CUST10978,Kenneth Vang,Texas,Master,Non-Binary,75,No,0,2021-05-08,2023-04-14,695.68,839
CUST10635,Sherry Stanley,Washington,Associate,Female,39,No,1,2023-12-28,2024-09-12,428.46,322
CUST10428,Tonya White,Colorado,High School,Male,41,No,2,2024-03-14,2025-03-26,122.13,127
CUST10562,Dustin Bell,Florida,High School,Male,19,Yes,1,2024-04-12,2024-12-28,215.07,215
CUST10818,Melissa Hernandez,Ohio,High School,Female,56,No,1,2021-04-25,2024-06-07,255.98,419
CUST10384,Briana Drake,Texas,Master,Male,75,Yes,3,2022-06-13,2024-09-13,178.98,321
CUST10068,Mary Schneider,Colorado,Associate,Non-Binary,54,Yes,0,2023-06-24,2024-11-18,138.27,255
CUST10339,Denise Thompson,Colorado,Associate,Non-Binary,68,No,3,2022-05-15,2023-10-03,535.44,667
CUST10217,Sara Patton MD,Georgia,Master,Male,49,Yes,3,2021-07-28,2024-04-18,137.26,469
CUST10336,Garrett Sanders,Florida,Master,Non-Binary,69,No,3,2021-10-17,2024-01-10,274.73,568
CUST10393,Marie Wells,Georgia,Bachelor,Female,35,No,0,2021-01-27,2021-05-07,201.54,1546
CUST10030,Matthew Tran,New York,Master,Male,47,No,2,2022-11-08,2024-07-05,323.09,391
CUST10879,Kristina Pineda,Washington,PhD,Non-Binary,41,Yes,1,2022-11-07,2024-06-21,410.37,405
CUST10985,Melanie Garcia,Florida,Master,Male,22,Yes,2,2020-08-07,2020-12-28,164.01,1676
CUST10391,Melissa Patrick,Florida,PhD,Non-Binary,76,No,2,2021-06-08,2022-04-23,151.83,1195
CUST10014,Matthew Alvarez,Texas,High School,Non-Binary,40,No,2,2022-09-12,2023-05-30,223.88,793
CUST10066,Richard Walker,California,Bachelor,Non-Binary,71,Yes,0,2022-10-24,2024-06-17,1205.23,409
CUST10732,David Cooper,Illinois,High School,Male,41,Yes,0,2023-04-30,2023-11-06,316.84,633
CUST10250,Alicia Higgins,Texas,Master,Female,74,Yes,1,2023-10-15,2024-08-06,109.39,359
CUST10720,Mrs. Raven Fisher,Florida,High School,Non-Binary,72,No,1,2021-04-06,2023-07-28,270.87,734
CUST10140,Sean Becker,Texas,Associate,Male,41,No,2,2024-06-10,2024-07-23,122.84,373
CUST10313,Jamie Harrison,Georgia,PhD,Female,33,Yes,1,2021-04-12,2025-07-27,278.35,4
CUST10045,Amanda Berg,Illinois,Bachelor,Male,28,No,2,2023-02-23,2024-04-17,215.93,470
CUST10462,Billy Thompson,Ohio,Associate,Male,37,Yes,4,2023-12-14,2023-12-30,399.41,579
CUST10117,Jeffrey Miles,Arizona,High School,Male,21,Yes,2,2020-09-28,2025-02-24,155.39,157
CUST10566,Renee Reed,Florida,Associate,Female,54,No,1,2023-09-18,2024-02-13,442.53,534
CUST10078,Elizabeth Hall,California,Master,Male,51,No,2,2024-04-24,2025-07-19,122.07,12
CUST10678,Nancy Rogers,Ohio,High School,Male,40,Yes,0,2022-06-09,2025-02-01,199.03,180
CUST10765,Michael Bailey,Illinois,PhD,Female,72,No,0,2022-05-26,2023-09-21,552.03,679
CUST10010,Joseph Reed,Florida,High School,Female,29,No,0,2020-09-01,2025-02-16,342.0,165
CUST10551,Jennifer King,California,Bachelor,Non-Binary,63,No,3,2022-12-28,2024-08-08,474.55,357
CUST10854,Brittany Fox,New York,Master,Male,74,Yes,0,2023-04-12,2025-02-01,475.39,180
CUST10522,Sean Williams,New York,Associate,Non-Binary,73,No,1,2023-07-21,2024-02-26,358.52,521
CUST10805,Kyle Vaughn,Colorado,PhD,Male,61,No,2,2023-08-28,2024-08-31,359.56,334
CUST10906,Kenneth Smith,California,High School,Male,68,Yes,1,2022-05-02,2022-05-31,579.29,1157
CUST10966,Lauren Taylor,New York,Associate,Non-Binary,30,No,2,2023-12-14,2024-11-29,202.13,244
CUST10867,Alexander Koch,Georgia,Bachelor,Male,53,No,4,2022-12-10,2024-01-10,977.27,568
CUST10247,Lawrence Garcia,New York,Bachelor,Male,72,No,1,2021-12-31,2022-04-05,84.67,1213
CUST10575,Beth Jensen,Colorado,Bachelor,Non-Binary,59,Yes,2,2024-07-27,2024-11-07,199.76,266
CUST10486,James Wells,Georgia,Master,Female,21,Yes,4,2023-11-20,2024-05-02,237.7,455
CUST10316,Christopher Serrano,New York,High School,Male,60,Yes,1,2022-12-15,2025-03-25,210.54,128
CUST10070,Veronica Horn,Florida,Master,Female,80,No,0,2020-10-24,2025-03-22,342.68,131
CUST10455,Maurice Cook,Illinois,Bachelor,Non-Binary,48,No,0,2021-11-17,2022-09-05,511.58,1060
CUST10124,Luis Villa,Illinois,High School,Female,39,Yes,2,2023-03-06,2023-11-05,133.8,634
CUST10444,Charles Lee,Colorado,Associate,Non-Binary,37,No,2,2022-02-26,2025-05-28,218.13,64
CUST10620,Jesse Pratt,Texas,Master,Male,64,No,0,2023-04-13,2024-10-13,286.83,291
CUST10858,Lisa Wong,Arizona,Master,Female,75,Yes,2,2021-02-19,2024-10-22,455.12,282
CUST10650,Phillip Taylor,Ohio,PhD,Non-Binary,70,Yes,1,2023-12-13,2025-07-26,169.13,5
CUST10403,Kristine Hernandez,Arizona,Bachelor,Male,65,No,3,2021-01-26,2021-03-02,594.62,1612
CUST10960,Michael Stephenson,Ohio,PhD,Female,49,Yes,2,2022-04-26,2025-01-16,426.29,196
CUST10486,James Wells,Georgia,Master,Female,21,Yes,4,2023-11-20,2023-12-06,384.51,603
CUST10999,Virginia Torres,Arizona,Bachelor,Male,76,Yes,2,2022-09-01,2025-07-14,834.83,17
CUST10069,Patricia Santana,California,PhD,Male,70,No,0,2022-07-11,2022-08-12,142.65,1084
CUST10899,Megan Olson,Georgia,Associate,Female,50,Yes,0,2023-03-26,2024-01-23,241.72,555
CUST10767,Miranda Brown,Georgia,PhD,Non-Binary,78,No,0,2021-04-03,2022-06-24,357.8,1133
CUST10300,Jennifer Williams,California,Associate,Male,61,Yes,1,2022-06-25,2024-11-21,413.82,252
CUST10435,Ralph Brown,Florida,Bachelor,Female,37,Yes,2,2020-11-18,2021-08-18,297.77,1443
CUST10882,Amber Watson,Arizona,High School,Non-Binary,61,No,3,2021-04-01,2022-06-08,149.82,1149
CUST10682,William Morgan,Florida,Master,Non-Binary,22,Yes,2,2020-09-18,2024-05-07,408.38,450
CUST10100,Timothy Cook,Georgia,High School,Female,39,Yes,1,2024-07-28,2025-01-25,748.73,187
CUST10067,Peter Brooks,Illinois,Associate,Non-Binary,26,No,1,2021-08-29,2024-04-04,428.95,483
CUST10559,Lauren White,Florida,Associate,Male,68,Yes,2,2020-09-11,2023-12-01,391.03,608
CUST10050,Marilyn Jackson,New York,Bachelor,Male,32,No,1,2024-06-22,2024-08-22,126.96,343
CUST10513,Jacob Hamilton,Arizona,Bachelor,Non-Binary,73,No,2,2023-04-26,2024-11-18,306.56,255
CUST10092,Melissa Lee,Illinois,Bachelor,Non-Binary,24,Yes,1,2020-10-17,2022-06-02,534.97,1155
CUST10962,Richard Rogers,Colorado,Associate,Female,26,No,0,2024-05-08,2024-06-29,201.28,397
CUST10781,Michelle Wiley,Arizona,Master,Non-Binary,77,Yes,3,2024-07-14,2024-10-02,195.97,302
CUST10509,Andrew Griffith,Washington,PhD,Male,32,No,0,2023-08-20,2024-02-06,567.9,541
CUST10511,Tiffany Hayes,Colorado,Associate,Non-Binary,34,No,0,2022-04-26,2025-04-11,241.08,111
CUST10811,Carolyn Smith,Florida,Associate,Male,28,No,2,2023-03-10,2023-12-23,179.3,586
CUST10939,Brian Carson,Georgia,PhD,Female,22,No,3,2021-07-28,2025-01-05,309.92,207
CUST10708,Amber Boyer,Texas,Associate,Female,67,No,1,2021-07-09,2024-08-23,164.51,342
CUST10756,Melissa Roberts,Illinois,PhD,Male,24,No,2,2024-03-30,2025-01-23,192.14,189
CUST10311,Dennis Moss,Ohio,Bachelor,Female,53,Yes,2,2023-06-15,2024-04-18,789.43,469
CUST10708,Amber Boyer,Texas,Associate,Female,67,No,1,2021-07-09,2022-01-23,601.94,1285
CUST10391,Melissa Patrick,Florida,PhD,Non-Binary,76,No,2,2021-06-08,2021-10-20,225.14,1380
CUST10177,Dr. Regina King PhD,Texas,Associate,Female,58,Yes,0,2020-09-24,2022-12-02,277.79,972
CUST10572,Kristen Reynolds,Colorado,Master,Male,52,No,2,2024-05-19,2024-06-19,153.98,407
CUST10766,Douglas Higgins,Colorado,High School,Female,48,Yes,1,2021-03-21,2022-10-29,502.06,1006
CUST10394,Stuart Young,California,Bachelor,Female,33,No,1,2021-02-10,2024-11-01,1609.41,272
CUST10139,Julie Preston,Colorado,PhD,Non-Binary,18,Yes,3,2024-03-29,2024-10-22,337.96,282
CUST10940,Alexandria Potter,New York,High School,Male,72,Yes,3,2022-04-30,2023-11-29,397.17,610
CUST10733,Jean Reed,Florida,Associate,Male,68,Yes,4,2023-07-27,2024-12-25,213.27,218
CUST10362,Mark Hernandez,Ohio,PhD,Female,62,No,0,2021-06-17,2025-02-16,920.42,165
CUST10241,Logan Garcia,Georgia,High School,Non-Binary,69,Yes,1,2022-03-23,2024-03-29,241.7,489
CUST10974,Mr. Wesley Martin Jr.,Ohio,Bachelor,Non-Binary,68,Yes,1,2024-04-27,2025-05-22,143.01,70
CUST10518,Heather Mendoza,Arizona,Associate,Male,55,Yes,1,2023-11-28,2025-05-18,459.2,74
CUST10967,Earl Waller,New York,Bachelor,Male,57,Yes,1,2022-09-26,2024-08-27,709.51,338
CUST10390,Dr. Phillip Brooks,Florida,High School,Male,53,Yes,2,2022-05-29,2025-06-16,647.75,45
CUST10089,Alexandria Scott,Colorado,Bachelor,Male,21,Yes,2,2023-08-16,2024-09-28,215.55,306
CUST10338,Charles Davis,Arizona,Master,Female,50,Yes,3,2023-07-14,2023-09-26,47.22,674
CUST10464,Edwin Woodward,Colorado,Master,Non-Binary,40,No,0,2022-11-07,2022-11-29,311.5,975
CUST10618,Kelly Beard,Colorado,Bachelor,Non-Binary,58,Yes,1,2021-03-17,2021-09-10,177.68,1420
CUST10150,Mary Keller,Arizona,Bachelor,Female,74,Yes,1,2021-04-01,2023-10-06,118.35,664
CUST10089,Alexandria Scott,Colorado,Bachelor,Male,21,Yes,2,2023-08-16,2023-10-26,380.69,644
CUST10415,Vincent Spencer,Texas,Bachelor,Non-Binary,43,Yes,0,2024-02-03,2025-03-14,375.48,139
CUST10295,Lisa Ball,Arizona,Master,Male,26,No,3,2024-02-05,2025-03-19,300.37,134
CUST10205,Francis Romero,Texas,High School,Non-Binary,22,Yes,0,2023-10-13,2025-03-29,63.05,124
CUST10975,Max Carson,Ohio,Master,Male,34,No,0,2021-03-10,2025-02-16,288.43,165
CUST10254,Dean Wright,Florida,PhD,Male,80,No,0,2021-05-30,2021-11-27,268.15,1342
CUST10257,Mary Wilkins,Washington,Associate,Non-Binary,41,No,0,2022-08-01,2024-06-29,258.25,397
CUST10412,James Gonzalez,California,PhD,Male,33,No,0,2024-05-06,2024-08-03,91.35,362
CUST10593,Phillip Padilla,Arizona,High School,Female,55,No,0,2020-12-08,2024-05-18,315.54,439
CUST10815,Carol Peterson MD,Washington,Master,Non-Binary,46,Yes,3,2024-06-17,2024-07-12,648.52,384
CUST10319,Scott Perez,Florida,High School,Non-Binary,47,Yes,1,2021-09-19,2022-05-14,100.54,1174
CUST10390,Dr. Phillip Brooks,Florida,High School,Male,53,Yes,2,2022-05-29,2023-07-12,131.31,750
CUST10042,William Weeks,Arizona,Associate,Male,25,Yes,1,2020-10-28,2025-06-13,154.03,48
CUST10947,Teresa Valdez,Washington,Master,Male,39,No,0,2022-03-29,2025-01-08,403.47,204
CUST10775,Luis Huffman,Ohio,Master,Non-Binary,39,No,4,2023-09-03,2025-07-26,266.22,5
CUST10762,Shannon Ross,Texas,Associate,Non-Binary,75,No,4,2023-03-22,2024-12-19,132.71,224
CUST10634,Jane Rocha,Ohio,Associate,Female,26,No,2,2023-03-24,2024-11-11,195.69,262
CUST10482,Mark Clark,Arizona,Bachelor,Male,39,No,1,2020-08-15,2023-05-16,86.4,807
CUST10215,Daniel Bishop,Washington,Master,Non-Binary,40,No,2,2021-01-25,2022-04-28,597.23,1190
CUST10465,Juan Zamora,Colorado,High School,Female,51,No,1,2023-03-03,2023-08-31,101.93,700
CUST10557,Shane Ross,Texas,Associate,Male,23,Yes,3,2021-03-15,2024-05-27,163.59,430
CUST10846,Donna Carlson,Georgia,Master,Female,50,Yes,1,2022-01-12,2022-04-25,81.21,1193
CUST10472,Heather Ferguson,Georgia,Master,Male,38,No,2,2024-03-20,2024-08-28,311.6,337
CUST10027,Douglas Rowland,Texas,Bachelor,Male,46,Yes,2,2021-04-29,2023-12-01,258.92,608
CUST10466,James Pope,New York,Master,Female,50,No,1,2021-07-28,2023-06-22,750.12,770
CUST10141,Paul Mcdaniel,Arizona,High School,Male,49,No,3,2023-03-14,2025-04-23,141.91,99
CUST10637,Emily Schneider,Florida,Associate,Non-Binary,68,No,1,2022-03-01,2025-04-17,587.56,105
CUST10882,Amber Watson,Arizona,High School,Non-Binary,61,No,3,2021-04-01,2021-05-14,711.04,1539
CUST10073,Anthony Smith,California,High School,Female,20,Yes,0,2021-02-09,2021-02-20,263.92,1622
CUST10169,Jessica Figueroa,Washington,PhD,Male,78,No,0,2023-05-24,2024-01-05,471.88,573
CUST10454,Kimberly Flores,Florida,PhD,Male,46,Yes,0,2023-11-02,2024-11-16,114.0,257
CUST10230,Ricky Skinner,Arizona,PhD,Male,40,Yes,1,2023-05-18,2025-07-23,1048.91,8
CUST10474,John Graham,Washington,Bachelor,Female,73,No,2,2023-02-06,2024-02-27,480.87,520
CUST10164,Patricia Jacobson,Washington,Bachelor,Non-Binary,53,Yes,2,2021-02-15,2024-10-31,45.3,273
CUST10107,Shelley Mcdowell,Florida,High School,Male,61,No,0,2020-08-17,2024-08-13,59.67,352
CUST10132,Mark Ross,Florida,Bachelor,Male,24,No,2,2022-07-14,2025-03-17,66.91,136
CUST10850,Elizabeth Edwards,Colorado,Bachelor,Male,34,Yes,1,2022-01-29,2025-02-06,142.73,175
CUST10916,Morgan Smith,Texas,Associate,Non-Binary,74,No,3,2021-03-06,2024-09-26,82.33,308
CUST10302,John Rush,California,Master,Non-Binary,49,No,4,2024-06-23,2025-03-31,36.37,122
CUST10714,Bradley Williams,Georgia,Associate,Male,75,No,1,2023-05-10,2024-09-17,106.08,317
CUST10319,Scott Perez,Florida,High School,Non-Binary,47,Yes,1,2021-09-19,2024-06-20,1082.29,406
CUST10685,Shelley Thomas,Arizona,PhD,Female,58,No,2,2024-04-22,2025-02-03,131.47,178
CUST10463,Thomas Reid,California,Associate,Non-Binary,33,No,0,2023-07-04,2023-10-09,794.39,661
CUST10286,Nicole Porter DVM,New York,Master,Male,46,Yes,0,2024-02-09,2025-05-05,274.51,87
CUST10315,Patty Wood,Colorado,Associate,Male,34,Yes,0,2023-10-21,2024-06-27,363.32,399
CUST10235,Ashley Olson,Arizona,Master,Non-Binary,48,Yes,3,2020-08-25,2022-08-15,262.32,1081
CUST10226,Darren Bishop,Ohio,Associate,Male,64,Yes,1,2022-01-09,2024-04-16,492.45,471
CUST10368,Benjamin Weber,Washington,Associate,Male,34,Yes,2,2021-01-11,2024-04-27,438.13,460
CUST10281,Kayla Estes,Washington,Master,Non-Binary,76,Yes,2,2024-07-10,2025-01-24,413.63,188
CUST10871,Jessica Lee,California,Associate,Non-Binary,42,No,2,2022-10-16,2025-07-04,465.22,27
CUST10791,Leon Austin,Texas,Bachelor,Male,40,No,1,2024-02-12,2024-11-18,327.88,255
CUST10894,Jared Williamson,California,PhD,Non-Binary,60,No,1,2023-07-18,2025-05-05,109.8,87
CUST10920,Barbara Jackson,Arizona,Master,Female,70,No,1,2021-05-17,2025-06-21,388.65,40
CUST10012,Andrew White,Colorado,Master,Male,49,No,3,2020-11-09,2023-12-20,449.82,589
CUST10890,Lucas Smith,Colorado,High School,Female,26,No,1,2022-06-07,2022-08-20,274.54,1076
CUST10229,Andrea Roberts,Illinois,High School,Male,76,No,1,2022-02-01,2022-09-12,356.17,1053
CUST10567,Kelsey Hughes,Colorado,Master,Male,65,Yes,0,2021-10-31,2025-02-06,364.4,175
CUST10945,Stephanie Ramos,Ohio,Associate,Male,62,No,0,2021-10-22,2022-03-13,396.59,1236
CUST10140,Sean Becker,Texas,Associate,Male,41,No,2,2024-06-10,2025-02-21,365.02,160
CUST10419,Gina Klein,Arizona,Bachelor,Male,36,No,2,2020-11-28,2024-04-27,231.32,460
CUST10188,Jennifer Hart,Washington,Bachelor,Non-Binary,44,Yes,0,2024-04-27,2024-05-21,558.16,436
CUST10728,Barbara Baker,Florida,Associate,Male,60,Yes,1,2021-10-04,2023-04-05,859.24,848
CUST10974,Mr. Wesley Martin Jr.,Ohio,Bachelor,Non-Binary,68,Yes,1,2024-04-27,2024-12-07,251.52,236
CUST10200,Nicole Maynard,Texas,Bachelor,Female,51,Yes,1,2021-08-30,2022-07-18,263.3,1109
CUST10972,Meghan Oliver,Washington,Master,Female,41,Yes,0,2022-02-24,2024-07-17,618.99,379
CUST10978,Kenneth Vang,Texas,Master,Non-Binary,75,No,0,2021-05-08,2022-02-11,139.13,1266
CUST10280,Gina May,Florida,Master,Female,36,Yes,0,2024-07-23,2025-01-12,58.55,200
CUST10485,Jessica Reid,Florida,Associate,Non-Binary,68,No,1,2022-05-09,2023-01-11,108.71,932
CUST10870,Joshua Anthony,Illinois,Master,Non-Binary,33,Yes,0,2023-03-17,2023-10-12,262.78,658
CUST10391,Melissa Patrick,Florida,PhD,Non-Binary,76,No,2,2021-06-08,2025-04-08,685.87,114
CUST10020,Christopher Sparks,Florida,Bachelor,Female,31,No,0,2023-09-19,2025-03-26,220.59,127
CUST10973,Sherri Pearson,Illinois,Associate,Female,76,No,0,2024-02-20,2024-02-27,473.84,520
CUST10091,Sherry Whitney,Florida,PhD,Male,75,Yes,1,2022-12-05,2023-12-31,614.28,578
CUST10079,Amber Moreno,Florida,Bachelor,Male,46,No,3,2023-08-11,2023-11-01,465.67,638
CUST10604,Bethany Sanders,Colorado,Associate,Female,38,Yes,2,2023-08-20,2024-12-13,58.73,230
CUST10650,Phillip Taylor,Ohio,PhD,Non-Binary,70,Yes,1,2023-12-13,2024-11-01,41.82,272
CUST10301,Chloe Morrison,Florida,Master,Female,23,Yes,3,2021-06-18,2023-10-19,288.01,651
CUST10644,Karen Fitzgerald,Illinois,PhD,Non-Binary,50,No,1,2022-06-20,2024-01-23,171.56,555
CUST10397,Jennifer Patel,Texas,Bachelor,Non-Binary,70,Yes,1,2023-03-17,2023-06-29,193.66,763
CUST10717,Ashley Lee,New York,Master,Female,76,Yes,0,2024-06-25,2025-03-09,236.93,144
CUST10405,Kimberly Quinn,Arizona,Bachelor,Male,25,Yes,0,2022-04-13,2023-03-09,384.35,875
CUST10093,Samantha Wilson,Colorado,High School,Male,57,No,2,2021-03-16,2024-01-01,306.81,577
CUST10923,Justin Drake,Colorado,PhD,Female,25,Yes,2,2022-12-25,2024-08-12,82.15,353
CUST10672,Stephen Wright,Florida,Associate,Non-Binary,75,Yes,0,2021-05-24,2021-07-09,131.45,1483
CUST10834,Cathy Sanders,Colorado,Associate,Female,78,Yes,0,2021-11-26,2025-07-22,124.58,9
CUST10508,Stacy Mckenzie,Texas,Bachelor,Non-Binary,46,No,0,2021-08-05,2023-03-21,176.45,863
CUST10058,Jennifer Anderson MD,Florida,PhD,Non-Binary,49,No,3,2021-10-20,2021-11-10,265.52,1359
CUST10593,Phillip Padilla,Arizona,High School,Female,55,No,0,2020-12-08,2021-06-27,554.94,1495
CUST10297,Michelle Rogers,Arizona,Master,Female,40,Yes,2,2024-07-24,2025-04-27,640.84,95
CUST10839,Samuel Barron,California,Master,Non-Binary,54,Yes,2,2021-05-27,2022-06-10,302.68,1147
CUST10839,Samuel Barron,California,Master,Non-Binary,54,Yes,2,2021-05-27,2024-05-24,107.46,433
CUST10588,Joanna Howe,Washington,Bachelor,Non-Binary,47,No,1,2023-08-13,2023-11-27,727.24,612
CUST10716,John Lopez,Georgia,High School,Non-Binary,79,No,0,2020-12-29,2023-08-06,178.79,725
CUST10524,Cassie Ray,California,Bachelor,Non-Binary,46,No,0,2024-06-25,2024-07-29,182.68,367
CUST10446,Mr. David Ramirez,California,Bachelor,Female,65,No,0,2023-12-03,2024-11-17,520.88,256
CUST10566,Renee Reed,Florida,Associate,Female,54,No,1,2023-09-18,2023-12-15,442.76,594
CUST10161,Barbara Jones,Ohio,High School,Male,54,Yes,1,2024-04-21,2025-06-24,498.31,37
CUST10895,William Baker,Arizona,High School,Female,63,Yes,1,2022-08-30,2022-12-27,459.83,947
CUST10111,Samantha Patton,Florida,Master,Male,42,No,2,2021-04-23,2021-05-25,634.15,1528
CUST10685,Shelley Thomas,Arizona,PhD,Female,58,No,2,2024-04-22,2025-06-13,452.39,48
CUST10436,Sean Santos,Georgia,Bachelor,Non-Binary,68,Yes,2,2021-12-19,2025-07-06,692.33,25
CUST10364,Douglas Sullivan DDS,Arizona,Master,Male,80,No,0,2023-01-30,2025-04-01,175.04,121
CUST10494,Christopher Golden,Texas,PhD,Male,35,No,2,2020-11-19,2022-12-08,641.11,966
CUST10876,Erica Flowers,New York,Associate,Female,70,Yes,1,2021-08-06,2023-12-27,268.35,582
CUST10119,Kenneth Ponce,Ohio,High School,Male,38,No,0,2020-10-28,2024-11-13,176.87,260
CUST10718,Jessica Whitaker,California,Bachelor,Male,68,No,1,2022-06-02,2023-09-24,114.77,676
CUST10234,Chelsea Reynolds,Illinois,Master,Non-Binary,73,Yes,1,2023-07-02,2023-08-24,247.23,707
CUST10567,Kelsey Hughes,Colorado,Master,Male,65,Yes,0,2021-10-31,2023-09-21,266.83,679
CUST10135,Deanna Payne,Ohio,Associate,Female,51,Yes,0,2023-11-11,2024-02-13,816.59,534
CUST10453,Christian Villanueva,California,Master,Non-Binary,33,No,2,2023-02-23,2024-12-28,145.63,215
CUST10138,Chelsea James,Texas,PhD,Male,69,No,2,2024-06-14,2025-04-16,142.3,106
CUST10298,Benjamin Ramirez,Georgia,Bachelor,Non-Binary,30,No,1,2024-07-03,2025-07-07,313.02,24
CUST10379,Angela Johnson,Georgia,Associate,Female,44,Yes,0,2023-03-29,2023-07-12,703.83,750
CUST10708,Amber Boyer,Texas,Associate,Female,67,No,1,2021-07-09,2025-04-03,604.0,119
CUST10427,Jesse Robinson,Washington,Master,Male,75,No,0,2022-02-14,2025-04-23,115.73,99
CUST10985,Melanie Garcia,Florida,Master,Male,22,Yes,2,2020-08-07,2023-02-05,393.69,907
CUST10321,Micheal Davis,Texas,High School,Female,39,Yes,3,2023-12-30,2024-11-24,586.18,249
CUST10714,Bradley Williams,Georgia,Associate,Male,75,No,1,2023-05-10,2023-10-09,366.9,661
CUST10719,Christopher Williams,Ohio,High School,Female,49,Yes,2,2023-09-14,2023-11-04,1003.13,635
CUST10434,Megan Hughes,Ohio,PhD,Male,24,Yes,2,2023-10-05,2024-12-02,436.47,241
CUST10225,James Walker,Georgia,PhD,Male,49,No,2,2021-10-08,2021-12-22,295.94,1317
CUST10390,Dr. Phillip Brooks,Florida,High School,Male,53,Yes,2,2022-05-29,2024-07-16,328.03,380
CUST10686,Dennis Kane,Washington,PhD,Female,75,No,3,2023-08-24,2023-11-02,168.3,637
CUST10247,Lawrence Garcia,New York,Bachelor,Male,72,No,1,2021-12-31,2025-03-29,98.74,124
CUST10933,Jonathan Lewis,Texas,Associate,Male,37,Yes,3,2022-02-16,2024-03-29,199.9,489
CUST10818,Melissa Hernandez,Ohio,High School,Female,56,No,1,2021-04-25,2025-07-23,701.47,8
CUST10916,Morgan Smith,Texas,Associate,Non-Binary,74,No,3,2021-03-06,2023-10-06,257.71,664
CUST10058,Jennifer Anderson MD,Florida,PhD,Non-Binary,49,No,3,2021-10-20,2024-09-29,575.6,305
CUST10542,Catherine Haynes,Texas,PhD,Female,18,No,0,2023-10-17,2024-08-08,32.82,357
CUST10557,Shane Ross,Texas,Associate,Male,23,Yes,3,2021-03-15,2022-09-03,66.44,1062
CUST10084,Michael Nelson,Florida,High School,Female,41,Yes,2,2022-01-18,2024-06-03,104.53,423
CUST10152,Catherine Santiago,New York,Master,Female,75,No,1,2021-05-10,2024-07-15,346.24,381
CUST10001,Anthony Gordon,Washington,Associate,Non-Binary,32,No,1,2023-02-20,2024-10-10,262.03,294
CUST10931,Cathy Brown,Florida,Bachelor,Female,21,No,0,2022-01-21,2022-08-20,566.94,1076
CUST10371,Deborah Gibson,Washington,PhD,Female,35,No,2,2023-09-24,2025-04-02,939.34,120
CUST10827,Christopher Daniels,Illinois,PhD,Male,64,Yes,1,2021-07-18,2023-01-18,1068.41,925
CUST10384,Briana Drake,Texas,Master,Male,75,Yes,3,2022-06-13,2023-06-14,557.38,778
CUST10643,Samuel Hobbs,Georgia,PhD,Female,66,No,3,2022-04-01,2024-05-26,182.34,431
CUST10798,Sharon Schneider,Washington,High School,Non-Binary,45,No,2,2021-04-30,2025-05-07,282.27,85
CUST10255,Paul Smith,Florida,Master,Non-Binary,38,No,0,2022-03-20,2023-11-02,520.53,637
CUST10453,Christian Villanueva,California,Master,Non-Binary,33,No,2,2023-02-23,2023-07-08,242.97,754
CUST10580,Kayla Gonzalez,Georgia,High School,Female,45,No,1,2021-11-28,2023-04-24,228.29,829
CUST10840,Amy Moore,Illinois,High School,Non-Binary,53,Yes,1,2023-11-25,2024-11-11,664.46,262
CUST10057,Shelley Austin,New York,PhD,Female,72,No,0,2020-12-18,2022-03-18,36.09,1231
CUST10124,Luis Villa,Illinois,High School,Female,39,Yes,2,2023-03-06,2023-07-20,787.22,742
CUST10532,Lee Miller,California,High School,Non-Binary,61,No,0,2021-12-28,2023-09-19,503.33,681
CUST10135,Deanna Payne,Ohio,Associate,Female,51,Yes,0,2023-11-11,2024-06-21,101.04,405
CUST10919,Dr. Jennifer Williamson DDS,Ohio,PhD,Male,62,No,0,2022-01-16,2022-11-23,222.96,981
CUST10747,Sean Gonzalez,Ohio,Associate,Male,27,No,3,2022-10-08,2023-10-29,259.87,641
CUST10030,Matthew Tran,New York,Master,Male,47,No,2,2022-11-08,2023-12-04,165.29,605
CUST10529,David Flores,Ohio,Associate,Female,64,No,3,2024-02-03,2024-12-11,42.72,232
CUST10168,Cynthia Bradley,Illinois,Bachelor,Female,58,No,1,2021-05-09,2025-07-21,621.52,10
CUST10501,Kristopher Powell,Illinois,Bachelor,Female,43,Yes,0,2024-04-26,2025-07-20,303.28,11
CUST10487,Theresa Crawford,Georgia,PhD,Male,18,Yes,1,2023-11-04,2025-07-14,524.37,17
CUST10357,John Thomas,Ohio,Master,Female,63,Yes,0,2023-03-10,2024-07-07,233.53,389
CUST10356,Gabrielle Wilson,Arizona,High School,Non-Binary,44,No,2,2022-01-24,2023-09-08,332.96,692
CUST10787,Louis Gibson,Colorado,Associate,Non-Binary,47,No,1,2024-07-04,2024-08-05,339.66,360
CUST10039,Nicole Sanchez,Florida,PhD,Non-Binary,65,Yes,1,2023-01-14,2025-01-14,102.41,198
CUST10609,Joseph Wallace,Washington,Bachelor,Male,45,No,3,2020-12-28,2022-10-12,146.47,1023
CUST10629,Vanessa Mcmahon,Florida,Bachelor,Male,58,No,1,2023-06-27,2024-06-14,690.14,412
CUST10482,Mark Clark,Arizona,Bachelor,Male,39,No,1,2020-08-15,2025-04-01,216.33,121
CUST10793,Austin Willis,Arizona,PhD,Male,71,No,0,2024-04-02,2025-03-26,350.52,127
CUST10936,Shannon Guzman,New York,Bachelor,Male,43,Yes,3,2020-12-05,2021-02-27,360.84,1615
CUST10761,Richard Thomas,Georgia,Bachelor,Female,58,No,1,2023-01-01,2024-12-08,188.42,235
CUST10051,Mary Mccullough,California,Master,Male,34,No,2,2022-06-27,2023-01-27,248.14,916
CUST10915,Robert Jones,New York,High School,Female,61,No,2,2022-08-05,2025-03-29,686.83,124
CUST10566,Renee Reed,Florida,Associate,Female,54,No,1,2023-09-18,2025-07-18,76.01,13
CUST10304,Adrian Gallagher,Washington,Master,Non-Binary,58,No,2,2023-10-30,2023-12-25,362.0,584
CUST10711,Tanya Moore,Arizona,PhD,Male,73,Yes,4,2023-08-30,2024-01-05,329.6,573
CUST10609,Joseph Wallace,Washington,Bachelor,Male,45,No,3,2020-12-28,2024-10-06,444.13,298
CUST10776,Christopher Smith,Washington,Master,Male,60,Yes,0,2024-05-03,2024-10-24,145.0,280
CUST10006,Jeffrey Torres,Colorado,Bachelor,Non-Binary,72,No,1,2021-01-18,2024-12-26,337.59,217
CUST10592,Suzanne Mclaughlin,Florida,High School,Female,57,No,0,2022-01-02,2022-09-09,47.31,1056
CUST10381,Jeffrey Cook,Arizona,Master,Female,21,No,1,2021-06-16,2021-11-26,591.77,1343
CUST10649,Michael Bailey,Florida,PhD,Female,79,No,0,2023-06-18,2023-09-26,186.03,674
CUST10645,Scott Daniels,Ohio,Bachelor,Female,41,Yes,2,2023-05-24,2024-08-25,355.73,340
CUST10934,Wesley Dawson,Georgia,Bachelor,Male,33,No,0,2023-10-04,2025-03-29,140.26,124
CUST10484,Jason Richardson,Texas,PhD,Female,52,Yes,1,2022-02-06,2023-06-05,161.33,787
CUST10628,Joseph Mcbride,Ohio,Master,Non-Binary,66,Yes,3,2024-01-27,2025-06-30,140.96,31
CUST10370,Brandi Black,California,High School,Female,42,Yes,1,2023-05-31,2025-05-03,133.3,89
CUST10748,Valerie Miller,Texas,PhD,Male,27,Yes,0,2020-12-03,2023-04-19,138.26,834
CUST10723,Ann Brown,New York,High School,Non-Binary,66,Yes,2,2024-04-20,2024-12-15,296.73,228
CUST10055,Bethany Keller,Georgia,Associate,Female,43,Yes,3,2024-06-08,2024-12-03,215.51,240
CUST10316,Christopher Serrano,New York,High School,Male,60,Yes,1,2022-12-15,2023-11-23,372.33,616
CUST10331,Tiffany Washington,Ohio,High School,Male,36,Yes,0,2021-05-08,2022-11-18,684.22,986
CUST10477,Caleb Perry,Ohio,High School,Female,63,No,0,2022-12-27,2024-02-26,163.4,521
CUST10938,John Price,California,PhD,Male,44,No,2,2020-08-31,2020-10-07,245.6,1758
CUST10912,Diana Clark,Florida,High School,Non-Binary,46,Yes,1,2024-03-23,2024-09-13,95.8,321
CUST10581,Raymond Kelly,Ohio,PhD,Male,40,No,2,2021-05-08,2023-09-15,228.26,685
CUST10687,Deborah Gibson,Texas,High School,Male,48,Yes,2,2024-06-21,2024-10-05,143.59,299
CUST10575,Beth Jensen,Colorado,Bachelor,Non-Binary,59,Yes,2,2024-07-27,2025-01-02,139.82,210
CUST10047,Joseph Jones,New York,Bachelor,Female,75,Yes,1,2022-07-29,2023-05-10,478.32,813
CUST10089,Alexandria Scott,Colorado,Bachelor,Male,21,Yes,2,2023-08-16,2025-02-18,109.5,163
CUST10980,Mike Alvarado,New York,Bachelor,Male,45,No,0,2023-12-09,2024-05-09,143.58,448
CUST10949,Craig Cook,Ohio,Master,Female,39,Yes,0,2022-04-28,2023-06-27,133.63,765
CUST10360,Michael Wright,Illinois,Associate,Non-Binary,18,Yes,1,2021-04-25,2025-05-08,414.56,84
CUST10166,Ashley Burns,New York,PhD,Female,78,Yes,1,2023-10-24,2024-08-16,291.5,349
CUST10800,Michael Tate,Colorado,Associate,Male,39,Yes,0,2023-10-30,2023-11-14,124.82,625
CUST10143,Catherine Church,Georgia,PhD,Non-Binary,74,No,2,2023-09-12,2023-11-20,119.81,619
CUST10350,Haley Herring,New York,High School,Male,33,No,2,2023-07-02,2023-08-31,326.3,700
CUST10261,Richard Thomas,Texas,Master,Male,45,Yes,0,2021-08-06,2024-02-09,318.51,538
CUST10610,Dillon Goodman,Colorado,Bachelor,Female,47,Yes,1,2022-08-04,2025-04-17,130.04,105
CUST10423,Danielle Miller,Arizona,PhD,Female,51,No,0,2023-05-31,2024-08-30,202.52,335
CUST10694,Lauren Williams,Ohio,PhD,Non-Binary,29,Yes,1,2023-06-18,2024-10-18,447.67,286
CUST10138,Chelsea James,Texas,PhD,Male,69,No,2,2024-06-14,2025-04-11,249.48,111
CUST10369,Matthew Coleman,New York,Associate,Female,73,Yes,1,2024-07-26,2025-04-24,67.45,98
CUST10815,Carol Peterson MD,Washington,Master,Non-Binary,46,Yes,3,2024-06-17,2025-04-20,361.99,102
CUST10607,Adrienne Thomas,Georgia,Bachelor,Male,24,Yes,1,2023-08-01,2023-10-10,291.66,660
CUST10288,David Strickland,Georgia,Master,Male,27,No,0,2022-08-13,2025-05-29,138.62,63
CUST10272,Ray Lopez,Arizona,Master,Female,24,No,2,2022-10-23,2024-12-01,476.16,242
CUST10277,Jason Terry,Washington,Master,Male,60,Yes,0,2020-11-08,2021-05-05,137.43,1548
CUST10102,Tyler Black,Texas,PhD,Male,34,No,1,2022-05-16,2024-11-01,694.96,272
CUST10791,Leon Austin,Texas,Bachelor,Male,40,No,1,2024-02-12,2024-09-24,752.9,310
CUST10740,Alisha Miles,Arizona,PhD,Female,63,Yes,0,2023-08-22,2025-05-19,143.7,73
CUST10790,Michael Mitchell,Georgia,Master,Non-Binary,45,No,1,2022-07-19,2024-12-28,147.48,215
CUST10919,Dr. Jennifer Williamson DDS,Ohio,PhD,Male,62,No,0,2022-01-16,2025-01-06,416.58,206
CUST10357,John Thomas,Ohio,Master,Female,63,Yes,0,2023-03-10,2025-05-14,151.82,78
CUST10025,Timothy Wright,Ohio,Master,Female,58,Yes,2,2021-06-12,2023-04-19,410.59,834
CUST10267,Melissa Marshall,Arizona,Associate,Non-Binary,57,Yes,1,2023-04-03,2023-12-03,1011.18,606
CUST10635,Sherry Stanley,Washington,Associate,Female,39,No,1,2023-12-28,2024-03-21,342.07,497
CUST10730,Willie Chandler,Georgia,Associate,Male,27,No,2,2022-06-21,2025-04-25,231.29,97
CUST10945,Stephanie Ramos,Ohio,Associate,Male,62,No,0,2021-10-22,2023-08-14,125.06,717
CUST10999,Virginia Torres,Arizona,Bachelor,Male,76,Yes,2,2022-09-01,2024-03-07,423.12,511
CUST10346,Maria Johnson,California,Associate,Male,58,No,1,2022-08-26,2024-09-13,85.89,321
CUST10670,Logan Cohen,Illinois,Bachelor,Non-Binary,75,No,1,2024-03-10,2024-06-08,216.12,418
CUST10087,Tina Singh,Arizona,Bachelor,Male,44,No,1,2023-10-28,2025-04-25,282.48,97
CUST10086,Perry Cooke,Florida,High School,Female,47,Yes,1,2022-11-13,2023-11-03,253.54,636
CUST10846,Donna Carlson,Georgia,Master,Female,50,Yes,1,2022-01-12,2024-05-21,325.6,436
CUST10293,Susan Davis,Illinois,Master,Male,45,Yes,2,2021-09-22,2022-04-16,185.28,1202
CUST10925,Dr. Joshua Patel,Arizona,PhD,Female,53,Yes,0,2022-11-10,2024-09-27,122.27,307
CUST10513,Jacob Hamilton,Arizona,Bachelor,Non-Binary,73,No,2,2023-04-26,2023-11-22,251.79,617
CUST10444,Charles Lee,Colorado,Associate,Non-Binary,37,No,2,2022-02-26,2023-05-24,327.0,799
CUST10649,Michael Bailey,Florida,PhD,Female,79,No,0,2023-06-18,2024-04-01,140.92,486
CUST10523,Angela Allen,California,Associate,Female,46,No,0,2020-09-21,2024-04-09,396.9,478
CUST10114,Melissa Hall,Washington,Master,Non-Binary,25,Yes,0,2022-02-13,2023-06-16,286.34,776
CUST10054,Taylor Cook,California,Master,Male,40,Yes,0,2024-07-15,2025-04-12,121.05,110
CUST10414,Kenneth Davis,Arizona,High School,Male,27,No,0,2022-01-19,2025-01-14,272.67,198
CUST10157,Justin Wilson PhD,Texas,High School,Male,76,Yes,0,2024-04-08,2025-03-03,204.69,150
CUST10014,Matthew Alvarez,Texas,High School,Non-Binary,40,No,2,2022-09-12,2023-08-19,222.91,712
CUST10645,Scott Daniels,Ohio,Bachelor,Female,41,Yes,2,2023-05-24,2025-01-05,183.53,207
CUST10694,Lauren Williams,Ohio,PhD,Non-Binary,29,Yes,1,2023-06-18,2024-11-19,301.78,254
CUST10456,Ronald Myers,Arizona,Associate,Non-Binary,39,Yes,2,2021-09-29,2022-10-09,223.12,1026
CUST10782,Keith Alvarez,Illinois,Associate,Non-Binary,51,No,0,2022-07-27,2022-10-23,621.17,1012
CUST10428,Tonya White,Colorado,High School,Male,41,No,2,2024-03-14,2025-04-29,265.96,93
CUST10536,Stephanie Munoz,California,Bachelor,Female,59,Yes,0,2020-08-28,2025-04-15,390.72,107
CUST10101,Melissa Flores,Georgia,Master,Non-Binary,78,No,2,2023-01-06,2023-05-13,989.14,810
CUST10722,Jerry Castaneda,California,Associate,Female,29,No,1,2023-08-24,2023-12-17,229.65,592
CUST10952,Courtney Jimenez,California,Associate,Non-Binary,76,No,4,2024-05-30,2024-05-31,319.84,426
CUST10136,Jennifer Moore,Florida,Master,Male,64,No,0,2021-07-15,2025-05-27,467.74,65
CUST10585,Monica Lawson,Colorado,Master,Male,57,No,1,2020-10-18,2023-11-20,165.51,619
CUST10598,April Edwards,Georgia,Associate,Female,35,No,1,2023-09-18,2025-06-06,169.31,55
CUST10328,Ariel Love,California,Master,Female,79,No,0,2024-07-24,2024-12-16,225.98,227
CUST10425,Scott Thompson,Washington,High School,Female,53,No,1,2021-06-20,2024-02-21,302.62,526
CUST10050,Marilyn Jackson,New York,Bachelor,Male,32,No,1,2024-06-22,2025-01-01,99.68,211
CUST10613,Maria Parker,Florida,Master,Non-Binary,59,No,2,2022-03-20,2024-02-06,152.71,541
CUST10517,Jonathan Cunningham PhD,Ohio,Master,Non-Binary,54,No,2,2021-02-02,2021-07-27,528.01,1465
CUST10538,Lindsay Jones,Arizona,PhD,Male,23,Yes,0,2021-03-19,2022-03-30,669.08,1219
CUST10951,George Hill,Washington,High School,Female,20,No,0,2020-07-31,2025-01-02,231.3,210
CUST10275,Gavin Martinez,Colorado,Associate,Non-Binary,22,Yes,2,2021-08-04,2022-02-25,104.83,1252
CUST10791,Leon Austin,Texas,Bachelor,Male,40,No,1,2024-02-12,2024-03-06,67.81,512
CUST10473,Christopher Daniels,Georgia,Associate,Male,63,No,2,2024-05-20,2025-06-25,395.33,36
CUST10319,Scott Perez,Florida,High School,Non-Binary,47,Yes,1,2021-09-19,2022-06-01,84.76,1156
CUST10658,Matthew Flowers,Illinois,Bachelor,Male,60,No,0,2022-09-19,2024-10-18,149.73,286
CUST10180,Julia Dennis,Washington,PhD,Non-Binary,45,No,0,2021-03-02,2025-03-19,423.0,134
CUST10905,Virginia Ramsey,Georgia,Master,Non-Binary,25,No,2,2022-06-17,2023-12-10,318.9,599
CUST10686,Dennis Kane,Washington,PhD,Female,75,No,3,2023-08-24,2024-05-20,211.66,437
CUST10714,Bradley Williams,Georgia,Associate,Male,75,No,1,2023-05-10,2023-07-09,240.33,753
CUST10134,Travis Barber,Ohio,Bachelor,Male,67,Yes,0,2020-11-15,2024-11-16,428.26,257
CUST10927,Paul Garcia,Texas,Bachelor,Male,54,No,3,2021-02-13,2021-07-18,277.12,1474
CUST10432,Tina Elliott,Washington,Master,Female,49,No,1,2024-05-19,2025-07-23,318.5,8
CUST10260,Karen Kim,California,Master,Non-Binary,54,No,0,2024-03-27,2024-11-12,613.61,261
CUST10971,Mr. David Miranda,Arizona,Master,Non-Binary,58,No,2,2022-08-17,2025-02-26,576.62,155
CUST10526,Walter Dean,Texas,Master,Male,68,Yes,1,2021-05-30,2024-08-19,171.9,346
CUST10129,Christopher Mccann,Washington,Bachelor,Male,69,No,4,2024-04-20,2024-04-24,113.28,463
CUST10850,Elizabeth Edwards,Colorado,Bachelor,Male,34,Yes,1,2022-01-29,2024-07-16,35.02,380
CUST10870,Joshua Anthony,Illinois,Master,Non-Binary,33,Yes,0,2023-03-17,2024-10-15,126.25,289
CUST10053,Melinda Beard,Illinois,High School,Male,60,Yes,1,2021-01-09,2025-01-17,255.85,195
CUST10942,Christie Rodriguez,Washington,PhD,Female,66,No,1,2023-01-23,2024-08-07,218.78,358
CUST10370,Brandi Black,California,High School,Female,42,Yes,1,2023-05-31,2023-08-22,416.6,709
CUST10447,Emily Conner,Florida,High School,Male,76,No,2,2022-06-14,2023-10-06,262.12,664
CUST10552,Margaret Mcfarland,Georgia,Associate,Non-Binary,36,No,2,2024-01-20,2024-09-27,1046.27,307
CUST10477,Caleb Perry,Ohio,High School,Female,63,No,0,2022-12-27,2024-12-19,382.32,224
CUST10404,Brian Reynolds,Florida,PhD,Female,21,Yes,1,2023-11-04,2025-01-17,660.05,195
CUST10421,Kimberly Matthews,California,Bachelor,Male,60,Yes,1,2021-07-17,2024-05-25,458.66,432
CUST10178,Ryan Diaz,Florida,Master,Female,18,Yes,3,2021-07-03,2023-11-23,318.13,616
CUST10081,Lisa Taylor,Georgia,High School,Female,29,Yes,1,2022-08-14,2022-10-25,565.24,1010
CUST10920,Barbara Jackson,Arizona,Master,Female,70,No,1,2021-05-17,2021-09-30,390.27,1400
CUST10054,Taylor Cook,California,Master,Male,40,Yes,0,2024-07-15,2025-07-21,331.93,10
CUST10368,Benjamin Weber,Washington,Associate,Male,34,Yes,2,2021-01-11,2024-01-10,515.84,568
CUST10357,John Thomas,Ohio,Master,Female,63,Yes,0,2023-03-10,2023-11-17,768.0,622
CUST10870,Joshua Anthony,Illinois,Master,Non-Binary,33,Yes,0,2023-03-17,2023-10-21,211.2,649
CUST10465,Juan Zamora,Colorado,High School,Female,51,No,1,2023-03-03,2024-08-16,143.58,349
CUST10369,Matthew Coleman,New York,Associate,Female,73,Yes,1,2024-07-26,2024-11-02,629.31,271
CUST10680,Samantha Johnson,Texas,PhD,Male,80,Yes,0,2022-10-05,2025-04-17,407.5,105
CUST10650,Phillip Taylor,Ohio,PhD,Non-Binary,70,Yes,1,2023-12-13,2024-10-29,137.66,275
CUST10184,Stephen Miller,Colorado,PhD,Male,62,Yes,0,2020-08-25,2021-10-19,146.45,1381
CUST10264,Gabriel Garrison,Colorado,PhD,Non-Binary,45,Yes,1,2020-08-08,2023-09-02,289.46,698
CUST10727,Mary Brown,Ohio,PhD,Female,64,Yes,0,2022-05-27,2024-12-03,390.67,240
CUST10393,Marie Wells,Georgia,Bachelor,Female,35,No,0,2021-01-27,2023-06-22,444.44,770
CUST10955,Nicole Garcia,Colorado,Bachelor,Female,30,Yes,1,2023-11-03,2024-05-27,1108.69,430
CUST10438,Natasha Buchanan,Illinois,High School,Non-Binary,48,Yes,0,2024-01-13,2024-08-10,485.58,355
CUST10058,Jennifer Anderson MD,Florida,PhD,Non-Binary,49,No,3,2021-10-20,2022-03-24,521.92,1225
CUST10918,Thomas Mccormick,Washington,Bachelor,Non-Binary,63,No,1,2022-11-17,2024-05-12,276.28,445
CUST10394,Stuart Young,California,Bachelor,Female,33,No,1,2021-02-10,2021-04-28,350.89,1555
CUST10129,Christopher Mccann,Washington,Bachelor,Male,69,No,4,2024-04-20,2024-11-09,89.08,264
CUST10800,Michael Tate,Colorado,Associate,Male,39,Yes,0,2023-10-30,2025-02-23,76.38,158
CUST10432,Tina Elliott,Washington,Master,Female,49,No,1,2024-05-19,2025-02-05,255.2,176
CUST10103,Brooke Hendricks,Texas,Master,Male,27,Yes,0,2023-08-12,2025-01-01,378.21,211
CUST10405,Kimberly Quinn,Arizona,Bachelor,Male,25,Yes,0,2022-04-13,2022-08-23,721.17,1073
CUST10426,Jessica Anderson,Washington,High School,Female,38,Yes,2,2023-05-10,2023-09-18,114.86,682
CUST10834,Cathy Sanders,Colorado,Associate,Female,78,Yes,0,2021-11-26,2025-06-02,244.95,59
CUST10130,Eric Nelson,Ohio,Bachelor,Female,44,Yes,1,2022-01-19,2023-04-09,225.97,844
CUST10331,Tiffany Washington,Ohio,High School,Male,36,Yes,0,2021-05-08,2025-03-12,32.25,141
CUST10418,Lee Young,Ohio,Bachelor,Male,44,Yes,4,2023-12-30,2025-01-22,450.58,190
CUST10952,Courtney Jimenez,California,Associate,Non-Binary,76,No,4,2024-05-30,2025-05-02,885.23,90
CUST10857,Wayne Brown,Illinois,PhD,Male,41,Yes,1,2024-01-11,2025-05-17,185.3,75
CUST10428,Tonya White,Colorado,High School,Male,41,No,2,2024-03-14,2025-04-14,223.97,108
CUST10429,Steven Simmons,Florida,PhD,Male,71,Yes,1,2021-03-24,2022-03-06,386.27,1243
CUST10405,Kimberly Quinn,Arizona,Bachelor,Male,25,Yes,0,2022-04-13,2022-07-03,137.83,1124
CUST10210,Jon Rich,Illinois,PhD,Non-Binary,34,No,3,2021-08-28,2023-05-18,252.91,805
CUST10822,Laura Roy,Georgia,High School,Male,23,No,2,2024-06-16,2024-10-13,365.51,291
CUST10528,Mr. Gary Graham DDS,Georgia,Master,Male,35,Yes,0,2024-03-04,2024-03-14,108.09,504
CUST10056,Brian Williams,Florida,Master,Non-Binary,60,No,0,2023-03-06,2025-01-26,330.3,186
CUST10848,Brandon Phillips,Washington,Bachelor,Male,55,No,4,2023-03-02,2024-12-10,34.09,233
CUST10159,Anthony Floyd,New York,High School,Male,58,No,4,2024-03-26,2025-05-06,193.87,86
CUST10212,Joseph Williams,Arizona,Associate,Female,39,No,1,2021-03-13,2022-01-16,502.18,1292
CUST10146,Beverly Webb,Georgia,Master,Female,78,No,2,2023-09-06,2025-03-07,323.64,146
CUST10570,Jennifer Williams,Ohio,High School,Male,28,Yes,1,2022-11-07,2023-06-02,116.0,790
CUST10589,Nathan Sanders,Texas,PhD,Male,71,Yes,3,2022-02-01,2024-07-08,399.4,388
CUST10385,Stephen Gray,New York,Associate,Female,25,No,4,2022-04-10,2024-10-04,647.36,300
CUST10127,Courtney Cuevas,Illinois,High School,Non-Binary,58,Yes,0,2020-09-04,2023-05-29,143.74,794
CUST10185,Randy Buchanan,Texas,Associate,Female,70,No,3,2022-09-03,2024-06-09,333.3,417
CUST10051,Mary Mccullough,California,Master,Male,34,No,2,2022-06-27,2022-09-11,209.67,1054
CUST10920,Barbara Jackson,Arizona,Master,Female,70,No,1,2021-05-17,2023-12-03,164.24,606
CUST10911,William Kelley,Florida,Associate,Male,35,No,1,2020-10-20,2025-02-05,73.44,176
CUST10997,Cameron Potts,New York,High School,Male,57,Yes,0,2023-04-22,2025-07-17,119.17,14
CUST10126,Charles Powers,Florida,Associate,Non-Binary,46,No,3,2022-10-12,2023-12-04,420.94,605
CUST10679,Ann Rose,Arizona,Associate,Male,54,Yes,0,2022-10-04,2024-09-21,297.05,313
CUST10948,Patricia Koch,Texas,PhD,Male,28,Yes,2,2021-01-07,2023-09-04,281.09,696
CUST10939,Brian Carson,Georgia,PhD,Female,22,No,3,2021-07-28,2024-04-21,386.73,466
CUST10851,Robert Arnold,Ohio,Associate,Male,43,No,1,2024-01-09,2024-05-24,180.62,433
CUST10496,Haley Dyer,Florida,Bachelor,Female,53,No,0,2023-11-17,2025-04-20,53.48,102
CUST10538,Lindsay Jones,Arizona,PhD,Male,23,Yes,0,2021-03-19,2022-04-30,494.82,1188
CUST10163,Scott Mitchell,California,Associate,Non-Binary,28,Yes,2,2020-10-22,2024-05-25,288.96,432
CUST10599,Laura Charles,Arizona,Associate,Male,20,No,2,2022-08-30,2023-09-28,325.69,672
CUST10858,Lisa Wong,Arizona,Master,Female,75,Yes,2,2021-02-19,2025-07-05,69.61,26
CUST10362,Mark Hernandez,Ohio,PhD,Female,62,No,0,2021-06-17,2021-12-30,651.71,1309
CUST10163,Scott Mitchell,California,Associate,Non-Binary,28,Yes,2,2020-10-22,2021-03-31,99.14,1583
CUST10735,Elizabeth Gilbert,Texas,Bachelor,Male,70,No,0,2021-12-31,2023-07-15,403.19,747
CUST10898,Heather Chavez,New York,Associate,Non-Binary,21,Yes,2,2024-04-21,2025-03-26,219.37,127
CUST10547,Amanda Hall,Washington,Associate,Female,28,No,2,2023-07-03,2024-08-24,251.5,341
CUST10589,Nathan Sanders,Texas,PhD,Male,71,Yes,3,2022-02-01,2024-01-25,713.08,553
CUST10094,Dr. Clinton Lopez,Colorado,Bachelor,Female,54,No,2,2022-09-13,2024-05-19,320.02,438
CUST10713,Charles Travis,New York,PhD,Male,23,No,3,2023-10-08,2024-08-22,39.86,343
CUST10051,Mary Mccullough,California,Master,Male,34,No,2,2022-06-27,2023-03-24,565.3,860
CUST10566,Renee Reed,Florida,Associate,Female,54,No,1,2023-09-18,2023-11-19,374.56,620
CUST10660,Erin Pham,California,Master,Female,26,No,2,2024-02-11,2024-03-23,230.71,495
CUST10261,Richard Thomas,Texas,Master,Male,45,Yes,0,2021-08-06,2023-02-16,472.79,896
CUST10499,Kathryn Campbell,Florida,Associate,Female,34,No,1,2023-11-13,2024-08-10,600.32,355
CUST10465,Juan Zamora,Colorado,High School,Female,51,No,1,2023-03-03,2025-02-06,331.99,175
CUST10247,Lawrence Garcia,New York,Bachelor,Male,72,No,1,2021-12-31,2023-07-13,202.81,749
CUST10857,Wayne Brown,Illinois,PhD,Male,41,Yes,1,2024-01-11,2025-06-10,266.71,51
CUST10906,Kenneth Smith,California,High School,Male,68,Yes,1,2022-05-02,2025-01-12,507.88,200
CUST10098,Madeline Gamble,Washington,Bachelor,Male,40,Yes,2,2024-04-01,2024-08-18,204.09,347
CUST10116,Ellen Alexander,Colorado,High School,Male,37,Yes,1,2020-11-14,2023-01-27,209.06,916
CUST10949,Craig Cook,Ohio,Master,Female,39,Yes,0,2022-04-28,2025-05-06,236.02,86
CUST10012,Andrew White,Colorado,Master,Male,49,No,3,2020-11-09,2024-02-17,390.78,530
CUST10098,Madeline Gamble,Washington,Bachelor,Male,40,Yes,2,2024-04-01,2025-02-27,200.03,154
CUST10688,Christine Martinez,New York,Associate,Male,54,Yes,1,2024-02-24,2024-04-08,117.53,479
CUST10173,David Sanchez,Arizona,PhD,Non-Binary,54,Yes,1,2022-01-11,2023-09-01,183.98,699
CUST10143,Catherine Church,Georgia,PhD,Non-Binary,74,No,2,2023-09-12,2023-12-18,282.11,591
CUST10220,Elizabeth Monroe,Illinois,PhD,Female,61,Yes,3,2023-04-26,2025-02-10,103.42,171
CUST10459,Michael Williams,Ohio,High School,Non-Binary,43,No,2,2022-07-21,2022-12-24,290.31,950
CUST10487,Theresa Crawford,Georgia,PhD,Male,18,Yes,1,2023-11-04,2024-09-06,521.12,328
CUST10286,Nicole Porter DVM,New York,Master,Male,46,Yes,0,2024-02-09,2024-12-28,274.91,215
CUST10586,Robert Peck,California,PhD,Female,68,No,2,2021-09-03,2025-02-20,335.72,161
CUST10617,Dr. Stacy Cervantes,California,Master,Male,54,No,3,2024-04-18,2024-07-26,320.91,370
CUST10938,John Price,California,PhD,Male,44,No,2,2020-08-31,2023-06-02,91.47,790
CUST10527,Jessica Green,California,Associate,Male,64,No,1,2021-09-29,2023-06-26,186.77,766
CUST10805,Kyle Vaughn,Colorado,PhD,Male,61,No,2,2023-08-28,2025-06-08,165.76,53
CUST10110,Christopher Mccormick,New York,Associate,Male,48,Yes,2,2022-12-10,2024-09-20,298.91,314
CUST10421,Kimberly Matthews,California,Bachelor,Male,60,Yes,1,2021-07-17,2023-04-29,170.85,824
CUST10806,Amanda Willis,Ohio,PhD,Non-Binary,66,Yes,4,2024-02-14,2024-12-17,327.15,226
CUST10951,George Hill,Washington,High School,Female,20,No,0,2020-07-31,2022-04-29,67.49,1189
CUST10141,Paul Mcdaniel,Arizona,High School,Male,49,No,3,2023-03-14,2025-05-24,326.54,68
CUST10935,Scott Wood MD,California,High School,Male,78,No,0,2023-02-05,2023-05-02,528.88,821
CUST10628,Joseph Mcbride,Ohio,Master,Non-Binary,66,Yes,3,2024-01-27,2024-05-26,52.31,431
CUST10286,Nicole Porter DVM,New York,Master,Male,46,Yes,0,2024-02-09,2024-07-19,492.43,377
CUST10795,Jamie Gardner,Washington,Associate,Female,47,No,1,2020-11-12,2022-01-29,231.33,1279
CUST10971,Mr. David Miranda,Arizona,Master,Non-Binary,58,No,2,2022-08-17,2024-12-28,182.46,215
CUST10094,Dr. Clinton Lopez,Colorado,Bachelor,Female,54,No,2,2022-09-13,2025-02-23,317.86,158
CUST10058,Jennifer Anderson MD,Florida,PhD,Non-Binary,49,No,3,2021-10-20,2023-05-28,672.95,795
CUST10992,Sheila Gonzales,Arizona,Associate,Female,48,Yes,1,2022-07-07,2023-01-16,73.7,927
CUST10193,Willie Riley,Texas,PhD,Non-Binary,46,Yes,1,2023-08-19,2024-01-06,484.07,572
CUST10290,Pamela Richardson,Texas,Master,Male,68,Yes,1,2020-11-20,2021-04-25,224.29,1558
CUST10368,Benjamin Weber,Washington,Associate,Male,34,Yes,2,2021-01-11,2022-01-28,226.45,1280
CUST10820,David Ramirez,Florida,Associate,Non-Binary,74,Yes,1,2022-03-16,2025-01-10,184.93,202
CUST10168,Cynthia Bradley,Illinois,Bachelor,Female,58,No,1,2021-05-09,2025-04-17,361.71,105
CUST10973,Sherri Pearson,Illinois,Associate,Female,76,No,0,2024-02-20,2025-03-02,411.57,151
CUST10920,Barbara Jackson,Arizona,Master,Female,70,No,1,2021-05-17,2023-08-12,583.03,719
CUST10149,Kayla Ortiz,Washington,PhD,Non-Binary,73,No,2,2022-11-09,2023-07-14,499.43,748
CUST10589,Nathan Sanders,Texas,PhD,Male,71,Yes,3,2022-02-01,2024-07-29,176.72,367
CUST10883,Susan Larson,Texas,PhD,Female,58,No,0,2022-01-06,2023-07-10,510.73,752
CUST10155,Gavin Olson,Ohio,Associate,Non-Binary,50,No,1,2021-02-05,2022-06-16,59.11,1141
CUST10646,Michael Flores,New York,PhD,Female,21,No,1,2022-01-09,2025-01-28,621.93,184
CUST10314,Yolanda Wilson,Texas,Bachelor,Male,71,Yes,1,2022-03-25,2024-07-02,177.37,394
CUST10641,Joshua Mccormick,Texas,PhD,Male,52,No,3,2022-12-15,2025-05-26,322.69,66
CUST10007,Lori Murphy,Georgia,Associate,Female,22,No,2,2024-03-25,2024-06-04,282.56,422
CUST10976,Dennis Turner,California,Master,Male,30,Yes,2,2024-05-17,2024-06-24,226.67,402
CUST10888,James Wilkins,Florida,Associate,Non-Binary,52,Yes,3,2023-04-16,2024-05-16,962.53,441
CUST10020,Christopher Sparks,Florida,Bachelor,Female,31,No,0,2023-09-19,2024-10-01,323.81,303
CUST10602,William Reed,Florida,High School,Female,69,No,0,2021-05-06,2023-04-12,577.39,841
CUST10087,Tina Singh,Arizona,Bachelor,Male,44,No,1,2023-10-28,2024-05-02,199.26,455
CUST10100,Timothy Cook,Georgia,High School,Female,39,Yes,1,2024-07-28,2025-06-18,375.37,43
CUST10034,Grant Wood,Illinois,PhD,Male,49,Yes,0,2022-06-24,2022-11-20,214.68,984
CUST10649,Michael Bailey,Florida,PhD,Female,79,No,0,2023-06-18,2023-09-14,151.59,686
CUST10364,Douglas Sullivan DDS,Arizona,Master,Male,80,No,0,2023-01-30,2023-02-17,87.26,895
CUST10058,Jennifer Anderson MD,Florida,PhD,Non-Binary,49,No,3,2021-10-20,2022-03-19,92.16,1230
CUST10174,Michael Velazquez,Texas,Bachelor,Non-Binary,40,No,2,2022-10-23,2023-07-12,231.32,750
CUST10593,Phillip Padilla,Arizona,High School,Female,55,No,0,2020-12-08,2022-02-16,525.96,1261
CUST10628,Joseph Mcbride,Ohio,Master,Non-Binary,66,Yes,3,2024-01-27,2024-07-11,235.55,385
CUST10101,Melissa Flores,Georgia,Master,Non-Binary,78,No,2,2023-01-06,2024-12-02,454.05,241
CUST10392,Philip Moore,Illinois,Bachelor,Male,37,No,0,2021-01-13,2025-01-30,146.46,182
CUST10334,Luis Davies,Arizona,Bachelor,Non-Binary,68,No,1,2024-06-26,2025-01-29,220.54,183
CUST10761,Richard Thomas,Georgia,Bachelor,Female,58,No,1,2023-01-01,2025-06-09,324.65,52
CUST10438,Natasha Buchanan,Illinois,High School,Non-Binary,48,Yes,0,2024-01-13,2025-04-25,167.31,97
CUST10049,Mathew Schmidt,Arizona,Associate,Female,66,Yes,2,2021-07-25,2025-06-17,709.53,44
CUST10259,Nicholas Carter,Texas,High School,Non-Binary,32,Yes,3,2023-03-31,2025-06-07,203.78,54
CUST10695,Jennifer Burton,Washington,Master,Male,72,Yes,0,2024-04-05,2024-06-27,442.8,399
CUST10409,Gwendolyn Brooks,Illinois,High School,Female,26,Yes,0,2021-04-01,2024-10-01,358.72,303
CUST10023,Joshua Norris,New York,Bachelor,Female,60,Yes,1,2022-01-25,2025-06-01,262.5,60
CUST10605,Cynthia Schroeder,Ohio,PhD,Non-Binary,33,No,4,2021-11-28,2022-06-30,218.76,1127
CUST10610,Dillon Goodman,Colorado,Bachelor,Female,47,Yes,1,2022-08-04,2025-03-14,590.43,139
CUST10697,John Butler,Ohio,High School,Non-Binary,25,Yes,3,2022-12-25,2024-03-04,88.92,514
CUST10351,Terri Newman,Georgia,Master,Non-Binary,51,No,1,2020-10-11,2021-07-25,471.12,1467
CUST10031,Albert Anderson,New York,High School,Non-Binary,39,No,1,2022-01-17,2022-04-16,351.93,1202
CUST10388,Ronald Ramirez,Illinois,High School,Male,50,No,2,2022-05-24,2023-03-13,260.85,871
CUST10443,Andrew Thomas,Illinois,Master,Male,61,Yes,2,2021-10-24,2023-01-07,456.98,936
CUST10372,Jennifer Sullivan,Ohio,PhD,Female,50,No,0,2023-05-30,2024-12-08,153.4,235
CUST10576,Laura Miller,Texas,PhD,Female,29,No,3,2023-05-18,2024-01-28,23.43,550
CUST10031,Albert Anderson,New York,High School,Non-Binary,39,No,1,2022-01-17,2022-08-31,230.85,1065
CUST10161,Barbara Jones,Ohio,High School,Male,54,Yes,1,2024-04-21,2025-07-12,1034.44,19
CUST10961,Charles Mayer,New York,Bachelor,Female,65,No,0,2021-09-04,2025-05-06,45.69,86
CUST10021,Kimberly Hester,Ohio,Associate,Male,35,Yes,0,2021-03-03,2022-06-18,477.25,1139
CUST10301,Chloe Morrison,Florida,Master,Female,23,Yes,3,2021-06-18,2024-02-23,371.61,524
CUST10930,Anthony Neal,Texas,High School,Non-Binary,64,Yes,0,2023-03-24,2024-07-13,143.43,383
CUST10000,Chloe Sanford,Colorado,Associate,Non-Binary,77,No,1,2024-07-04,2024-07-10,66.47,386
CUST10293,Susan Davis,Illinois,Master,Male,45,Yes,2,2021-09-22,2025-06-01,300.65,60
CUST10397,Jennifer Patel,Texas,Bachelor,Non-Binary,70,Yes,1,2023-03-17,2023-04-17,358.6,836
CUST10565,Matthew Stone,Washington,High School,Female,59,Yes,3,2023-01-12,2025-07-13,837.3,18
CUST10917,Beth Henry,Illinois,Bachelor,Female,51,No,1,2024-01-02,2024-03-08,478.18,510
CUST10419,Gina Klein,Arizona,Bachelor,Male,36,No,2,2020-11-28,2021-09-29,745.24,1401
CUST10864,Travis Christensen,California,Bachelor,Non-Binary,65,No,1,2024-07-26,2024-08-08,96.01,357
CUST10117,Jeffrey Miles,Arizona,High School,Male,21,Yes,2,2020-09-28,2023-10-08,177.6,662
CUST10880,Aaron Weber,Georgia,Associate,Male,22,Yes,2,2022-05-08,2022-08-04,293.88,1092
CUST10900,Larry Long,Ohio,Associate,Male,41,No,0,2023-09-02,2024-01-12,626.64,566
CUST10603,Joseph Lee MD,California,Associate,Non-Binary,65,No,0,2021-04-07,2022-02-10,130.2,1267
CUST10258,Gregory Baker,Colorado,PhD,Female,73,Yes,1,2023-02-09,2024-09-26,58.57,308
CUST10800,Michael Tate,Colorado,Associate,Male,39,Yes,0,2023-10-30,2024-07-09,306.57,387
CUST10301,Chloe Morrison,Florida,Master,Female,23,Yes,3,2021-06-18,2024-08-16,630.1,349
CUST10287,Megan Leon,Illinois,High School,Female,78,No,0,2023-01-09,2024-11-04,549.17,269
CUST10078,Elizabeth Hall,California,Master,Male,51,No,2,2024-04-24,2024-05-31,325.33,426
CUST10201,Debra Chavez,Washington,Master,Non-Binary,70,Yes,1,2023-08-07,2024-02-20,475.79,527
CUST10939,Brian Carson,Georgia,PhD,Female,22,No,3,2021-07-28,2024-06-17,187.02,409
CUST10214,Philip Taylor,California,High School,Male,46,No,1,2022-11-02,2024-07-15,171.63,381
CUST10814,Kristin Beard,Texas,Master,Non-Binary,47,Yes,2,2022-01-08,2022-02-13,367.05,1264
CUST10574,David Jensen,New York,Bachelor,Non-Binary,51,No,4,2021-05-11,2023-11-15,494.21,624
CUST10926,Amy Smith,Colorado,PhD,Female,36,No,1,2023-07-27,2024-10-31,227.66,273
CUST10674,Robert Turner,Ohio,Associate,Female,78,No,1,2021-10-06,2024-08-29,217.53,336
CUST10143,Catherine Church,Georgia,PhD,Non-Binary,74,No,2,2023-09-12,2024-06-04,383.09,422
CUST10132,Mark Ross,Florida,Bachelor,Male,24,No,2,2022-07-14,2022-08-31,369.82,1065
CUST10543,Amber Lewis,Georgia,High School,Male,46,Yes,3,2023-07-09,2024-04-28,326.19,459
CUST10036,Matthew Pierce,Arizona,Bachelor,Non-Binary,64,Yes,0,2021-02-13,2024-10-19,451.07,285
CUST10572,Kristen Reynolds,Colorado,Master,Male,52,No,2,2024-05-19,2025-02-25,498.15,156
CUST10895,William Baker,Arizona,High School,Female,63,Yes,1,2022-08-30,2025-01-20,300.44,192
CUST10806,Amanda Willis,Ohio,PhD,Non-Binary,66,Yes,4,2024-02-14,2024-03-08,634.86,510
CUST10557,Shane Ross,Texas,Associate,Male,23,Yes,3,2021-03-15,2022-07-18,533.26,1109
CUST10533,Sara Mccullough,Washington,Master,Male,28,Yes,3,2020-08-27,2020-10-30,190.21,1735
CUST10945,Stephanie Ramos,Ohio,Associate,Male,62,No,0,2021-10-22,2023-01-21,471.63,922
CUST10236,Tonya Brady,Texas,High School,Female,77,Yes,1,2023-12-24,2023-12-24,90.31,585
CUST10338,Charles Davis,Arizona,Master,Female,50,Yes,3,2023-07-14,2024-02-21,434.97,526
CUST10523,Angela Allen,California,Associate,Female,46,No,0,2020-09-21,2024-01-11,661.02,567
CUST10519,Angela Smith,Georgia,Associate,Male,25,No,0,2023-09-23,2024-11-25,510.7,248
CUST10722,Jerry Castaneda,California,Associate,Female,29,No,1,2023-08-24,2025-07-19,404.36,12
CUST10354,Jennifer Marshall,New York,Master,Non-Binary,45,No,1,2021-05-19,2023-02-14,374.05,898
CUST10165,Ashley Kim,Illinois,Master,Non-Binary,32,Yes,0,2021-09-25,2025-04-29,521.79,93
CUST10765,Michael Bailey,Illinois,PhD,Female,72,No,0,2022-05-26,2022-11-19,314.29,985
CUST10031,Albert Anderson,New York,High School,Non-Binary,39,No,1,2022-01-17,2024-07-20,327.34,376
CUST10903,Catherine Bautista,Arizona,Bachelor,Male,59,No,0,2021-11-06,2022-12-02,185.88,972
CUST10263,Rodney James,Ohio,High School,Non-Binary,61,No,0,2023-11-20,2025-07-19,257.83,12
CUST10200,Nicole Maynard,Texas,Bachelor,Female,51,Yes,1,2021-08-30,2022-11-29,242.35,975
CUST10199,David Nguyen,Colorado,Associate,Female,70,Yes,1,2023-09-10,2024-04-14,65.43,473
CUST10063,James Allen,Washington,High School,Non-Binary,47,No,2,2021-08-11,2021-12-07,102.05,1332
CUST10381,Jeffrey Cook,Arizona,Master,Female,21,No,1,2021-06-16,2022-04-17,216.81,1201
CUST10938,John Price,California,PhD,Male,44,No,2,2020-08-31,2022-06-11,169.21,1146
CUST10144,Jennifer Santiago,Florida,Master,Female,61,Yes,0,2022-05-16,2024-10-03,901.38,301
CUST10569,Brandon Castro,Illinois,Master,Non-Binary,35,Yes,2,2022-06-29,2025-04-16,356.68,106
CUST10523,Angela Allen,California,Associate,Female,46,No,0,2020-09-21,2021-11-30,337.79,1339
CUST10328,Ariel Love,California,Master,Female,79,No,0,2024-07-24,2024-09-12,562.1,322
CUST10916,Morgan Smith,Texas,Associate,Non-Binary,74,No,3,2021-03-06,2021-06-24,680.28,1498
CUST10729,James Jackson,Illinois,Bachelor,Male,75,No,0,2024-02-08,2025-04-17,293.08,105
CUST10111,Samantha Patton,Florida,Master,Male,42,No,2,2021-04-23,2023-04-11,176.51,842
CUST10509,Andrew Griffith,Washington,PhD,Male,32,No,0,2023-08-20,2024-05-03,209.05,454
CUST10199,David Nguyen,Colorado,Associate,Female,70,Yes,1,2023-09-10,2024-10-10,146.95,294
CUST10558,Andrew Rivera,Colorado,High School,Male,69,No,2,2024-06-13,2025-07-11,156.93,20
CUST10168,Cynthia Bradley,Illinois,Bachelor,Female,58,No,1,2021-05-09,2024-05-08,314.98,449
CUST10760,Becky May,Colorado,Master,Female,23,Yes,2,2024-06-07,2025-03-03,438.32,150
CUST10943,Olivia Morgan,Colorado,Master,Non-Binary,18,Yes,0,2024-07-02,2024-11-04,438.48,269
CUST10883,Susan Larson,Texas,PhD,Female,58,No,0,2022-01-06,2025-03-13,261.61,140
CUST10420,Melissa Church,Arizona,Master,Female,64,Yes,0,2024-02-12,2024-03-07,301.01,511
CUST10211,Jessica Calhoun,Texas,High School,Male,36,No,1,2020-09-21,2022-11-30,201.64,974
CUST10412,James Gonzalez,California,PhD,Male,33,No,0,2024-05-06,2024-10-04,451.77,300
CUST10743,Tamara Miller,Georgia,Master,Male,78,Yes,1,2023-07-17,2023-12-15,22.53,594
CUST10700,Robert Rodgers,Arizona,High School,Female,34,Yes,0,2024-06-13,2024-07-31,157.39,365
CUST10482,Mark Clark,Arizona,Bachelor,Male,39,No,1,2020-08-15,2023-10-15,80.43,655
CUST10927,Paul Garcia,Texas,Bachelor,Male,54,No,3,2021-02-13,2022-04-27,935.15,1191
CUST10963,Tyler Snyder,Colorado,Bachelor,Non-Binary,23,No,0,2021-06-12,2023-10-23,193.47,647
CUST10930,Anthony Neal,Texas,High School,Non-Binary,64,Yes,0,2023-03-24,2025-05-26,733.99,66
CUST10589,Nathan Sanders,Texas,PhD,Male,71,Yes,3,2022-02-01,2023-06-13,264.02,779
CUST10061,Robert Humphrey,Florida,Bachelor,Female,33,Yes,2,2023-08-04,2025-06-29,412.71,32
CUST10787,Louis Gibson,Colorado,Associate,Non-Binary,47,No,1,2024-07-04,2024-09-26,99.01,308
CUST10152,Catherine Santiago,New York,Master,Female,75,No,1,2021-05-10,2023-06-22,299.63,770
CUST10524,Cassie Ray,California,Bachelor,Non-Binary,46,No,0,2024-06-25,2024-11-22,367.91,251
CUST10167,Grant Gonzales,Ohio,Bachelor,Female,53,Yes,2,2023-02-25,2025-06-21,480.37,40
CUST10789,Chelsea Jenkins,Florida,PhD,Female,30,No,1,2022-12-11,2023-08-22,702.5,709
CUST10748,Valerie Miller,Texas,PhD,Male,27,Yes,0,2020-12-03,2024-05-30,345.94,427
CUST10861,Angela Johnson,California,High School,Non-Binary,32,No,0,2023-11-16,2024-04-24,578.11,463
CUST10243,Nicholas Johnson,Ohio,Bachelor,Non-Binary,50,Yes,2,2020-12-20,2024-05-25,1048.12,432
CUST10700,Robert Rodgers,Arizona,High School,Female,34,Yes,0,2024-06-13,2025-06-14,58.84,47
CUST10802,April Davis,Arizona,Bachelor,Non-Binary,30,No,4,2023-02-06,2025-07-19,228.82,12
CUST10670,Logan Cohen,Illinois,Bachelor,Non-Binary,75,No,1,2024-03-10,2024-04-25,515.44,462
CUST10849,Nicole Oliver,Georgia,Master,Male,29,No,2,2023-04-02,2023-11-18,268.5,621
CUST10964,Carla Johnson,Washington,PhD,Non-Binary,19,Yes,1,2023-08-04,2024-09-04,128.23,330
CUST10323,Brandon Walton,Washington,Associate,Male,54,Yes,3,2024-07-15,2024-09-16,351.95,318
CUST10745,Robert Mosley,Washington,PhD,Female,20,No,1,2020-08-09,2022-08-18,341.45,1078
CUST10699,Brandi Olson,Georgia,Master,Female,79,No,4,2020-10-02,2023-06-10,95.53,782
CUST10857,Wayne Brown,Illinois,PhD,Male,41,Yes,1,2024-01-11,2025-07-29,233.83,2
CUST10507,William Patel,California,Associate,Female,72,No,1,2022-01-14,2024-12-10,44.19,233
CUST10326,Melissa Price,Texas,Bachelor,Non-Binary,65,No,2,2020-09-11,2024-11-29,61.05,244
CUST10162,Mark Erickson,Texas,Master,Female,43,Yes,2,2023-12-06,2024-08-09,194.41,356
CUST10937,Raven Perry,Ohio,Associate,Male,71,No,2,2022-07-06,2023-03-09,192.0,875
CUST10503,Laurie Hall,Illinois,High School,Female,27,No,0,2021-08-05,2025-06-27,262.7,34
CUST10550,Derrick Daniel,Colorado,Bachelor,Male,77,No,2,2022-03-07,2024-04-09,217.65,478
CUST10366,Sherri Webster,California,Bachelor,Male,80,Yes,2,2022-05-29,2024-09-09,579.74,325
CUST10033,Kelli Robinson,Arizona,PhD,Male,18,No,3,2023-05-28,2024-12-03,949.94,240
CUST10243,Nicholas Johnson,Ohio,Bachelor,Non-Binary,50,Yes,2,2020-12-20,2021-03-30,149.69,1584
CUST10218,Jason Austin,Ohio,PhD,Female,67,Yes,1,2023-03-02,2024-03-05,301.96,513
CUST10985,Melanie Garcia,Florida,Master,Male,22,Yes,2,2020-08-07,2022-06-02,149.55,1155
CUST10971,Mr. David Miranda,Arizona,Master,Non-Binary,58,No,2,2022-08-17,2024-05-23,52.2,434
CUST10425,Scott Thompson,Washington,High School,Female,53,No,1,2021-06-20,2024-01-15,425.57,563
CUST10619,Henry Martinez,Colorado,High School,Male,37,No,0,2021-11-24,2024-07-17,175.85,379
CUST10636,Shannon Gardner,Colorado,Master,Male,23,No,1,2021-10-26,2022-02-17,565.22,1260
CUST10075,Rebecca Acosta,Colorado,Bachelor,Female,78,No,1,2021-09-21,2022-06-19,254.47,1138
CUST10179,Michael King,California,Bachelor,Female,65,No,2,2024-07-06,2024-10-03,154.09,301
CUST10798,Sharon Schneider,Washington,High School,Non-Binary,45,No,2,2021-04-30,2022-09-18,374.98,1047
CUST10118,Hannah Williams,New York,Master,Non-Binary,46,Yes,3,2020-11-19,2021-06-27,519.42,1495
CUST10333,Wendy Ponce,Ohio,Master,Male,60,Yes,4,2024-05-12,2025-07-21,278.93,10
CUST10072,Scott Williams,Florida,Bachelor,Male,54,No,0,2022-03-18,2022-05-08,225.18,1180
CUST10599,Laura Charles,Arizona,Associate,Male,20,No,2,2022-08-30,2024-07-03,431.27,393
CUST10573,Brandy Willis,Arizona,High School,Male,72,Yes,0,2020-08-02,2025-03-01,709.9,152
CUST10033,Kelli Robinson,Arizona,PhD,Male,18,No,3,2023-05-28,2023-07-01,403.81,761
CUST10444,Charles Lee,Colorado,Associate,Non-Binary,37,No,2,2022-02-26,2024-01-02,206.67,576
CUST10625,Jonathan Fernandez II,Ohio,Master,Male,72,No,3,2021-10-24,2022-08-22,131.91,1074
CUST10551,Jennifer King,California,Bachelor,Non-Binary,63,No,3,2022-12-28,2023-06-22,197.36,770
CUST10772,Dorothy Fox,California,High School,Non-Binary,50,Yes,0,2022-01-28,2025-03-23,270.7,130
CUST10022,Chris Collins,Georgia,PhD,Female,59,Yes,2,2022-03-04,2024-05-10,290.8,447
CUST10445,Richard Copeland,Georgia,Associate,Non-Binary,72,Yes,2,2023-12-19,2025-03-10,478.91,143
CUST10199,David Nguyen,Colorado,Associate,Female,70,Yes,1,2023-09-10,2024-10-18,475.63,286
CUST10116,Ellen Alexander,Colorado,High School,Male,37,Yes,1,2020-11-14,2024-05-11,64.52,446
CUST10758,Nicolas Cruz,Illinois,Master,Male,66,No,1,2022-02-25,2023-04-07,294.55,846
CUST10526,Walter Dean,Texas,Master,Male,68,Yes,1,2021-05-30,2024-03-10,307.52,508
CUST10589,Nathan Sanders,Texas,PhD,Male,71,Yes,3,2022-02-01,2022-04-10,273.63,1208
CUST10532,Lee Miller,California,High School,Non-Binary,61,No,0,2021-12-28,2025-03-16,102.69,137
CUST10652,William Underwood,Colorado,Associate,Female,36,No,0,2022-05-12,2024-02-21,195.05,526
CUST10804,Thomas Graham,Texas,Bachelor,Female,34,Yes,2,2022-03-20,2025-06-01,371.51,60
CUST10419,Gina Klein,Arizona,Bachelor,Male,36,No,2,2020-11-28,2023-04-27,636.82,826
CUST10267,Melissa Marshall,Arizona,Associate,Non-Binary,57,Yes,1,2023-04-03,2025-03-10,235.57,143
CUST10669,Jeff Diaz,Ohio,Master,Non-Binary,46,No,0,2023-07-24,2024-06-11,888.04,415
CUST10044,Briana Burgess,Florida,High School,Male,36,Yes,4,2024-03-23,2024-12-20,43.28,223
CUST10773,Leslie Park PhD,Colorado,PhD,Female,41,No,2,2023-09-26,2024-07-18,316.85,378
CUST10428,Tonya White,Colorado,High School,Male,41,No,2,2024-03-14,2025-04-02,575.25,120
CUST10885,Cody Pierce,New York,Bachelor,Male,36,Yes,1,2023-03-28,2025-02-22,156.57,159
CUST10897,Richard Becker,Washington,High School,Male,27,Yes,4,2022-04-22,2022-11-23,283.77,981
CUST10770,Bryan Chavez,New York,High School,Non-Binary,64,No,1,2024-02-08,2024-03-07,76.41,511
CUST10290,Pamela Richardson,Texas,Master,Male,68,Yes,1,2020-11-20,2024-05-01,175.12,456
CUST10741,Dr. Erica Perez,California,Master,Male,73,No,0,2022-03-19,2023-10-22,339.35,648
CUST10592,Suzanne Mclaughlin,Florida,High School,Female,57,No,0,2022-01-02,2023-08-29,150.79,702
CUST10466,James Pope,New York,Master,Female,50,No,1,2021-07-28,2023-03-09,452.94,875
CUST10427,Jesse Robinson,Washington,Master,Male,75,No,0,2022-02-14,2022-05-16,353.32,1172
CUST10359,Erica Cherry,Georgia,PhD,Female,53,No,0,2020-10-08,2020-11-25,228.13,1709
CUST10391,Melissa Patrick,Florida,PhD,Non-Binary,76,No,2,2021-06-08,2025-07-27,365.01,4
CUST10899,Megan Olson,Georgia,Associate,Female,50,Yes,0,2023-03-26,2025-07-28,148.32,3
CUST10507,William Patel,California,Associate,Female,72,No,1,2022-01-14,2024-12-06,156.12,237
CUST10755,Alexander Martinez,Texas,Bachelor,Non-Binary,23,Yes,1,2022-04-15,2022-09-01,452.2,1064
CUST10459,Michael Williams,Ohio,High School,Non-Binary,43,No,2,2022-07-21,2023-03-09,56.96,875
CUST10860,Evelyn Li,Colorado,Master,Non-Binary,45,Yes,2,2022-07-18,2024-05-16,394.92,441
CUST10142,Savannah Williams,Georgia,Associate,Male,79,No,1,2024-07-22,2025-02-03,632.52,178
CUST10813,Brandon Santiago,Arizona,Master,Non-Binary,42,No,0,2023-01-27,2023-08-14,196.89,717
CUST10037,Justin Evans,Georgia,High School,Female,18,Yes,1,2021-11-09,2024-04-26,72.61,461
CUST10572,Kristen Reynolds,Colorado,Master,Male,52,No,2,2024-05-19,2025-06-15,150.32,46
CUST10618,Kelly Beard,Colorado,Bachelor,Non-Binary,58,Yes,1,2021-03-17,2024-04-02,46.2,485
CUST10414,Kenneth Davis,Arizona,High School,Male,27,No,0,2022-01-19,2022-10-07,25.59,1028
CUST10984,David Cowan,Washington,Master,Female,18,Yes,1,2021-02-25,2023-09-09,84.88,691
CUST10383,Willie Green,Colorado,PhD,Non-Binary,74,Yes,1,2022-01-22,2023-10-15,76.03,655
CUST10398,Teresa Gardner,Illinois,High School,Male,72,Yes,3,2023-12-01,2024-11-17,166.63,256
CUST10388,Ronald Ramirez,Illinois,High School,Male,50,No,2,2022-05-24,2025-06-01,280.08,60
CUST10060,Nathaniel Price,California,Master,Female,47,No,2,2022-12-14,2024-11-10,59.92,263
CUST10966,Lauren Taylor,New York,Associate,Non-Binary,30,No,2,2023-12-14,2024-02-07,391.9,540
CUST10015,Kayla Oneill,Texas,PhD,Non-Binary,69,No,2,2021-05-07,2023-02-15,449.93,897
CUST10995,Patrick Harris,California,Associate,Male,56,No,1,2023-04-13,2024-03-06,625.65,512
CUST10563,Jim Johnson PhD,Illinois,Associate,Male,44,No,2,2021-12-27,2024-02-17,417.81,530
CUST10696,Cheryl Payne,Ohio,Associate,Non-Binary,38,No,1,2023-09-07,2024-03-19,251.34,499
CUST10091,Sherry Whitney,Florida,PhD,Male,75,Yes,1,2022-12-05,2024-07-31,234.64,365
CUST10152,Catherine Santiago,New York,Master,Female,75,No,1,2021-05-10,2024-10-29,434.02,275
CUST10440,Linda Merritt,Colorado,Master,Non-Binary,40,Yes,1,2022-04-19,2024-05-11,148.71,446
CUST10518,Heather Mendoza,Arizona,Associate,Male,55,Yes,1,2023-11-28,2024-09-19,308.81,315
CUST10131,Daniel Park,New York,PhD,Non-Binary,39,Yes,3,2022-10-29,2024-03-30,575.1,488
CUST10592,Suzanne Mclaughlin,Florida,High School,Female,57,No,0,2022-01-02,2024-05-02,543.95,455
CUST10516,Anna Fleming,New York,Master,Female,36,No,2,2021-07-13,2022-10-18,375.42,1017
CUST10366,Sherri Webster,California,Bachelor,Male,80,Yes,2,2022-05-29,2024-07-20,526.57,376
CUST10172,Donna Cain,California,Bachelor,Male,19,No,0,2021-10-08,2023-06-20,186.13,772
CUST10305,Heather Russell,Washington,Master,Female,21,Yes,2,2021-12-11,2024-07-14,100.76,382
CUST10898,Heather Chavez,New York,Associate,Non-Binary,21,Yes,2,2024-04-21,2024-05-16,474.9,441
CUST10416,Robin Baker,California,Associate,Female,40,Yes,1,2023-07-10,2023-10-15,233.13,655
CUST10465,Juan Zamora,Colorado,High School,Female,51,No,1,2023-03-03,2024-04-15,225.69,472
CUST10728,Barbara Baker,Florida,Associate,Male,60,Yes,1,2021-10-04,2025-06-23,230.54,38
CUST10979,Carol Paul,Illinois,PhD,Female,55,Yes,1,2022-03-05,2025-06-10,94.5,51
CUST10459,Michael Williams,Ohio,High School,Non-Binary,43,No,2,2022-07-21,2025-02-07,352.35,174
CUST10073,Anthony Smith,California,High School,Female,20,Yes,0,2021-02-09,2025-07-14,242.97,17
CUST10428,Tonya White,Colorado,High School,Male,41,No,2,2024-03-14,2025-04-11,311.45,111
CUST10743,Tamara Miller,Georgia,Master,Male,78,Yes,1,2023-07-17,2023-11-02,230.95,637
CUST10997,Cameron Potts,New York,High School,Male,57,Yes,0,2023-04-22,2024-08-29,504.85,336
CUST10216,Kimberly Parker,Arizona,Associate,Non-Binary,41,Yes,2,2022-11-27,2024-01-18,267.49,560
CUST10515,Brian White,Florida,Master,Female,32,Yes,0,2023-10-10,2024-04-23,725.41,464
CUST10256,Ashley Nunez,California,Bachelor,Male,51,No,0,2021-07-13,2022-10-10,256.53,1025
CUST10398,Teresa Gardner,Illinois,High School,Male,72,Yes,3,2023-12-01,2025-07-01,122.53,30
CUST10836,Brandon Evans,Georgia,High School,Non-Binary,21,Yes,1,2023-03-18,2024-01-28,377.91,550
CUST10496,Haley Dyer,Florida,Bachelor,Female,53,No,0,2023-11-17,2025-07-18,122.43,13
CUST10877,David Vazquez,Arizona,Master,Male,26,Yes,1,2022-10-15,2024-07-26,297.95,370
CUST10390,Dr. Phillip Brooks,Florida,High School,Male,53,Yes,2,2022-05-29,2022-09-29,630.86,1036
CUST10341,Joseph Cox,Florida,Master,Male,35,No,3,2023-04-13,2024-12-26,321.18,217
CUST10561,Joseph Krueger,Florida,Associate,Female,24,Yes,0,2022-06-30,2024-09-29,507.76,305
CUST10304,Adrian Gallagher,Washington,Master,Non-Binary,58,No,2,2023-10-30,2024-02-03,318.48,544
CUST10516,Anna Fleming,New York,Master,Female,36,No,2,2021-07-13,2023-04-11,227.13,842
CUST10408,Jennifer Schultz,Georgia,Bachelor,Non-Binary,69,Yes,2,2023-04-30,2024-04-29,243.75,458
CUST10624,Kelly Ramos,Georgia,High School,Female,35,Yes,2,2021-06-16,2025-03-01,142.87,152
CUST10033,Kelli Robinson,Arizona,PhD,Male,18,No,3,2023-05-28,2024-08-11,663.81,354
CUST10128,Zachary Gonzalez,California,Associate,Female,48,No,1,2023-10-25,2025-02-18,484.37,163
CUST10584,Jennifer Bryan,Ohio,PhD,Male,62,No,1,2021-11-06,2021-12-13,64.96,1326
CUST10269,Elizabeth Salazar,Colorado,High School,Female,55,Yes,0,2021-03-17,2023-01-24,139.65,919
CUST10895,William Baker,Arizona,High School,Female,63,Yes,1,2022-08-30,2025-01-03,255.99,209
CUST10786,Michael Webster,California,Bachelor,Male,40,No,1,2023-09-03,2023-10-04,367.77,666
CUST10861,Angela Johnson,California,High School,Non-Binary,32,No,0,2023-11-16,2024-10-05,331.58,299
CUST10614,Cynthia Campbell,California,Associate,Male,27,No,1,2021-06-01,2023-10-26,217.57,644
CUST10957,Stephanie Mills,Colorado,Associate,Non-Binary,73,Yes,1,2023-06-02,2025-06-16,327.08,45
CUST10532,Lee Miller,California,High School,Non-Binary,61,No,0,2021-12-28,2022-10-04,724.77,1031
CUST10519,Angela Smith,Georgia,Associate,Male,25,No,0,2023-09-23,2024-01-11,558.63,567
CUST10143,Catherine Church,Georgia,PhD,Non-Binary,74,No,2,2023-09-12,2023-11-30,284.57,609
CUST10617,Dr. Stacy Cervantes,California,Master,Male,54,No,3,2024-04-18,2025-06-21,45.38,40
CUST10326,Melissa Price,Texas,Bachelor,Non-Binary,65,No,2,2020-09-11,2020-11-19,99.8,1715
CUST10796,Sarah Larsen,Ohio,Bachelor,Female,74,Yes,1,2024-05-17,2024-05-30,356.3,427
CUST10275,Gavin Martinez,Colorado,Associate,Non-Binary,22,Yes,2,2021-08-04,2023-06-15,278.19,777
CUST10259,Nicholas Carter,Texas,High School,Non-Binary,32,Yes,3,2023-03-31,2023-11-22,245.23,617
CUST10299,Nancy Wu,Arizona,Master,Female,72,No,2,2021-05-09,2024-09-19,167.53,315
CUST10890,Lucas Smith,Colorado,High School,Female,26,No,1,2022-06-07,2023-03-18,484.03,866
CUST10762,Shannon Ross,Texas,Associate,Non-Binary,75,No,4,2023-03-22,2023-07-24,441.87,738
CUST10640,Amanda Yoder,Colorado,Master,Female,57,No,1,2023-02-26,2023-05-02,101.47,821
CUST10743,Tamara Miller,Georgia,Master,Male,78,Yes,1,2023-07-17,2025-03-07,465.87,146
CUST10648,Marcus Anderson,Florida,PhD,Non-Binary,19,No,1,2021-06-24,2024-03-15,505.24,503
CUST10980,Mike Alvarado,New York,Bachelor,Male,45,No,0,2023-12-09,2023-12-15,406.27,594
CUST10948,Patricia Koch,Texas,PhD,Male,28,Yes,2,2021-01-07,2022-03-07,192.4,1242
CUST10854,Brittany Fox,New York,Master,Male,74,Yes,0,2023-04-12,2024-09-23,584.35,311
CUST10880,Aaron Weber,Georgia,Associate,Male,22,Yes,2,2022-05-08,2022-10-08,347.48,1027
CUST10649,Michael Bailey,Florida,PhD,Female,79,No,0,2023-06-18,2025-05-27,106.87,65
CUST10575,Beth Jensen,Colorado,Bachelor,Non-Binary,59,Yes,2,2024-07-27,2024-08-13,790.94,352
CUST10208,Daniel Patton,Arizona,Associate,Male,62,Yes,0,2020-10-29,2022-04-22,324.01,1196
CUST10803,Nicole Berry,Ohio,PhD,Female,36,Yes,2,2023-09-17,2024-09-10,129.18,324
CUST10780,James Ellis,Ohio,PhD,Male,77,No,2,2022-04-01,2024-01-23,104.14,555
CUST10955,Nicole Garcia,Colorado,Bachelor,Female,30,Yes,1,2023-11-03,2024-03-21,357.45,497
CUST10428,Tonya White,Colorado,High School,Male,41,No,2,2024-03-14,2024-05-24,235.07,433
CUST10081,Lisa Taylor,Georgia,High School,Female,29,Yes,1,2022-08-14,2024-10-25,294.3,279
CUST10410,Jay Mercer,Illinois,Master,Male,45,Yes,0,2022-02-01,2024-12-21,209.91,222
CUST10541,Joan Smith,Washington,Master,Male,77,No,2,2022-01-29,2023-07-05,291.5,757
CUST10894,Jared Williamson,California,PhD,Non-Binary,60,No,1,2023-07-18,2023-12-18,169.26,591
CUST10127,Courtney Cuevas,Illinois,High School,Non-Binary,58,Yes,0,2020-09-04,2021-12-30,383.34,1309
CUST10420,Melissa Church,Arizona,Master,Female,64,Yes,0,2024-02-12,2024-08-24,154.06,341
CUST10240,Travis Herring,Colorado,High School,Non-Binary,34,Yes,0,2024-07-02,2025-01-02,168.25,210
CUST10893,Jeff Miller,California,High School,Male,26,Yes,3,2022-09-11,2024-12-04,466.23,239
CUST10659,Andrew Lang,Florida,PhD,Male,58,Yes,1,2022-11-29,2025-03-14,333.5,139
CUST10894,Jared Williamson,California,PhD,Non-Binary,60,No,1,2023-07-18,2024-11-25,295.63,248
CUST10291,Jeffrey Johnson,Arizona,Bachelor,Male,45,Yes,1,2024-03-28,2024-12-28,394.91,215
CUST10635,Sherry Stanley,Washington,Associate,Female,39,No,1,2023-12-28,2024-04-23,582.14,464
CUST10024,Corey Shelton,Washington,Bachelor,Female,19,Yes,0,2021-12-20,2024-02-06,218.8,541
CUST10223,Mr. Jason Jones,Washington,High School,Female,20,No,1,2020-12-03,2021-04-06,329.78,1577
CUST10565,Matthew Stone,Washington,High School,Female,59,Yes,3,2023-01-12,2024-09-27,107.95,307
CUST10041,Christine Johnson,Washington,High School,Female,75,Yes,1,2024-05-27,2024-10-19,767.76,285
CUST10427,Jesse Robinson,Washington,Master,Male,75,No,0,2022-02-14,2022-03-19,219.12,1230
CUST10578,Robert Smith,California,Master,Male,74,No,0,2022-12-17,2024-01-04,200.33,574
CUST10491,David Vazquez,Florida,Associate,Non-Binary,30,No,1,2024-06-11,2024-12-13,46.16,230
CUST10899,Megan Olson,Georgia,Associate,Female,50,Yes,0,2023-03-26,2024-02-27,222.6,520
CUST10184,Stephen Miller,Colorado,PhD,Male,62,Yes,0,2020-08-25,2020-09-13,254.91,1782
CUST10145,Miranda Velazquez,Ohio,Master,Non-Binary,47,Yes,0,2024-05-02,2024-11-05,336.43,268
CUST10104,Jamie Rose,Florida,High School,Male,51,Yes,3,2024-01-30,2025-03-19,181.32,134
CUST10565,Matthew Stone,Washington,High School,Female,59,Yes,3,2023-01-12,2023-07-26,540.39,736
CUST10023,Joshua Norris,New York,Bachelor,Female,60,Yes,1,2022-01-25,2023-12-20,685.3,589
CUST10712,Matthew Keller,Washington,Bachelor,Female,42,Yes,3,2021-01-05,2021-01-26,498.52,1647
CUST10017,Kenneth Ferguson,Florida,High School,Male,74,No,1,2023-07-25,2025-02-08,222.06,173
CUST10448,Charles Waters,Arizona,Bachelor,Non-Binary,43,No,2,2024-04-26,2025-05-18,320.27,74
CUST10923,Justin Drake,Colorado,PhD,Female,25,Yes,2,2022-12-25,2024-05-03,396.57,454
CUST10564,Mary Shaw,Washington,Master,Female,41,No,0,2024-07-13,2025-06-01,124.89,60
CUST10156,Daniel Mullins,Arizona,PhD,Non-Binary,63,No,0,2021-08-20,2025-01-24,537.78,188
CUST10810,Richard Bailey,Illinois,High School,Non-Binary,77,Yes,0,2023-01-08,2025-04-20,820.72,102
CUST10796,Sarah Larsen,Ohio,Bachelor,Female,74,Yes,1,2024-05-17,2025-05-04,457.34,88
CUST10187,Craig Eaton,New York,Master,Non-Binary,66,Yes,0,2022-11-24,2024-05-09,450.04,448
CUST10082,Chad Ramos,Georgia,High School,Non-Binary,57,No,2,2020-11-06,2023-08-18,371.29,713
CUST10043,Timothy Contreras,Colorado,PhD,Non-Binary,23,No,1,2023-11-08,2024-01-16,319.27,562
CUST10790,Michael Mitchell,Georgia,Master,Non-Binary,45,No,1,2022-07-19,2025-04-04,337.22,118
CUST10656,William Kim,Florida,PhD,Non-Binary,25,Yes,2,2023-09-11,2024-06-06,518.8,420
CUST10008,Jennifer Gray,Georgia,High School,Female,31,Yes,1,2022-05-18,2023-10-02,512.57,668
CUST10140,Sean Becker,Texas,Associate,Male,41,No,2,2024-06-10,2024-10-06,249.97,298
CUST10349,James Smith,Arizona,High School,Non-Binary,64,No,0,2021-11-21,2023-03-21,48.54,863
CUST10101,Melissa Flores,Georgia,Master,Non-Binary,78,No,2,2023-01-06,2024-01-09,360.38,569
CUST10934,Wesley Dawson,Georgia,Bachelor,Male,33,No,0,2023-10-04,2024-08-16,99.9,349
CUST10046,Melissa Davila,Georgia,Associate,Non-Binary,66,No,2,2023-12-21,2024-07-19,239.74,377
CUST10178,Ryan Diaz,Florida,Master,Female,18,Yes,3,2021-07-03,2025-04-15,347.26,107
CUST10473,Christopher Daniels,Georgia,Associate,Male,63,No,2,2024-05-20,2025-06-29,564.75,32
CUST10904,Katie Riggs,Georgia,Associate,Non-Binary,76,No,1,2023-10-23,2025-01-12,386.41,200
CUST10436,Sean Santos,Georgia,Bachelor,Non-Binary,68,Yes,2,2021-12-19,2025-05-31,445.48,61
CUST10183,Casey Arnold,Florida,PhD,Female,24,No,1,2023-08-22,2024-03-29,131.11,489
CUST10094,Dr. Clinton Lopez,Colorado,Bachelor,Female,54,No,2,2022-09-13,2023-08-04,621.17,727
CUST10529,David Flores,Ohio,Associate,Female,64,No,3,2024-02-03,2024-10-21,124.08,283
CUST10695,Jennifer Burton,Washington,Master,Male,72,Yes,0,2024-04-05,2025-03-24,262.17,129
CUST10344,Jennifer Garcia,Washington,High School,Male,74,Yes,1,2020-11-22,2023-03-15,312.21,869
CUST10202,Whitney Marshall,California,Bachelor,Non-Binary,37,No,2,2020-10-28,2023-12-10,299.99,599
CUST10158,Heather Brown,New York,Bachelor,Male,21,Yes,2,2021-12-06,2021-12-19,358.02,1320
CUST10839,Samuel Barron,California,Master,Non-Binary,54,Yes,2,2021-05-27,2025-04-17,647.19,105
CUST10255,Paul Smith,Florida,Master,Non-Binary,38,No,0,2022-03-20,2025-02-15,153.9,166
CUST10664,Kathleen Bailey,California,High School,Male,25,No,2,2022-12-06,2024-07-28,739.58,368
CUST10966,Lauren Taylor,New York,Associate,Non-Binary,30,No,2,2023-12-14,2025-05-02,230.73,90
CUST10243,Nicholas Johnson,Ohio,Bachelor,Non-Binary,50,Yes,2,2020-12-20,2023-08-06,193.68,725
CUST10755,Alexander Martinez,Texas,Bachelor,Non-Binary,23,Yes,1,2022-04-15,2023-07-11,858.74,751
CUST10537,Lori Hall,Arizona,PhD,Non-Binary,45,No,4,2021-12-19,2023-08-06,500.87,725
CUST10551,Jennifer King,California,Bachelor,Non-Binary,63,No,3,2022-12-28,2024-04-12,299.19,475
CUST10653,Angelica Martinez,Arizona,PhD,Non-Binary,80,No,0,2022-05-28,2024-07-13,82.52,383
CUST10362,Mark Hernandez,Ohio,PhD,Female,62,No,0,2021-06-17,2021-08-03,37.74,1458
CUST10155,Gavin Olson,Ohio,Associate,Non-Binary,50,No,1,2021-02-05,2023-06-18,374.33,774
CUST10513,Jacob Hamilton,Arizona,Bachelor,Non-Binary,73,No,2,2023-04-26,2023-09-28,295.67,672
CUST10040,Natalie Gonzales DDS,California,Associate,Non-Binary,78,Yes,0,2021-09-20,2022-07-07,235.22,1120
CUST10980,Mike Alvarado,New York,Bachelor,Male,45,No,0,2023-12-09,2025-04-21,286.87,101
CUST10411,Whitney Lucas,Colorado,Associate,Non-Binary,39,No,2,2022-09-04,2025-04-28,554.89,94
CUST10191,Dr. Katie Lamb,Ohio,High School,Non-Binary,32,Yes,2,2020-12-22,2023-06-12,333.95,780
CUST10022,Chris Collins,Georgia,PhD,Female,59,Yes,2,2022-03-04,2024-05-30,47.21,427
CUST10699,Brandi Olson,Georgia,Master,Female,79,No,4,2020-10-02,2023-11-27,219.54,612
CUST10844,Nancy Wood,California,High School,Female,40,Yes,1,2023-04-02,2023-11-04,178.46,635
CUST10253,Mrs. Lisa Jennings DDS,Illinois,Master,Male,61,Yes,0,2022-03-25,2022-11-03,350.53,1001
CUST10851,Robert Arnold,Ohio,Associate,Male,43,No,1,2024-01-09,2025-04-06,186.08,116
CUST10244,Patricia Garrison,Florida,High School,Female,57,No,2,2024-01-25,2024-06-01,245.61,425
CUST10223,Mr. Jason Jones,Washington,High School,Female,20,No,1,2020-12-03,2021-06-12,114.41,1510
CUST10006,Jeffrey Torres,Colorado,Bachelor,Non-Binary,72,No,1,2021-01-18,2023-02-14,509.28,898
CUST10247,Lawrence Garcia,New York,Bachelor,Male,72,No,1,2021-12-31,2024-09-05,213.84,329
CUST10546,Wendy Barker,Colorado,Bachelor,Male,75,No,0,2020-12-31,2024-03-12,60.06,506
CUST10128,Zachary Gonzalez,California,Associate,Female,48,No,1,2023-10-25,2024-07-27,356.85,369
CUST10457,Debra Schroeder,Colorado,High School,Non-Binary,52,No,4,2023-09-14,2023-11-22,126.23,617
CUST10007,Lori Murphy,Georgia,Associate,Female,22,No,2,2024-03-25,2024-04-13,22.23,474
CUST10744,Robert Kelly,Florida,Associate,Non-Binary,78,Yes,2,2023-09-24,2025-04-23,335.3,99
CUST10510,Timothy Mclaughlin,Illinois,Bachelor,Non-Binary,20,No,0,2020-09-08,2024-01-07,196.36,571
CUST10326,Melissa Price,Texas,Bachelor,Non-Binary,65,No,2,2020-09-11,2025-02-25,751.2,156
CUST10851,Robert Arnold,Ohio,Associate,Male,43,No,1,2024-01-09,2025-05-18,610.85,74
CUST10826,Elizabeth Mason,Washington,Associate,Non-Binary,75,Yes,1,2020-08-04,2024-07-19,261.04,377
CUST10653,Angelica Martinez,Arizona,PhD,Non-Binary,80,No,0,2022-05-28,2023-05-01,71.04,822
CUST10549,Brett Campbell,Colorado,Master,Male,22,No,3,2020-11-01,2025-04-11,132.36,111
CUST10465,Juan Zamora,Colorado,High School,Female,51,No,1,2023-03-03,2025-03-28,405.08,125
CUST10351,Terri Newman,Georgia,Master,Non-Binary,51,No,1,2020-10-11,2023-03-11,252.28,873
CUST10917,Beth Henry,Illinois,Bachelor,Female,51,No,1,2024-01-02,2024-01-12,548.7,566
CUST10790,Michael Mitchell,Georgia,Master,Non-Binary,45,No,1,2022-07-19,2024-01-30,467.44,548
CUST10334,Luis Davies,Arizona,Bachelor,Non-Binary,68,No,1,2024-06-26,2024-08-23,328.93,342
CUST10833,Steven Burns,Georgia,PhD,Female,60,No,1,2023-08-24,2025-05-19,182.0,73
CUST10091,Sherry Whitney,Florida,PhD,Male,75,Yes,1,2022-12-05,2024-03-10,169.19,508
CUST10970,Francisco Alvarez,New York,High School,Male,36,Yes,2,2021-11-01,2024-02-10,288.95,537
CUST10653,Angelica Martinez,Arizona,PhD,Non-Binary,80,No,0,2022-05-28,2024-12-24,269.25,219
CUST10355,Wendy Diaz,Ohio,High School,Male,22,Yes,2,2022-06-05,2024-04-14,465.62,473
CUST10330,Jeffrey Wells,Georgia,Bachelor,Male,63,Yes,1,2023-09-08,2024-07-23,129.57,373
CUST10156,Daniel Mullins,Arizona,PhD,Non-Binary,63,No,0,2021-08-20,2024-12-13,247.32,230
CUST10320,Tina Duncan,New York,Bachelor,Female,70,Yes,3,2023-10-07,2024-01-13,694.75,565
CUST10968,Bradley Blake,Ohio,PhD,Non-Binary,73,Yes,4,2023-07-07,2025-07-12,532.06,19
CUST10243,Nicholas Johnson,Ohio,Bachelor,Non-Binary,50,Yes,2,2020-12-20,2024-08-10,481.32,355
CUST10418,Lee Young,Ohio,Bachelor,Male,44,Yes,4,2023-12-30,2025-03-26,435.67,127
CUST10279,Anthony Mcdonald,Georgia,Bachelor,Male,42,No,0,2021-04-07,2021-11-27,193.8,1342
CUST10911,William Kelley,Florida,Associate,Male,35,No,1,2020-10-20,2021-01-31,770.35,1642
CUST10836,Brandon Evans,Georgia,High School,Non-Binary,21,Yes,1,2023-03-18,2023-12-27,527.72,582
CUST10534,Matthew Smith,Texas,Associate,Female,76,No,1,2024-03-23,2024-12-01,284.33,242
CUST10589,Nathan Sanders,Texas,PhD,Male,71,Yes,3,2022-02-01,2023-09-15,644.37,685
CUST10829,Phillip Johnson,California,Master,Female,78,No,1,2020-08-02,2021-05-01,76.2,1552
CUST10290,Pamela Richardson,Texas,Master,Male,68,Yes,1,2020-11-20,2022-11-04,202.91,1000
CUST10751,Bonnie Buchanan,New York,Master,Male,26,No,1,2020-12-20,2023-10-30,126.84,640
CUST10855,Samantha Burns,Florida,Bachelor,Female,79,No,2,2020-10-18,2022-10-21,164.02,1014
CUST10892,Raymond Riley,Washington,PhD,Male,54,No,2,2021-09-08,2022-11-16,64.06,988
CUST10214,Philip Taylor,California,High School,Male,46,No,1,2022-11-02,2024-11-26,1017.06,247
CUST10344,Jennifer Garcia,Washington,High School,Male,74,Yes,1,2020-11-22,2025-05-19,335.34,73
CUST10466,James Pope,New York,Master,Female,50,No,1,2021-07-28,2024-09-21,207.31,313
CUST10977,Charles Harris,Ohio,Associate,Female,31,Yes,4,2021-03-12,2023-09-03,531.78,697
CUST10278,Brenda Conway,Arizona,Bachelor,Non-Binary,55,Yes,1,2022-12-16,2024-10-27,253.12,277
CUST10846,Donna Carlson,Georgia,Master,Female,50,Yes,1,2022-01-12,2022-05-19,77.83,1169
CUST10995,Patrick Harris,California,Associate,Male,56,No,1,2023-04-13,2025-01-19,610.96,193
CUST10375,Renee Simpson,Georgia,PhD,Non-Binary,29,Yes,1,2024-06-20,2025-01-04,158.82,208
CUST10008,Jennifer Gray,Georgia,High School,Female,31,Yes,1,2022-05-18,2023-12-20,62.27,589
CUST10937,Raven Perry,Ohio,Associate,Male,71,No,2,2022-07-06,2023-08-21,1090.18,710
CUST10700,Robert Rodgers,Arizona,High School,Female,34,Yes,0,2024-06-13,2024-12-11,128.65,232
CUST10395,Mary Mcneil,Ohio,Bachelor,Male,33,No,0,2022-08-06,2025-02-06,307.37,175
CUST10666,Matthew Lopez,Illinois,Master,Female,43,No,1,2023-12-27,2024-04-29,377.15,458
CUST10316,Christopher Serrano,New York,High School,Male,60,Yes,1,2022-12-15,2025-04-12,232.87,110
CUST10875,Jennifer Morales,New York,Bachelor,Female,63,No,2,2023-06-25,2025-01-20,802.61,192
CUST10298,Benjamin Ramirez,Georgia,Bachelor,Non-Binary,30,No,1,2024-07-03,2025-01-13,194.86,199
CUST10392,Philip Moore,Illinois,Bachelor,Male,37,No,0,2021-01-13,2022-09-14,136.97,1051
CUST10311,Dennis Moss,Ohio,Bachelor,Female,53,Yes,2,2023-06-15,2025-06-30,193.74,31
CUST10512,Sean Butler,Illinois,Bachelor,Male,73,Yes,3,2022-02-10,2025-03-18,269.26,135
CUST10031,Albert Anderson,New York,High School,Non-Binary,39,No,1,2022-01-17,2024-12-30,484.83,213
CUST10284,Diane Bowen,California,Associate,Non-Binary,20,No,1,2024-06-26,2024-10-02,501.62,302
CUST10102,Tyler Black,Texas,PhD,Male,34,No,1,2022-05-16,2024-04-11,231.26,476
CUST10191,Dr. Katie Lamb,Ohio,High School,Non-Binary,32,Yes,2,2020-12-22,2023-11-20,109.0,619
CUST10657,David Woods,Georgia,Associate,Non-Binary,76,No,0,2023-08-27,2023-11-20,704.77,619
CUST10637,Emily Schneider,Florida,Associate,Non-Binary,68,No,1,2022-03-01,2023-02-17,482.55,895
CUST10619,Henry Martinez,Colorado,High School,Male,37,No,0,2021-11-24,2025-07-28,378.25,3
CUST10907,Matthew Graham,Ohio,PhD,Female,31,No,2,2021-02-26,2023-01-30,451.33,913
CUST10297,Michelle Rogers,Arizona,Master,Female,40,Yes,2,2024-07-24,2024-09-24,430.67,310
CUST10863,Sara Tanner,Texas,Bachelor,Female,64,Yes,2,2024-03-08,2025-04-16,543.8,106
CUST10838,Derek Salinas,Ohio,Associate,Non-Binary,62,Yes,1,2021-12-06,2024-02-04,367.68,543
CUST10940,Alexandria Potter,New York,High School,Male,72,Yes,3,2022-04-30,2025-06-07,545.96,54
CUST10539,Richard Price,Texas,Associate,Female,19,Yes,2,2021-01-04,2024-09-14,149.99,320
CUST10904,Katie Riggs,Georgia,Associate,Non-Binary,76,No,1,2023-10-23,2024-12-24,272.18,219
CUST10379,Angela Johnson,Georgia,Associate,Female,44,Yes,0,2023-03-29,2024-04-26,425.8,461
CUST10816,Victoria Smith,Colorado,Bachelor,Non-Binary,38,No,2,2023-12-26,2024-01-08,259.99,570
CUST10142,Savannah Williams,Georgia,Associate,Male,79,No,1,2024-07-22,2025-02-06,174.68,175
CUST10880,Aaron Weber,Georgia,Associate,Male,22,Yes,2,2022-05-08,2024-08-01,136.75,364
CUST10147,Jay James,Colorado,PhD,Female,63,Yes,2,2024-01-26,2025-05-06,748.39,86
CUST10797,Michael Cameron,Florida,Bachelor,Non-Binary,27,No,0,2021-05-26,2022-02-12,370.5,1265
CUST10597,Carolyn Kirk,Ohio,PhD,Female,66,Yes,1,2023-05-25,2024-01-28,260.43,550
CUST10169,Jessica Figueroa,Washington,PhD,Male,78,No,0,2023-05-24,2025-03-07,639.96,146
CUST10725,John Tyler,Arizona,Bachelor,Female,69,No,2,2023-06-18,2024-11-08,145.97,265
CUST10702,Nathan Brown,Ohio,Master,Non-Binary,18,Yes,1,2024-01-21,2024-08-28,741.72,337
CUST10741,Dr. Erica Perez,California,Master,Male,73,No,0,2022-03-19,2024-03-11,40.95,507
CUST10062,Taylor Cook,Texas,Master,Male,57,No,0,2020-09-18,2022-02-16,220.09,1261
CUST10249,Randall Johnson,Arizona,PhD,Male,73,No,2,2023-10-14,2025-04-04,188.54,118
CUST10908,Adam Ellison,Washington,High School,Female,77,Yes,1,2021-07-12,2023-11-03,416.93,636
CUST10982,Annette Martin,New York,Master,Female,66,Yes,4,2021-05-12,2021-07-25,231.19,1467
CUST10985,Melanie Garcia,Florida,Master,Male,22,Yes,2,2020-08-07,2023-04-01,459.78,852
CUST10870,Joshua Anthony,Illinois,Master,Non-Binary,33,Yes,0,2023-03-17,2025-05-15,79.34,77
CUST10645,Scott Daniels,Ohio,Bachelor,Female,41,Yes,2,2023-05-24,2023-11-03,210.86,636
CUST10384,Briana Drake,Texas,Master,Male,75,Yes,3,2022-06-13,2024-03-09,648.34,509
CUST10364,Douglas Sullivan DDS,Arizona,Master,Male,80,No,0,2023-01-30,2023-06-26,461.67,766
CUST10091,Sherry Whitney,Florida,PhD,Male,75,Yes,1,2022-12-05,2024-11-05,221.48,268
CUST10784,Connie Page,Georgia,High School,Female,51,No,0,2023-10-30,2024-07-17,412.64,379
CUST10026,Joseph Mcbride,Washington,High School,Male,27,Yes,0,2021-12-07,2022-12-21,830.09,953
CUST10761,Richard Thomas,Georgia,Bachelor,Female,58,No,1,2023-01-01,2023-08-22,119.01,709
CUST10901,Matthew Miller,Ohio,High School,Male,23,No,2,2022-02-09,2023-03-17,701.61,867
CUST10865,Patrick Peters,Ohio,Master,Non-Binary,49,No,0,2022-10-01,2023-10-10,187.27,660
CUST10400,Daniel Gregory,Colorado,Associate,Female,38,Yes,2,2022-09-20,2022-11-20,211.17,984
CUST10536,Stephanie Munoz,California,Bachelor,Female,59,Yes,0,2020-08-28,2024-08-10,157.08,355
CUST10653,Angelica Martinez,Arizona,PhD,Non-Binary,80,No,0,2022-05-28,2022-12-21,210.22,953
CUST10476,Brad Jones,Illinois,Bachelor,Male,56,No,0,2024-01-21,2024-12-05,326.69,238
CUST10223,Mr. Jason Jones,Washington,High School,Female,20,No,1,2020-12-03,2022-10-12,610.03,1023
CUST10534,Matthew Smith,Texas,Associate,Female,76,No,1,2024-03-23,2025-05-08,230.64,84
CUST10722,Jerry Castaneda,California,Associate,Female,29,No,1,2023-08-24,2024-07-28,327.31,368
CUST10689,Jonathan Tucker,Florida,PhD,Non-Binary,53,No,0,2021-07-06,2022-01-13,327.7,1295
CUST10498,Derek Greene,Colorado,Associate,Non-Binary,52,No,1,2024-07-26,2025-07-27,189.84,4
CUST10290,Pamela Richardson,Texas,Master,Male,68,Yes,1,2020-11-20,2021-06-20,506.15,1502
CUST10014,Matthew Alvarez,Texas,High School,Non-Binary,40,No,2,2022-09-12,2025-03-31,305.06,122
CUST10369,Matthew Coleman,New York,Associate,Female,73,Yes,1,2024-07-26,2024-10-17,407.93,287
CUST10972,Meghan Oliver,Washington,Master,Female,41,Yes,0,2022-02-24,2024-09-26,245.24,308
CUST10076,Roberto Lewis,Colorado,Bachelor,Female,79,No,1,2023-02-11,2023-08-26,129.6,705
CUST10835,Riley Torres,New York,PhD,Non-Binary,49,Yes,1,2020-11-28,2021-12-31,356.42,1308
CUST10304,Adrian Gallagher,Washington,Master,Non-Binary,58,No,2,2023-10-30,2024-09-15,56.32,319
CUST10548,Gordon Roman,New York,High School,Non-Binary,62,No,2,2023-10-11,2024-04-05,260.44,482
CUST10620,Jesse Pratt,Texas,Master,Male,64,No,0,2023-04-13,2025-06-19,358.66,42
CUST10448,Charles Waters,Arizona,Bachelor,Non-Binary,43,No,2,2024-04-26,2025-01-15,91.37,197
CUST10420,Melissa Church,Arizona,Master,Female,64,Yes,0,2024-02-12,2024-07-12,166.81,384
CUST10798,Sharon Schneider,Washington,High School,Non-Binary,45,No,2,2021-04-30,2024-03-01,726.65,517
CUST10130,Eric Nelson,Ohio,Bachelor,Female,44,Yes,1,2022-01-19,2022-11-12,140.77,992
CUST10970,Francisco Alvarez,New York,High School,Male,36,Yes,2,2021-11-01,2023-06-14,730.49,778
CUST10610,Dillon Goodman,Colorado,Bachelor,Female,47,Yes,1,2022-08-04,2024-11-14,477.37,259
CUST10565,Matthew Stone,Washington,High School,Female,59,Yes,3,2023-01-12,2023-09-19,268.61,681
CUST10579,Johnathan Berry,Georgia,Associate,Female,78,Yes,1,2022-05-07,2022-11-27,185.24,977
CUST10912,Diana Clark,Florida,High School,Non-Binary,46,Yes,1,2024-03-23,2024-07-13,592.77,383
CUST10438,Natasha Buchanan,Illinois,High School,Non-Binary,48,Yes,0,2024-01-13,2025-05-03,146.8,89
CUST10596,Gary James,Georgia,Associate,Non-Binary,39,Yes,1,2024-03-12,2025-07-19,249.01,12
CUST10077,James Chang,Georgia,Associate,Non-Binary,76,Yes,2,2022-10-10,2025-02-02,180.04,179
CUST10034,Grant Wood,Illinois,PhD,Male,49,Yes,0,2022-06-24,2023-07-10,374.02,752
CUST10187,Craig Eaton,New York,Master,Non-Binary,66,Yes,0,2022-11-24,2024-07-23,434.43,373
CUST10334,Luis Davies,Arizona,Bachelor,Non-Binary,68,No,1,2024-06-26,2025-05-19,153.77,73
CUST10390,Dr. Phillip Brooks,Florida,High School,Male,53,Yes,2,2022-05-29,2022-11-08,598.9,996
CUST10089,Alexandria Scott,Colorado,Bachelor,Male,21,Yes,2,2023-08-16,2024-01-10,755.09,568
CUST10235,Ashley Olson,Arizona,Master,Non-Binary,48,Yes,3,2020-08-25,2022-05-22,329.28,1166
CUST10344,Jennifer Garcia,Washington,High School,Male,74,Yes,1,2020-11-22,2024-03-06,146.65,512
CUST10241,Logan Garcia,Georgia,High School,Non-Binary,69,Yes,1,2022-03-23,2022-09-08,299.35,1057
CUST10286,Nicole Porter DVM,New York,Master,Male,46,Yes,0,2024-02-09,2025-04-15,844.63,107
CUST10975,Max Carson,Ohio,Master,Male,34,No,0,2021-03-10,2024-07-03,165.48,393
CUST10498,Derek Greene,Colorado,Associate,Non-Binary,52,No,1,2024-07-26,2024-09-26,173.81,308
CUST10621,Michelle Munoz,Georgia,Bachelor,Female,25,No,2,2024-04-11,2024-11-14,483.67,259
CUST10540,Michael Rose,Georgia,Master,Non-Binary,21,No,0,2021-12-29,2023-05-21,277.56,802
CUST10758,Nicolas Cruz,Illinois,Master,Male,66,No,1,2022-02-25,2025-02-12,138.45,169
CUST10608,David Deleon,Washington,High School,Male,42,Yes,0,2023-08-27,2024-11-05,135.6,268
CUST10670,Logan Cohen,Illinois,Bachelor,Non-Binary,75,No,1,2024-03-10,2024-04-17,147.55,470
CUST10964,Carla Johnson,Washington,PhD,Non-Binary,19,Yes,1,2023-08-04,2025-07-22,784.87,9
CUST10298,Benjamin Ramirez,Georgia,Bachelor,Non-Binary,30,No,1,2024-07-03,2024-10-28,259.75,276
CUST10449,John Lloyd,Arizona,Master,Non-Binary,31,Yes,0,2022-07-03,2022-08-12,275.61,1084
CUST10083,Marc Olson,Florida,Associate,Non-Binary,73,No,2,2022-11-17,2022-12-28,277.66,946
CUST10427,Jesse Robinson,Washington,Master,Male,75,No,0,2022-02-14,2025-07-25,296.13,6
CUST10261,Richard Thomas,Texas,Master,Male,45,Yes,0,2021-08-06,2024-02-10,420.41,537
CUST10383,Willie Green,Colorado,PhD,Non-Binary,74,Yes,1,2022-01-22,2023-04-17,499.21,836
CUST10739,Evelyn Buckley,Washington,Bachelor,Non-Binary,55,Yes,3,2022-05-04,2025-07-09,505.7,22
CUST10271,Andrea Williams,New York,Master,Female,33,No,0,2022-01-22,2024-05-18,192.09,439
CUST10626,Lindsey Miller,New York,Master,Male,35,Yes,1,2021-12-10,2022-11-21,218.22,983
CUST10592,Suzanne Mclaughlin,Florida,High School,Female,57,No,0,2022-01-02,2022-05-09,307.02,1179
CUST10239,Paul Davis,New York,Bachelor,Female,72,Yes,1,2021-04-24,2021-12-26,130.72,1313
CUST10603,Joseph Lee MD,California,Associate,Non-Binary,65,No,0,2021-04-07,2024-06-20,6.52,406
CUST10164,Patricia Jacobson,Washington,Bachelor,Non-Binary,53,Yes,2,2021-02-15,2022-03-26,149.98,1223
CUST10560,April Richardson,Florida,Master,Female,28,No,0,2021-09-12,2025-07-24,238.74,7
CUST10758,Nicolas Cruz,Illinois,Master,Male,66,No,1,2022-02-25,2023-11-12,214.64,627
CUST10681,Linda Wilson,New York,High School,Non-Binary,80,Yes,2,2022-05-05,2025-04-05,119.63,117
CUST10877,David Vazquez,Arizona,Master,Male,26,Yes,1,2022-10-15,2024-03-23,219.59,495
CUST10256,Ashley Nunez,California,Bachelor,Male,51,No,0,2021-07-13,2021-08-28,294.61,1433
CUST10911,William Kelley,Florida,Associate,Male,35,No,1,2020-10-20,2021-05-22,478.93,1531
CUST10957,Stephanie Mills,Colorado,Associate,Non-Binary,73,Yes,1,2023-06-02,2025-01-13,272.45,199
CUST10200,Nicole Maynard,Texas,Bachelor,Female,51,Yes,1,2021-08-30,2023-05-29,281.55,794
CUST10984,David Cowan,Washington,Master,Female,18,Yes,1,2021-02-25,2021-10-29,228.33,1371
CUST10491,David Vazquez,Florida,Associate,Non-Binary,30,No,1,2024-06-11,2024-07-25,336.55,371
CUST10895,William Baker,Arizona,High School,Female,63,Yes,1,2022-08-30,2024-06-18,142.53,408
CUST10746,Tonya Gross,Texas,PhD,Male,30,Yes,1,2021-09-06,2024-08-10,99.02,355
CUST10711,Tanya Moore,Arizona,PhD,Male,73,Yes,4,2023-08-30,2024-08-28,299.65,337
CUST10998,Nicole Cunningham,Ohio,Bachelor,Non-Binary,37,Yes,1,2020-09-23,2022-04-25,318.03,1193
CUST10599,Laura Charles,Arizona,Associate,Male,20,No,2,2022-08-30,2022-12-10,136.71,964
CUST10743,Tamara Miller,Georgia,Master,Male,78,Yes,1,2023-07-17,2024-08-10,357.65,355
CUST10723,Ann Brown,New York,High School,Non-Binary,66,Yes,2,2024-04-20,2024-05-07,363.96,450
CUST10129,Christopher Mccann,Washington,Bachelor,Male,69,No,4,2024-04-20,2024-05-18,225.52,439
CUST10459,Michael Williams,Ohio,High School,Non-Binary,43,No,2,2022-07-21,2022-11-09,108.36,995
CUST10350,Haley Herring,New York,High School,Male,33,No,2,2023-07-02,2023-08-10,446.82,721
CUST10112,Jasmin Duarte,Texas,High School,Non-Binary,19,No,0,2022-09-21,2025-04-25,368.7,97
CUST10232,Erin Wyatt,Illinois,Bachelor,Female,60,No,1,2020-12-26,2023-11-30,468.19,609
CUST10885,Cody Pierce,New York,Bachelor,Male,36,Yes,1,2023-03-28,2025-06-04,273.37,57
CUST10552,Margaret Mcfarland,Georgia,Associate,Non-Binary,36,No,2,2024-01-20,2024-02-16,403.38,531
CUST10231,Carrie Williams,Ohio,PhD,Male,28,No,1,2020-10-08,2021-10-25,153.29,1375
CUST10163,Scott Mitchell,California,Associate,Non-Binary,28,Yes,2,2020-10-22,2021-07-10,250.28,1482
CUST10821,Terri Rubio,California,Bachelor,Female,72,Yes,2,2022-07-10,2024-05-02,55.28,455
CUST10533,Sara Mccullough,Washington,Master,Male,28,Yes,3,2020-08-27,2024-09-17,328.7,317
CUST10893,Jeff Miller,California,High School,Male,26,Yes,3,2022-09-11,2024-03-10,96.36,508
CUST10520,Crystal Horton,Georgia,Master,Non-Binary,18,No,1,2020-11-09,2023-08-04,444.68,727
CUST10747,Sean Gonzalez,Ohio,Associate,Male,27,No,3,2022-10-08,2024-06-06,144.99,420
CUST10718,Jessica Whitaker,California,Bachelor,Male,68,No,1,2022-06-02,2025-06-18,197.81,43
CUST10444,Charles Lee,Colorado,Associate,Non-Binary,37,No,2,2022-02-26,2023-08-24,220.14,707
CUST10564,Mary Shaw,Washington,Master,Female,41,No,0,2024-07-13,2025-07-23,146.26,8
CUST10845,Jennifer Khan,Washington,PhD,Female,78,Yes,1,2023-10-27,2024-03-24,213.15,494
CUST10260,Karen Kim,California,Master,Non-Binary,54,No,0,2024-03-27,2024-11-07,794.09,266
CUST10017,Kenneth Ferguson,Florida,High School,Male,74,No,1,2023-07-25,2024-09-17,319.7,317
CUST10526,Walter Dean,Texas,Master,Male,68,Yes,1,2021-05-30,2025-03-31,230.38,122
CUST10961,Charles Mayer,New York,Bachelor,Female,65,No,0,2021-09-04,2022-11-28,352.29,976
CUST10538,Lindsay Jones,Arizona,PhD,Male,23,Yes,0,2021-03-19,2025-04-28,243.87,94
CUST10614,Cynthia Campbell,California,Associate,Male,27,No,1,2021-06-01,2024-09-15,352.88,319
CUST10172,Donna Cain,California,Bachelor,Male,19,No,0,2021-10-08,2023-09-14,159.56,686
CUST10163,Scott Mitchell,California,Associate,Non-Binary,28,Yes,2,2020-10-22,2024-06-07,68.02,419
CUST10430,Sandra King,Texas,Bachelor,Non-Binary,46,No,0,2021-10-24,2021-11-19,553.61,1350
CUST10671,Michael Edwards,Illinois,Bachelor,Non-Binary,63,No,1,2022-03-30,2022-12-31,284.17,943
CUST10290,Pamela Richardson,Texas,Master,Male,68,Yes,1,2020-11-20,2023-07-21,197.75,741
CUST10476,Brad Jones,Illinois,Bachelor,Male,56,No,0,2024-01-21,2025-04-02,946.76,120
CUST10966,Lauren Taylor,New York,Associate,Non-Binary,30,No,2,2023-12-14,2025-06-22,337.29,39
CUST10170,Mark Perez,California,Master,Non-Binary,22,No,0,2023-12-26,2024-08-27,319.79,338
CUST10710,Derek Smith,Illinois,PhD,Male,63,Yes,0,2021-05-02,2024-09-19,126.37,315
CUST10556,Ashley Roberts,California,Associate,Non-Binary,50,No,4,2023-01-22,2025-06-01,237.95,60
CUST10049,Mathew Schmidt,Arizona,Associate,Female,66,Yes,2,2021-07-25,2022-10-18,176.58,1017
CUST10318,Matthew Ruiz,Washington,Associate,Female,31,Yes,1,2021-08-09,2024-12-08,334.54,235
CUST10964,Carla Johnson,Washington,PhD,Non-Binary,19,Yes,1,2023-08-04,2025-03-04,781.8,149
CUST10521,Ms. Maria Garrett,Florida,High School,Female,23,Yes,1,2020-12-30,2025-03-25,80.8,128
CUST10107,Shelley Mcdowell,Florida,High School,Male,61,No,0,2020-08-17,2022-08-21,266.44,1075
CUST10418,Lee Young,Ohio,Bachelor,Male,44,Yes,4,2023-12-30,2024-03-19,224.29,499
CUST10623,Dennis Howell,Georgia,PhD,Male,77,No,2,2024-01-06,2025-02-24,282.83,157
CUST10096,Laura White,California,High School,Female,41,Yes,0,2020-08-06,2022-05-18,106.02,1170
CUST10462,Billy Thompson,Ohio,Associate,Male,37,Yes,4,2023-12-14,2023-12-24,458.55,585
CUST10345,Crystal Richards,California,Associate,Female,21,Yes,2,2021-05-12,2024-12-17,419.82,226
CUST10250,Alicia Higgins,Texas,Master,Female,74,Yes,1,2023-10-15,2023-10-25,538.26,645
CUST10846,Donna Carlson,Georgia,Master,Female,50,Yes,1,2022-01-12,2025-07-28,646.3,3
CUST10742,Kayla Hunter,Colorado,Bachelor,Female,65,Yes,0,2023-11-08,2024-06-26,157.38,400
CUST10833,Steven Burns,Georgia,PhD,Female,60,No,1,2023-08-24,2025-05-20,353.73,72
CUST10659,Andrew Lang,Florida,PhD,Male,58,Yes,1,2022-11-29,2023-10-17,357.14,653
CUST10153,Michele Brown,Ohio,PhD,Female,70,Yes,1,2024-06-22,2025-01-20,170.44,192
CUST10264,Gabriel Garrison,Colorado,PhD,Non-Binary,45,Yes,1,2020-08-08,2023-12-01,545.05,608
CUST10804,Thomas Graham,Texas,Bachelor,Female,34,Yes,2,2022-03-20,2022-10-10,122.26,1025
CUST10246,Michael Wilson,New York,High School,Non-Binary,78,No,1,2023-12-29,2025-01-10,508.04,202
CUST10813,Brandon Santiago,Arizona,Master,Non-Binary,42,No,0,2023-01-27,2024-09-21,267.59,313
CUST10040,Natalie Gonzales DDS,California,Associate,Non-Binary,78,Yes,0,2021-09-20,2024-01-18,461.82,560
CUST10475,Natalie Mitchell,California,Master,Non-Binary,24,No,2,2022-11-06,2023-03-14,221.39,870
CUST10136,Jennifer Moore,Florida,Master,Male,64,No,0,2021-07-15,2023-10-16,301.12,654
CUST10420,Melissa Church,Arizona,Master,Female,64,Yes,0,2024-02-12,2025-03-04,262.99,149
CUST10824,Megan Perry,Illinois,High School,Non-Binary,74,Yes,2,2020-09-11,2021-06-09,1217.98,1513
CUST10223,Mr. Jason Jones,Washington,High School,Female,20,No,1,2020-12-03,2023-01-14,536.14,929
CUST10542,Catherine Haynes,Texas,PhD,Female,18,No,0,2023-10-17,2024-12-01,468.85,242
CUST10448,Charles Waters,Arizona,Bachelor,Non-Binary,43,No,2,2024-04-26,2024-05-02,639.79,455
CUST10126,Charles Powers,Florida,Associate,Non-Binary,46,No,3,2022-10-12,2023-07-12,170.84,750
CUST10966,Lauren Taylor,New York,Associate,Non-Binary,30,No,2,2023-12-14,2024-06-15,112.86,411
CUST10069,Patricia Santana,California,PhD,Male,70,No,0,2022-07-11,2023-10-30,477.61,640
CUST10614,Cynthia Campbell,California,Associate,Male,27,No,1,2021-06-01,2023-12-21,370.03,588
CUST10220,Elizabeth Monroe,Illinois,PhD,Female,61,Yes,3,2023-04-26,2023-05-22,369.52,801
CUST10843,Matthew Thompson,Ohio,High School,Non-Binary,56,No,2,2024-03-28,2024-10-30,806.45,274
CUST10623,Dennis Howell,Georgia,PhD,Male,77,No,2,2024-01-06,2024-12-04,516.96,239
CUST10129,Christopher Mccann,Washington,Bachelor,Male,69,No,4,2024-04-20,2024-07-29,180.68,367
CUST10665,Eric Christian,Colorado,Bachelor,Female,43,No,0,2021-12-09,2025-06-20,335.52,41
CUST10131,Daniel Park,New York,PhD,Non-Binary,39,Yes,3,2022-10-29,2023-07-18,639.44,744
CUST10424,John Anderson,Washington,Associate,Non-Binary,18,No,0,2024-04-24,2024-11-28,287.81,245
CUST10234,Chelsea Reynolds,Illinois,Master,Non-Binary,73,Yes,1,2023-07-02,2023-11-18,429.67,621
CUST10526,Walter Dean,Texas,Master,Male,68,Yes,1,2021-05-30,2025-05-10,239.45,82
CUST10762,Shannon Ross,Texas,Associate,Non-Binary,75,No,4,2023-03-22,2024-09-12,514.38,322
CUST10348,Robert Simmons,Texas,Master,Male,68,Yes,2,2021-02-01,2023-09-01,599.51,699
CUST10200,Nicole Maynard,Texas,Bachelor,Female,51,Yes,1,2021-08-30,2022-02-08,119.63,1269
CUST10683,Richard Erickson,California,Associate,Female,22,No,1,2022-09-26,2023-02-26,225.09,886
CUST10196,Kristin Pearson,Colorado,Master,Non-Binary,64,No,1,2022-11-30,2023-08-18,163.96,713
CUST10389,Sean Smith,California,High School,Male,59,No,0,2022-08-10,2022-10-11,323.67,1024
CUST10769,Jason Morales,California,Master,Non-Binary,48,No,1,2022-11-04,2023-07-06,183.01,756
CUST10549,Brett Campbell,Colorado,Master,Male,22,No,3,2020-11-01,2024-06-08,119.62,418
CUST10165,Ashley Kim,Illinois,Master,Non-Binary,32,Yes,0,2021-09-25,2022-07-04,66.72,1123
CUST10135,Deanna Payne,Ohio,Associate,Female,51,Yes,0,2023-11-11,2024-11-02,245.09,271
CUST10805,Kyle Vaughn,Colorado,PhD,Male,61,No,2,2023-08-28,2025-03-29,224.6,124
CUST10148,Erin Mason,Florida,PhD,Male,37,Yes,2,2020-11-28,2023-01-29,244.64,914
CUST10628,Joseph Mcbride,Ohio,Master,Non-Binary,66,Yes,3,2024-01-27,2025-07-11,355.36,20
CUST10651,Joanna Sullivan,Georgia,Master,Female,61,No,1,2022-03-08,2024-08-09,84.14,356
CUST10688,Christine Martinez,New York,Associate,Male,54,Yes,1,2024-02-24,2024-07-14,113.62,382
CUST10557,Shane Ross,Texas,Associate,Male,23,Yes,3,2021-03-15,2023-08-24,503.13,707
CUST10971,Mr. David Miranda,Arizona,Master,Non-Binary,58,No,2,2022-08-17,2024-04-17,101.06,470
CUST10910,Justin Scott,Washington,Bachelor,Male,23,Yes,1,2023-07-04,2025-05-16,515.08,76
CUST10251,Adam Weaver,Ohio,Associate,Female,44,No,0,2023-12-17,2024-08-29,143.59,336
CUST10400,Daniel Gregory,Colorado,Associate,Female,38,Yes,2,2022-09-20,2025-07-06,384.85,25
CUST10431,Daniel Fernandez,California,Associate,Female,36,Yes,0,2021-07-04,2023-05-25,99.71,798
CUST10774,Brad Guzman,Texas,Associate,Female,43,Yes,2,2021-05-15,2023-07-19,297.03,743
CUST10107,Shelley Mcdowell,Florida,High School,Male,61,No,0,2020-08-17,2023-04-10,426.89,843
CUST10194,Frank Fletcher,Washington,High School,Non-Binary,61,No,0,2023-06-05,2025-01-13,200.23,199
CUST10820,David Ramirez,Florida,Associate,Non-Binary,74,Yes,1,2022-03-16,2023-11-04,596.48,635
CUST10209,Richard Brown,New York,High School,Male,71,Yes,2,2023-04-06,2023-07-26,364.59,736
CUST10593,Phillip Padilla,Arizona,High School,Female,55,No,0,2020-12-08,2025-07-19,170.54,12
CUST10395,Mary Mcneil,Ohio,Bachelor,Male,33,No,0,2022-08-06,2024-08-12,16.66,353
CUST10111,Samantha Patton,Florida,Master,Male,42,No,2,2021-04-23,2024-09-09,763.07,325
CUST10568,Scott Weeks,New York,Associate,Female,62,No,0,2023-07-17,2024-07-13,383.26,383
CUST10399,Dr. Ryan Coleman,Texas,High School,Non-Binary,37,Yes,1,2020-11-24,2024-07-03,171.88,393
CUST10163,Scott Mitchell,California,Associate,Non-Binary,28,Yes,2,2020-10-22,2024-06-18,59.13,408
CUST10631,Jennifer Durham,Ohio,Bachelor,Male,51,Yes,4,2024-03-21,2025-03-20,183.07,133
CUST10286,Nicole Porter DVM,New York,Master,Male,46,Yes,0,2024-02-09,2024-04-15,229.35,472
CUST10335,Donald Martin,California,Associate,Non-Binary,67,Yes,4,2020-07-31,2022-09-19,402.33,1046
CUST10924,Christopher Craig,Florida,PhD,Female,23,No,1,2024-02-23,2024-03-31,343.72,487
CUST10869,Olivia Ramirez,New York,Bachelor,Male,61,No,1,2020-09-02,2023-08-24,142.74,707
CUST10714,Bradley Williams,Georgia,Associate,Male,75,No,1,2023-05-10,2024-11-12,108.16,261
CUST10574,David Jensen,New York,Bachelor,Non-Binary,51,No,4,2021-05-11,2022-04-18,229.33,1200
CUST10051,Mary Mccullough,California,Master,Male,34,No,2,2022-06-27,2024-05-28,178.02,429
CUST10947,Teresa Valdez,Washington,Master,Male,39,No,0,2022-03-29,2024-05-11,156.9,446
CUST10155,Gavin Olson,Ohio,Associate,Non-Binary,50,No,1,2021-02-05,2024-08-07,215.6,358
CUST10026,Joseph Mcbride,Washington,High School,Male,27,Yes,0,2021-12-07,2025-04-15,280.41,107
CUST10027,Douglas Rowland,Texas,Bachelor,Male,46,Yes,2,2021-04-29,2025-05-02,380.79,90
CUST10836,Brandon Evans,Georgia,High School,Non-Binary,21,Yes,1,2023-03-18,2023-11-30,210.51,609
CUST10828,Dr. Malik Zamora,Illinois,High School,Male,64,No,4,2021-06-25,2023-07-03,317.2,759
CUST10605,Cynthia Schroeder,Ohio,PhD,Non-Binary,33,No,4,2021-11-28,2023-06-14,15.88,778
CUST10296,Felicia Ward,New York,High School,Male,71,Yes,4,2022-09-20,2024-04-06,231.42,481
CUST10765,Michael Bailey,Illinois,PhD,Female,72,No,0,2022-05-26,2023-04-25,367.74,828
CUST10558,Andrew Rivera,Colorado,High School,Male,69,No,2,2024-06-13,2024-11-16,210.3,257
CUST10228,Victor Johnston DDS,Colorado,High School,Male,47,No,4,2022-10-07,2025-06-29,334.19,32
CUST10083,Marc Olson,Florida,Associate,Non-Binary,73,No,2,2022-11-17,2023-10-15,92.29,655
CUST10081,Lisa Taylor,Georgia,High School,Female,29,Yes,1,2022-08-14,2023-02-02,331.06,910
CUST10385,Stephen Gray,New York,Associate,Female,25,No,4,2022-04-10,2023-03-21,93.25,863
CUST10856,Julie Henry,Georgia,High School,Female,25,No,2,2023-12-03,2025-07-14,134.32,17
CUST10875,Jennifer Morales,New York,Bachelor,Female,63,No,2,2023-06-25,2024-05-17,229.47,440
CUST10133,Brett Holloway,Washington,PhD,Non-Binary,49,Yes,4,2022-03-16,2022-07-05,641.27,1122
CUST10930,Anthony Neal,Texas,High School,Non-Binary,64,Yes,0,2023-03-24,2025-01-21,376.84,191
CUST10411,Whitney Lucas,Colorado,Associate,Non-Binary,39,No,2,2022-09-04,2023-08-20,441.64,711
CUST10703,Gregory Perry,New York,High School,Non-Binary,55,No,2,2022-01-21,2025-07-29,147.84,2
CUST10970,Francisco Alvarez,New York,High School,Male,36,Yes,2,2021-11-01,2025-02-05,710.7,176
CUST10346,Maria Johnson,California,Associate,Male,58,No,1,2022-08-26,2025-07-11,200.3,20
CUST10030,Matthew Tran,New York,Master,Male,47,No,2,2022-11-08,2024-09-08,247.59,326
CUST10940,Alexandria Potter,New York,High School,Male,72,Yes,3,2022-04-30,2022-10-12,165.6,1023
CUST10586,Robert Peck,California,PhD,Female,68,No,2,2021-09-03,2022-06-08,222.12,1149
CUST10070,Veronica Horn,Florida,Master,Female,80,No,0,2020-10-24,2025-06-27,477.32,34
CUST10938,John Price,California,PhD,Male,44,No,2,2020-08-31,2020-12-16,560.38,1688
CUST10389,Sean Smith,California,High School,Male,59,No,0,2022-08-10,2024-08-09,237.31,356
CUST10420,Melissa Church,Arizona,Master,Female,64,Yes,0,2024-02-12,2025-06-21,676.9,40
CUST10603,Joseph Lee MD,California,Associate,Non-Binary,65,No,0,2021-04-07,2022-02-22,329.38,1255
CUST10081,Lisa Taylor,Georgia,High School,Female,29,Yes,1,2022-08-14,2025-01-09,75.89,203
CUST10059,Amy Davis,Georgia,PhD,Male,21,Yes,2,2021-10-20,2022-12-04,83.1,970
CUST10434,Megan Hughes,Ohio,PhD,Male,24,Yes,2,2023-10-05,2023-10-17,328.89,653
CUST10705,Sarah Hodge,California,Bachelor,Female,25,No,2,2023-10-07,2024-02-22,123.93,525
CUST10480,Anthony Brown,New York,High School,Female,77,Yes,1,2021-01-12,2025-05-27,235.0,65
CUST10754,Brian Harris,California,Master,Male,28,Yes,1,2021-05-02,2022-02-18,245.15,1259
CUST10591,Barbara Hanson,Colorado,PhD,Non-Binary,40,Yes,1,2020-09-18,2025-05-14,273.54,78
CUST10822,Laura Roy,Georgia,High School,Male,23,No,2,2024-06-16,2024-10-27,133.32,277
CUST10191,Dr. Katie Lamb,Ohio,High School,Non-Binary,32,Yes,2,2020-12-22,2021-11-27,295.05,1342
CUST10828,Dr. Malik Zamora,Illinois,High School,Male,64,No,4,2021-06-25,2023-02-17,615.2,895
CUST10824,Megan Perry,Illinois,High School,Non-Binary,74,Yes,2,2020-09-11,2024-09-15,352.63,319
CUST10067,Peter Brooks,Illinois,Associate,Non-Binary,26,No,1,2021-08-29,2024-05-31,202.72,426
CUST10514,Kristen Eaton,New York,Associate,Male,33,Yes,1,2021-01-03,2023-08-10,173.4,721
CUST10022,Chris Collins,Georgia,PhD,Female,59,Yes,2,2022-03-04,2023-07-26,189.69,736
CUST10038,Cynthia Graham,Washington,High School,Male,64,Yes,2,2022-07-06,2022-12-09,584.7,965
CUST10073,Anthony Smith,California,High School,Female,20,Yes,0,2021-02-09,2025-07-02,197.69,29
CUST10052,William Kemp,Arizona,PhD,Female,72,Yes,1,2023-08-15,2025-02-03,205.14,178
CUST10624,Kelly Ramos,Georgia,High School,Female,35,Yes,2,2021-06-16,2024-02-20,1100.45,527
CUST10352,Kevin Rowland,Texas,Associate,Female,20,No,1,2023-05-08,2024-11-04,343.24,269
CUST10661,Deborah Newton,Arizona,Master,Male,68,No,2,2024-07-15,2024-08-03,212.98,362
CUST10527,Jessica Green,California,Associate,Male,64,No,1,2021-09-29,2022-03-15,304.02,1234
CUST10036,Matthew Pierce,Arizona,Bachelor,Non-Binary,64,Yes,0,2021-02-13,2024-06-04,143.65,422
CUST10125,Erik Campbell,Arizona,PhD,Non-Binary,64,Yes,1,2022-12-31,2024-11-16,271.15,257
CUST10705,Sarah Hodge,California,Bachelor,Female,25,No,2,2023-10-07,2023-12-14,592.04,595
CUST10651,Joanna Sullivan,Georgia,Master,Female,61,No,1,2022-03-08,2024-06-15,329.76,411
CUST10086,Perry Cooke,Florida,High School,Female,47,Yes,1,2022-11-13,2024-06-05,665.31,421
CUST10436,Sean Santos,Georgia,Bachelor,Non-Binary,68,Yes,2,2021-12-19,2022-05-31,934.33,1157
CUST10887,Jason James,Georgia,PhD,Female,66,No,0,2022-06-28,2023-07-24,307.65,738
CUST10850,Elizabeth Edwards,Colorado,Bachelor,Male,34,Yes,1,2022-01-29,2024-07-07,173.12,389
CUST10488,Brooke Turner,California,Associate,Male,39,Yes,0,2023-03-10,2024-05-13,593.35,444
CUST10969,Victor Johnson,Texas,PhD,Non-Binary,56,Yes,4,2022-03-11,2023-01-10,61.73,933
CUST10360,Michael Wright,Illinois,Associate,Non-Binary,18,Yes,1,2021-04-25,2023-06-02,446.53,790
CUST10635,Sherry Stanley,Washington,Associate,Female,39,No,1,2023-12-28,2025-04-16,704.32,106
CUST10329,Gary Campbell,California,PhD,Male,43,No,1,2024-03-14,2025-02-21,362.8,160
CUST10690,Leah Moore,Arizona,Bachelor,Non-Binary,24,Yes,1,2021-07-24,2021-08-31,445.74,1430
CUST10720,Mrs. Raven Fisher,Florida,High School,Non-Binary,72,No,1,2021-04-06,2021-04-30,456.31,1553
CUST10400,Daniel Gregory,Colorado,Associate,Female,38,Yes,2,2022-09-20,2023-06-06,320.6,786
CUST10978,Kenneth Vang,Texas,Master,Non-Binary,75,No,0,2021-05-08,2025-03-07,125.74,146
CUST10837,Michael Navarro,California,Bachelor,Female,70,Yes,3,2022-06-04,2023-07-27,608.4,735
CUST10733,Jean Reed,Florida,Associate,Male,68,Yes,4,2023-07-27,2023-11-16,413.5,623
CUST10358,Scott Finley,Ohio,High School,Male,21,Yes,2,2021-10-31,2022-05-19,597.84,1169
CUST10991,Kevin Beck,Florida,Bachelor,Female,80,No,4,2024-02-13,2024-10-05,157.98,299
CUST10197,Nicole Alvarez,Washington,Master,Male,46,Yes,1,2021-08-26,2023-08-28,395.59,703
CUST10297,Michelle Rogers,Arizona,Master,Female,40,Yes,2,2024-07-24,2024-11-21,404.85,252
CUST10553,Matthew Levy,Ohio,Master,Male,28,No,2,2022-12-02,2025-05-03,202.2,89
CUST10924,Christopher Craig,Florida,PhD,Female,23,No,1,2024-02-23,2025-02-07,194.21,174
CUST10296,Felicia Ward,New York,High School,Male,71,Yes,4,2022-09-20,2023-05-28,503.79,795
CUST10802,April Davis,Arizona,Bachelor,Non-Binary,30,No,4,2023-02-06,2024-04-23,204.39,464
CUST10494,Christopher Golden,Texas,PhD,Male,35,No,2,2020-11-19,2022-11-16,335.58,988
CUST10792,Richard Henry,Texas,PhD,Male,54,Yes,3,2022-10-06,2025-03-21,458.59,132
CUST10465,Juan Zamora,Colorado,High School,Female,51,No,1,2023-03-03,2024-08-20,272.57,345
CUST10436,Sean Santos,Georgia,Bachelor,Non-Binary,68,Yes,2,2021-12-19,2023-11-01,402.57,638
CUST10017,Kenneth Ferguson,Florida,High School,Male,74,No,1,2023-07-25,2023-12-11,333.49,598
CUST10182,Donna Nichols DDS,Florida,Master,Non-Binary,78,No,3,2024-01-10,2025-05-25,770.16,67
CUST10568,Scott Weeks,New York,Associate,Female,62,No,0,2023-07-17,2025-05-11,58.95,81
CUST10863,Sara Tanner,Texas,Bachelor,Female,64,Yes,2,2024-03-08,2024-03-12,200.93,506
CUST10785,Mr. Joshua Martinez,New York,High School,Female,19,No,0,2021-08-26,2023-05-25,480.12,798
CUST10321,Micheal Davis,Texas,High School,Female,39,Yes,3,2023-12-30,2024-02-22,374.08,525
CUST10971,Mr. David Miranda,Arizona,Master,Non-Binary,58,No,2,2022-08-17,2025-04-27,110.45,95
CUST10795,Jamie Gardner,Washington,Associate,Female,47,No,1,2020-11-12,2024-06-23,112.78,403
CUST10872,Paige Rubio,Georgia,Associate,Male,51,No,0,2023-10-19,2023-11-10,257.08,629
CUST10993,Dawn Williams,Arizona,Associate,Male,39,Yes,0,2020-10-10,2022-04-25,178.58,1193
CUST10576,Laura Miller,Texas,PhD,Female,29,No,3,2023-05-18,2025-06-04,157.7,57
CUST10733,Jean Reed,Florida,Associate,Male,68,Yes,4,2023-07-27,2024-06-08,313.62,418
CUST10323,Brandon Walton,Washington,Associate,Male,54,Yes,3,2024-07-15,2024-10-30,555.68,274
CUST10815,Carol Peterson MD,Washington,Master,Non-Binary,46,Yes,3,2024-06-17,2025-02-20,240.34,161
CUST10567,Kelsey Hughes,Colorado,Master,Male,65,Yes,0,2021-10-31,2025-03-04,193.01,149
CUST10296,Felicia Ward,New York,High School,Male,71,Yes,4,2022-09-20,2023-04-04,355.93,849
CUST10802,April Davis,Arizona,Bachelor,Non-Binary,30,No,4,2023-02-06,2025-03-30,175.0,123
CUST10762,Shannon Ross,Texas,Associate,Non-Binary,75,No,4,2023-03-22,2023-09-17,829.76,683
CUST10603,Joseph Lee MD,California,Associate,Non-Binary,65,No,0,2021-04-07,2023-10-26,123.3,644
CUST10509,Andrew Griffith,Washington,PhD,Male,32,No,0,2023-08-20,2025-04-10,272.71,112
CUST10813,Brandon Santiago,Arizona,Master,Non-Binary,42,No,0,2023-01-27,2024-04-14,666.39,473
CUST10242,Kyle Klein,Ohio,Associate,Female,24,Yes,3,2023-02-07,2024-06-17,276.34,409
CUST10944,Elizabeth Burton,Georgia,Bachelor,Male,65,No,0,2022-01-21,2023-11-15,298.73,624
CUST10105,Shelley King,Colorado,Bachelor,Male,65,No,2,2022-06-22,2024-10-12,131.08,292
CUST10881,Charles Roach,Illinois,Master,Non-Binary,63,Yes,2,2024-01-24,2025-02-25,298.36,156
CUST10547,Amanda Hall,Washington,Associate,Female,28,No,2,2023-07-03,2024-05-27,160.18,430
CUST10214,Philip Taylor,California,High School,Male,46,No,1,2022-11-02,2025-03-26,156.93,127
CUST10013,Jennifer Ritter,Florida,PhD,Non-Binary,73,Yes,4,2024-02-06,2024-08-16,395.12,349
CUST10867,Alexander Koch,Georgia,Bachelor,Male,53,No,4,2022-12-10,2025-03-15,221.02,138
CUST10013,Jennifer Ritter,Florida,PhD,Non-Binary,73,Yes,4,2024-02-06,2024-03-09,461.57,509
CUST10987,Victoria Wolf,Ohio,PhD,Male,22,Yes,4,2024-04-07,2025-01-09,276.93,203
CUST10852,Gary Coleman,Georgia,Master,Male,58,No,0,2022-12-28,2024-12-31,484.01,212
CUST10305,Heather Russell,Washington,Master,Female,21,Yes,2,2021-12-11,2024-09-06,145.28,328
CUST10837,Michael Navarro,California,Bachelor,Female,70,Yes,3,2022-06-04,2022-10-23,146.0,1012
CUST10212,Joseph Williams,Arizona,Associate,Female,39,No,1,2021-03-13,2022-01-14,346.26,1294
CUST10279,Anthony Mcdonald,Georgia,Bachelor,Male,42,No,0,2021-04-07,2024-08-17,197.26,348
CUST10761,Richard Thomas,Georgia,Bachelor,Female,58,No,1,2023-01-01,2025-04-22,278.26,100
CUST10398,Teresa Gardner,Illinois,High School,Male,72,Yes,3,2023-12-01,2024-05-21,234.35,436
CUST10134,Travis Barber,Ohio,Bachelor,Male,67,Yes,0,2020-11-15,2025-06-16,31.81,45
CUST10498,Derek Greene,Colorado,Associate,Non-Binary,52,No,1,2024-07-26,2024-10-26,550.15,278
CUST10397,Jennifer Patel,Texas,Bachelor,Non-Binary,70,Yes,1,2023-03-17,2024-09-26,785.56,308
CUST10560,April Richardson,Florida,Master,Female,28,No,0,2021-09-12,2024-12-30,164.81,213
CUST10084,Michael Nelson,Florida,High School,Female,41,Yes,2,2022-01-18,2022-03-02,267.62,1247
CUST10542,Catherine Haynes,Texas,PhD,Female,18,No,0,2023-10-17,2023-12-21,19.31,588
CUST10509,Andrew Griffith,Washington,PhD,Male,32,No,0,2023-08-20,2025-03-21,147.31,132
CUST10089,Alexandria Scott,Colorado,Bachelor,Male,21,Yes,2,2023-08-16,2025-05-05,423.49,87
CUST10254,Dean Wright,Florida,PhD,Male,80,No,0,2021-05-30,2024-07-09,27.35,387
CUST10542,Catherine Haynes,Texas,PhD,Female,18,No,0,2023-10-17,2023-12-26,579.14,583
CUST10935,Scott Wood MD,California,High School,Male,78,No,0,2023-02-05,2024-04-18,173.94,469
CUST10008,Jennifer Gray,Georgia,High School,Female,31,Yes,1,2022-05-18,2025-01-10,1020.43,202
CUST10180,Julia Dennis,Washington,PhD,Non-Binary,45,No,0,2021-03-02,2022-12-23,246.84,951
CUST10243,Nicholas Johnson,Ohio,Bachelor,Non-Binary,50,Yes,2,2020-12-20,2024-04-07,83.71,480
CUST10313,Jamie Harrison,Georgia,PhD,Female,33,Yes,1,2021-04-12,2022-10-30,457.64,1005
CUST10615,Frank Bowman,New York,Master,Non-Binary,59,No,3,2024-01-25,2025-01-10,467.82,202
CUST10912,Diana Clark,Florida,High School,Non-Binary,46,Yes,1,2024-03-23,2024-05-31,64.33,426
CUST10017,Kenneth Ferguson,Florida,High School,Male,74,No,1,2023-07-25,2023-08-29,155.88,702
CUST10663,Jacob Morrison,California,PhD,Male,19,Yes,1,2020-12-12,2025-06-04,178.08,57
CUST10285,Miranda Stone,Arizona,Associate,Female,45,No,2,2023-09-09,2024-03-07,100.07,511
CUST10439,Mrs. Traci Hernandez,Georgia,Master,Male,77,Yes,2,2023-10-17,2023-12-05,299.74,604
CUST10838,Derek Salinas,Ohio,Associate,Non-Binary,62,Yes,1,2021-12-06,2023-07-10,516.9,752
CUST10132,Mark Ross,Florida,Bachelor,Male,24,No,2,2022-07-14,2024-09-21,239.04,313
CUST10849,Nicole Oliver,Georgia,Master,Male,29,No,2,2023-04-02,2023-04-29,169.36,824
CUST10172,Donna Cain,California,Bachelor,Male,19,No,0,2021-10-08,2022-06-19,402.73,1138
CUST10288,David Strickland,Georgia,Master,Male,27,No,0,2022-08-13,2023-12-31,253.35,578
CUST10184,Stephen Miller,Colorado,PhD,Male,62,Yes,0,2020-08-25,2021-08-30,69.74,1431
CUST10949,Craig Cook,Ohio,Master,Female,39,Yes,0,2022-04-28,2024-02-25,120.69,522
CUST10355,Wendy Diaz,Ohio,High School,Male,22,Yes,2,2022-06-05,2025-07-06,163.36,25
CUST10310,Luke Duffy,Illinois,PhD,Male,39,Yes,0,2021-11-26,2025-06-24,131.39,37
CUST10106,Kenneth Martinez Jr.,Arizona,High School,Male,73,No,1,2024-05-29,2024-09-09,1014.46,325
CUST10101,Melissa Flores,Georgia,Master,Non-Binary,78,No,2,2023-01-06,2024-08-23,301.57,342
CUST10172,Donna Cain,California,Bachelor,Male,19,No,0,2021-10-08,2023-09-14,284.51,686
CUST10041,Christine Johnson,Washington,High School,Female,75,Yes,1,2024-05-27,2025-03-08,84.17,145
CUST10729,James Jackson,Illinois,Bachelor,Male,75,No,0,2024-02-08,2025-06-01,125.51,60
CUST10161,Barbara Jones,Ohio,High School,Male,54,Yes,1,2024-04-21,2024-10-24,583.03,280
CUST10704,Sharon Cox,Ohio,High School,Non-Binary,37,No,1,2022-02-28,2024-08-11,334.28,354
CUST10433,Shannon Simpson,Georgia,PhD,Female,30,Yes,1,2020-10-21,2021-05-31,559.65,1522
CUST10186,John Marshall,Texas,Associate,Male,80,Yes,1,2023-04-01,2024-11-08,504.82,265
CUST10471,Brian Mullins,Arizona,PhD,Female,77,Yes,1,2020-09-18,2023-07-30,649.33,732
CUST10764,Cassie Morgan,Florida,Bachelor,Non-Binary,67,Yes,1,2024-07-14,2024-10-01,59.76,303
CUST10948,Patricia Koch,Texas,PhD,Male,28,Yes,2,2021-01-07,2022-04-30,434.7,1188
CUST10261,Richard Thomas,Texas,Master,Male,45,Yes,0,2021-08-06,2021-09-21,239.01,1409
CUST10700,Robert Rodgers,Arizona,High School,Female,34,Yes,0,2024-06-13,2025-03-15,700.78,138
CUST10583,Sergio Taylor,New York,Master,Non-Binary,32,No,1,2020-10-01,2022-03-21,545.24,1228
CUST10937,Raven Perry,Ohio,Associate,Male,71,No,2,2022-07-06,2024-04-12,350.3,475
CUST10186,John Marshall,Texas,Associate,Male,80,Yes,1,2023-04-01,2025-03-01,224.95,152
CUST10294,Connor Young,New York,High School,Male,66,Yes,1,2021-06-01,2022-07-05,281.61,1122
CUST10401,Jason Miller DDS,Texas,Bachelor,Male,37,No,2,2024-07-08,2024-08-31,488.68,334
CUST10900,Larry Long,Ohio,Associate,Male,41,No,0,2023-09-02,2023-12-06,472.92,603
CUST10337,William Cohen,Illinois,PhD,Non-Binary,20,No,0,2021-08-14,2024-04-12,313.62,475
CUST10908,Adam Ellison,Washington,High School,Female,77,Yes,1,2021-07-12,2025-05-21,132.31,71
CUST10672,Stephen Wright,Florida,Associate,Non-Binary,75,Yes,0,2021-05-24,2022-01-13,464.74,1295
CUST10455,Maurice Cook,Illinois,Bachelor,Non-Binary,48,No,0,2021-11-17,2024-03-26,345.12,492
CUST10524,Cassie Ray,California,Bachelor,Non-Binary,46,No,0,2024-06-25,2025-01-17,234.42,195
CUST10318,Matthew Ruiz,Washington,Associate,Female,31,Yes,1,2021-08-09,2021-09-05,386.93,1425
CUST10706,Ronald Becker,California,PhD,Non-Binary,22,No,2,2024-03-08,2024-05-03,226.81,454
CUST10388,Ronald Ramirez,Illinois,High School,Male,50,No,2,2022-05-24,2022-09-09,382.7,1056
CUST10394,Stuart Young,California,Bachelor,Female,33,No,1,2021-02-10,2025-05-05,134.57,87
CUST10819,Philip Wilcox,Florida,Master,Male,39,Yes,2,2023-10-17,2024-04-02,92.45,485
CUST10073,Anthony Smith,California,High School,Female,20,Yes,0,2021-02-09,2023-08-03,362.2,728
CUST10555,Andrew Watson,California,PhD,Female,64,No,0,2022-09-10,2023-08-31,336.91,700
CUST10970,Francisco Alvarez,New York,High School,Male,36,Yes,2,2021-11-01,2024-05-26,338.33,431
CUST10486,James Wells,Georgia,Master,Female,21,Yes,4,2023-11-20,2024-06-19,253.37,407
CUST10622,Andre Dennis,Illinois,Bachelor,Male,34,Yes,0,2022-09-17,2024-02-08,528.15,539
CUST10407,Robert Anderson,Arizona,High School,Non-Binary,66,Yes,3,2021-09-18,2024-10-24,699.85,280
CUST10477,Caleb Perry,Ohio,High School,Female,63,No,0,2022-12-27,2025-02-21,193.06,160
CUST10763,Melissa Harrison,Arizona,Bachelor,Non-Binary,64,No,0,2023-10-03,2024-07-26,410.26,370
CUST10434,Megan Hughes,Ohio,PhD,Male,24,Yes,2,2023-10-05,2025-02-09,471.33,172
CUST10800,Michael Tate,Colorado,Associate,Male,39,Yes,0,2023-10-30,2024-08-16,665.8,349
CUST10440,Linda Merritt,Colorado,Master,Non-Binary,40,Yes,1,2022-04-19,2023-10-07,81.61,663
CUST10480,Anthony Brown,New York,High School,Female,77,Yes,1,2021-01-12,2025-01-23,121.56,189
CUST10087,Tina Singh,Arizona,Bachelor,Male,44,No,1,2023-10-28,2024-05-12,63.74,445
CUST10798,Sharon Schneider,Washington,High School,Non-Binary,45,No,2,2021-04-30,2024-02-11,376.25,536
CUST10257,Mary Wilkins,Washington,Associate,Non-Binary,41,No,0,2022-08-01,2025-04-17,553.76,105
CUST10049,Mathew Schmidt,Arizona,Associate,Female,66,Yes,2,2021-07-25,2023-12-26,520.6,583
CUST10637,Emily Schneider,Florida,Associate,Non-Binary,68,No,1,2022-03-01,2024-12-11,175.62,232
CUST10805,Kyle Vaughn,Colorado,PhD,Male,61,No,2,2023-08-28,2025-03-13,186.81,140
CUST10949,Craig Cook,Ohio,Master,Female,39,Yes,0,2022-04-28,2022-10-09,82.36,1026
CUST10733,Jean Reed,Florida,Associate,Male,68,Yes,4,2023-07-27,2024-01-11,347.24,567
CUST10691,John Velasquez,Ohio,Associate,Female,66,No,0,2021-11-22,2025-02-26,148.07,155
CUST10357,John Thomas,Ohio,Master,Female,63,Yes,0,2023-03-10,2024-08-04,678.82,361
CUST10617,Dr. Stacy Cervantes,California,Master,Male,54,No,3,2024-04-18,2025-06-11,87.79,50
CUST10825,Gary Marshall,New York,Bachelor,Non-Binary,54,No,0,2022-08-19,2025-04-06,264.13,116
CUST10863,Sara Tanner,Texas,Bachelor,Female,64,Yes,2,2024-03-08,2024-03-25,783.67,493
CUST10364,Douglas Sullivan DDS,Arizona,Master,Male,80,No,0,2023-01-30,2023-03-17,69.04,867
CUST10225,James Walker,Georgia,PhD,Male,49,No,2,2021-10-08,2024-02-02,536.53,545
CUST10462,Billy Thompson,Ohio,Associate,Male,37,Yes,4,2023-12-14,2025-07-19,153.19,12
CUST10928,Jessica Pierce,Texas,Associate,Male,42,No,0,2022-10-21,2023-12-27,516.26,582
CUST10510,Timothy Mclaughlin,Illinois,Bachelor,Non-Binary,20,No,0,2020-09-08,2022-05-16,289.31,1172
CUST10421,Kimberly Matthews,California,Bachelor,Male,60,Yes,1,2021-07-17,2024-11-29,148.73,244
CUST10807,Matthew Hopkins,Illinois,Bachelor,Male,43,No,0,2021-06-19,2025-02-24,134.67,157
CUST10758,Nicolas Cruz,Illinois,Master,Male,66,No,1,2022-02-25,2025-01-21,326.32,191
CUST10971,Mr. David Miranda,Arizona,Master,Non-Binary,58,No,2,2022-08-17,2025-03-15,307.68,138
CUST10549,Brett Campbell,Colorado,Master,Male,22,No,3,2020-11-01,2024-07-15,357.7,381
CUST10482,Mark Clark,Arizona,Bachelor,Male,39,No,1,2020-08-15,2021-01-27,1133.83,1646
CUST10169,Jessica Figueroa,Washington,PhD,Male,78,No,0,2023-05-24,2023-06-30,186.14,762
CUST10486,James Wells,Georgia,Master,Female,21,Yes,4,2023-11-20,2024-05-15,95.77,442
CUST10992,Sheila Gonzales,Arizona,Associate,Female,48,Yes,1,2022-07-07,2022-10-07,69.97,1028
CUST10371,Deborah Gibson,Washington,PhD,Female,35,No,2,2023-09-24,2023-12-26,997.88,583
CUST10372,Jennifer Sullivan,Ohio,PhD,Female,50,No,0,2023-05-30,2024-08-04,292.73,361
CUST10810,Richard Bailey,Illinois,High School,Non-Binary,77,Yes,0,2023-01-08,2023-09-01,423.12,699
CUST10855,Samantha Burns,Florida,Bachelor,Female,79,No,2,2020-10-18,2023-10-04,214.14,666
CUST10220,Elizabeth Monroe,Illinois,PhD,Female,61,Yes,3,2023-04-26,2025-06-29,579.1,32
CUST10206,Michelle Schmidt,Ohio,Associate,Female,67,Yes,0,2020-11-29,2025-07-28,1144.15,3
CUST10656,William Kim,Florida,PhD,Non-Binary,25,Yes,2,2023-09-11,2024-04-17,184.62,470
CUST10219,Karen Johns,Texas,High School,Female,28,Yes,1,2021-12-06,2023-09-19,138.27,681
CUST10113,Sean Mathews,Arizona,Associate,Non-Binary,65,No,1,2023-07-17,2024-07-02,561.34,394
CUST10227,William Mclean,California,PhD,Female,64,Yes,0,2023-12-20,2025-01-29,117.89,183
CUST10777,Andrew Walker,Georgia,Master,Female,46,Yes,1,2022-10-28,2023-12-17,461.52,592
CUST10432,Tina Elliott,Washington,Master,Female,49,No,1,2024-05-19,2024-06-27,551.95,399
CUST10073,Anthony Smith,California,High School,Female,20,Yes,0,2021-02-09,2022-05-24,294.78,1164
CUST10441,Erin Gutierrez,Texas,Associate,Female,56,Yes,1,2021-12-06,2023-05-07,161.0,816
CUST10231,Carrie Williams,Ohio,PhD,Male,28,No,1,2020-10-08,2024-12-10,455.97,233
CUST10847,Rebecca Mitchell,Illinois,Bachelor,Non-Binary,42,Yes,2,2022-10-22,2023-08-06,208.92,725
CUST10785,Mr. Joshua Martinez,New York,High School,Female,19,No,0,2021-08-26,2024-10-15,555.69,289
CUST10692,Heidi Tucker,Florida,PhD,Female,68,No,2,2022-12-26,2024-12-07,128.82,236
CUST10709,Jason Haynes,California,Bachelor,Female,36,No,1,2023-10-03,2024-12-17,151.58,226
CUST10796,Sarah Larsen,Ohio,Bachelor,Female,74,Yes,1,2024-05-17,2025-04-05,257.41,117
CUST10725,John Tyler,Arizona,Bachelor,Female,69,No,2,2023-06-18,2024-06-28,699.3,398
CUST10926,Amy Smith,Colorado,PhD,Female,36,No,1,2023-07-27,2023-10-22,26.56,648
CUST10441,Erin Gutierrez,Texas,Associate,Female,56,Yes,1,2021-12-06,2022-12-27,67.54,947
CUST10109,Thomas Gilbert,Florida,Master,Non-Binary,51,Yes,3,2023-03-12,2023-09-07,165.77,693
CUST10183,Casey Arnold,Florida,PhD,Female,24,No,1,2023-08-22,2024-07-21,166.82,375
CUST10562,Dustin Bell,Florida,High School,Male,19,Yes,1,2024-04-12,2024-04-17,234.27,470
CUST10992,Sheila Gonzales,Arizona,Associate,Female,48,Yes,1,2022-07-07,2024-01-23,289.53,555
CUST10975,Max Carson,Ohio,Master,Male,34,No,0,2021-03-10,2021-09-30,523.11,1400
CUST10035,Christina Lambert,Illinois,PhD,Non-Binary,25,Yes,4,2024-01-29,2025-07-14,79.82,17
CUST10481,Jenna Butler,New York,Master,Female,30,Yes,2,2024-06-03,2025-02-24,79.94,157
CUST10856,Julie Henry,Georgia,High School,Female,25,No,2,2023-12-03,2024-08-03,602.61,362
CUST10653,Angelica Martinez,Arizona,PhD,Non-Binary,80,No,0,2022-05-28,2024-12-21,178.2,222
CUST10562,Dustin Bell,Florida,High School,Male,19,Yes,1,2024-04-12,2025-06-05,296.52,56
CUST10105,Shelley King,Colorado,Bachelor,Male,65,No,2,2022-06-22,2023-12-05,104.87,604
CUST10879,Kristina Pineda,Washington,PhD,Non-Binary,41,Yes,1,2022-11-07,2024-09-02,215.06,332
CUST10580,Kayla Gonzalez,Georgia,High School,Female,45,No,1,2021-11-28,2022-07-10,190.65,1117
CUST10270,Stephen Rodriguez,Colorado,Associate,Female,42,Yes,0,2020-12-12,2021-03-24,163.66,1590
CUST10015,Kayla Oneill,Texas,PhD,Non-Binary,69,No,2,2021-05-07,2021-07-16,140.21,1476
CUST10183,Casey Arnold,Florida,PhD,Female,24,No,1,2023-08-22,2025-07-20,110.24,11
CUST10526,Walter Dean,Texas,Master,Male,68,Yes,1,2021-05-30,2022-11-16,86.48,988
CUST10192,Jeffrey Stewart,Georgia,High School,Female,34,Yes,0,2024-04-09,2025-06-16,377.67,45
CUST10598,April Edwards,Georgia,Associate,Female,35,No,1,2023-09-18,2024-09-29,363.5,305
CUST10862,James Blake,Texas,Associate,Non-Binary,26,No,0,2021-03-20,2022-02-02,292.01,1275
CUST10560,April Richardson,Florida,Master,Female,28,No,0,2021-09-12,2025-01-05,252.85,207
CUST10583,Sergio Taylor,New York,Master,Non-Binary,32,No,1,2020-10-01,2023-11-06,305.52,633
CUST10176,Phyllis Mason,California,PhD,Female,38,No,3,2021-05-02,2022-09-13,603.15,1052
CUST10112,Jasmin Duarte,Texas,High School,Non-Binary,19,No,0,2022-09-21,2023-06-18,164.78,774
CUST10397,Jennifer Patel,Texas,Bachelor,Non-Binary,70,Yes,1,2023-03-17,2024-01-26,660.1,552
CUST10686,Dennis Kane,Washington,PhD,Female,75,No,3,2023-08-24,2024-07-03,158.18,393
CUST10482,Mark Clark,Arizona,Bachelor,Male,39,No,1,2020-08-15,2023-11-04,415.49,635
CUST10663,Jacob Morrison,California,PhD,Male,19,Yes,1,2020-12-12,2024-02-26,234.91,521
CUST10960,Michael Stephenson,Ohio,PhD,Female,49,Yes,2,2022-04-26,2023-11-23,487.15,616
CUST10312,Erin Norman,Illinois,High School,Non-Binary,24,No,2,2023-11-20,2024-07-08,559.47,388
CUST10335,Donald Martin,California,Associate,Non-Binary,67,Yes,4,2020-07-31,2024-09-05,136.38,329
CUST10103,Brooke Hendricks,Texas,Master,Male,27,Yes,0,2023-08-12,2023-12-27,384.69,582
CUST10528,Mr. Gary Graham DDS,Georgia,Master,Male,35,Yes,0,2024-03-04,2024-06-03,349.48,423
CUST10709,Jason Haynes,California,Bachelor,Female,36,No,1,2023-10-03,2024-04-01,442.94,486
CUST10645,Scott Daniels,Ohio,Bachelor,Female,41,Yes,2,2023-05-24,2023-12-18,886.06,591
CUST10360,Michael Wright,Illinois,Associate,Non-Binary,18,Yes,1,2021-04-25,2021-08-28,1151.38,1433
CUST10051,Mary Mccullough,California,Master,Male,34,No,2,2022-06-27,2023-07-10,665.07,752
CUST10110,Christopher Mccormick,New York,Associate,Male,48,Yes,2,2022-12-10,2022-12-14,162.8,960
CUST10397,Jennifer Patel,Texas,Bachelor,Non-Binary,70,Yes,1,2023-03-17,2023-04-28,213.61,825
CUST10452,Timothy Robertson,Ohio,High School,Non-Binary,51,Yes,0,2024-06-04,2025-04-21,242.6,101
CUST10090,Cameron Bowen,Arizona,Master,Female,32,No,2,2022-10-29,2023-02-11,193.39,901
CUST10547,Amanda Hall,Washington,Associate,Female,28,No,2,2023-07-03,2024-01-25,227.89,553
CUST10375,Renee Simpson,Georgia,PhD,Non-Binary,29,Yes,1,2024-06-20,2024-06-20,510.9,406
CUST10107,Shelley Mcdowell,Florida,High School,Male,61,No,0,2020-08-17,2024-01-09,175.39,569
CUST10257,Mary Wilkins,Washington,Associate,Non-Binary,41,No,0,2022-08-01,2024-02-04,350.95,543
CUST10587,John Clark,New York,Master,Female,53,Yes,3,2022-04-05,2025-02-05,496.15,176
CUST10283,Adam Davis,Illinois,High School,Male,51,No,0,2022-06-13,2022-10-09,184.96,1026
CUST10201,Debra Chavez,Washington,Master,Non-Binary,70,Yes,1,2023-08-07,2024-03-30,83.6,488
CUST10922,Tammie Lopez,Washington,Associate,Male,73,No,0,2021-10-10,2022-04-28,196.41,1190
CUST10954,Ronald Smith,Arizona,Master,Male,34,Yes,0,2021-06-10,2024-05-21,106.7,436
CUST10253,Mrs. Lisa Jennings DDS,Illinois,Master,Male,61,Yes,0,2022-03-25,2024-07-12,363.35,384
CUST10819,Philip Wilcox,Florida,Master,Male,39,Yes,2,2023-10-17,2024-03-29,199.36,489
CUST10866,Evelyn Bartlett,Georgia,Bachelor,Female,31,Yes,2,2021-11-19,2024-02-12,252.12,535
CUST10626,Lindsey Miller,New York,Master,Male,35,Yes,1,2021-12-10,2022-05-10,456.08,1178
CUST10741,Dr. Erica Perez,California,Master,Male,73,No,0,2022-03-19,2023-05-02,312.65,821
CUST10897,Richard Becker,Washington,High School,Male,27,Yes,4,2022-04-22,2023-08-19,79.2,712
CUST10453,Christian Villanueva,California,Master,Non-Binary,33,No,2,2023-02-23,2024-03-07,69.06,511
CUST10025,Timothy Wright,Ohio,Master,Female,58,Yes,2,2021-06-12,2024-02-25,310.26,522
CUST10007,Lori Murphy,Georgia,Associate,Female,22,No,2,2024-03-25,2024-09-25,224.07,309
CUST10171,Catherine Mendoza,Ohio,Master,Female,43,Yes,4,2022-12-10,2022-12-13,92.43,961
CUST10922,Tammie Lopez,Washington,Associate,Male,73,No,0,2021-10-10,2025-06-08,159.74,53
CUST10276,Sandra Torres,Texas,High School,Non-Binary,59,No,1,2023-08-15,2024-12-01,241.79,242
CUST10148,Erin Mason,Florida,PhD,Male,37,Yes,2,2020-11-28,2022-12-15,120.09,959
CUST10132,Mark Ross,Florida,Bachelor,Male,24,No,2,2022-07-14,2024-09-11,48.78,323
CUST10310,Luke Duffy,Illinois,PhD,Male,39,Yes,0,2021-11-26,2024-02-21,279.52,526
CUST10483,Robert Oconnell,Illinois,Associate,Female,57,Yes,1,2022-04-22,2023-09-07,186.82,693
CUST10318,Matthew Ruiz,Washington,Associate,Female,31,Yes,1,2021-08-09,2024-06-15,372.94,411
CUST10792,Richard Henry,Texas,PhD,Male,54,Yes,3,2022-10-06,2024-01-06,321.08,572
CUST10582,Adrian Henry,Texas,Master,Non-Binary,26,No,2,2021-12-14,2023-10-13,475.56,657
CUST10461,David Cook,Georgia,PhD,Female,74,Yes,0,2021-07-27,2025-05-21,34.98,71
CUST10926,Amy Smith,Colorado,PhD,Female,36,No,1,2023-07-27,2023-11-07,1018.23,632
CUST10165,Ashley Kim,Illinois,Master,Non-Binary,32,Yes,0,2021-09-25,2021-11-12,312.0,1357
CUST10618,Kelly Beard,Colorado,Bachelor,Non-Binary,58,Yes,1,2021-03-17,2024-05-22,482.11,435
CUST10703,Gregory Perry,New York,High School,Non-Binary,55,No,2,2022-01-21,2024-08-02,549.76,363
CUST10291,Jeffrey Johnson,Arizona,Bachelor,Male,45,Yes,1,2024-03-28,2024-04-02,158.25,485
CUST10239,Paul Davis,New York,Bachelor,Female,72,Yes,1,2021-04-24,2021-08-24,115.09,1437
CUST10937,Raven Perry,Ohio,Associate,Male,71,No,2,2022-07-06,2024-07-21,260.32,375
CUST10591,Barbara Hanson,Colorado,PhD,Non-Binary,40,Yes,1,2020-09-18,2022-02-19,288.35,1258
CUST10996,Cody Harper,New York,High School,Female,62,No,2,2022-02-02,2023-09-15,193.21,685
CUST10353,Michelle Goodwin,Ohio,PhD,Male,76,No,3,2022-06-03,2023-01-27,121.14,916
CUST10449,John Lloyd,Arizona,Master,Non-Binary,31,Yes,0,2022-07-03,2024-02-22,246.42,525
CUST10184,Stephen Miller,Colorado,PhD,Male,62,Yes,0,2020-08-25,2021-07-01,249.54,1491
CUST10661,Deborah Newton,Arizona,Master,Male,68,No,2,2024-07-15,2025-02-23,88.17,158
CUST10876,Erica Flowers,New York,Associate,Female,70,Yes,1,2021-08-06,2025-05-29,721.27,63
CUST10994,Misty Davis,Colorado,Master,Non-Binary,36,Yes,3,2023-01-06,2023-11-24,156.71,615
CUST10006,Jeffrey Torres,Colorado,Bachelor,Non-Binary,72,No,1,2021-01-18,2025-05-26,448.99,66
CUST10420,Melissa Church,Arizona,Master,Female,64,Yes,0,2024-02-12,2024-08-15,121.65,350
CUST10797,Michael Cameron,Florida,Bachelor,Non-Binary,27,No,0,2021-05-26,2023-12-27,476.97,582
CUST10933,Jonathan Lewis,Texas,Associate,Male,37,Yes,3,2022-02-16,2025-07-24,201.65,7
CUST10071,Eric Thompson,Florida,Associate,Female,45,No,2,2020-08-31,2022-02-13,47.25,1264
CUST10849,Nicole Oliver,Georgia,Master,Male,29,No,2,2023-04-02,2025-05-01,349.88,91
CUST10648,Marcus Anderson,Florida,PhD,Non-Binary,19,No,1,2021-06-24,2022-05-24,124.02,1164
CUST10701,Megan Garrett,Georgia,Associate,Non-Binary,80,Yes,1,2022-05-12,2023-11-12,345.4,627
CUST10861,Angela Johnson,California,High School,Non-Binary,32,No,0,2023-11-16,2024-01-05,393.16,573
CUST10667,David Martinez,Arizona,Master,Female,63,No,0,2021-07-14,2025-04-29,307.56,93
CUST10434,Megan Hughes,Ohio,PhD,Male,24,Yes,2,2023-10-05,2024-01-18,106.94,560
CUST10029,Amanda Rogers,Washington,PhD,Female,37,No,2,2023-12-10,2024-12-23,157.74,220
CUST10820,David Ramirez,Florida,Associate,Non-Binary,74,Yes,1,2022-03-16,2023-09-28,822.99,672
CUST10860,Evelyn Li,Colorado,Master,Non-Binary,45,Yes,2,2022-07-18,2023-03-15,434.41,869
CUST10965,Kristin Dillon,Illinois,Master,Male,40,Yes,2,2022-07-29,2024-12-03,805.43,240
CUST10185,Randy Buchanan,Texas,Associate,Female,70,No,3,2022-09-03,2024-01-18,200.63,560
CUST10493,Angela Massey,Washington,Bachelor,Non-Binary,65,No,4,2023-06-15,2024-11-02,96.57,271
CUST10418,Lee Young,Ohio,Bachelor,Male,44,Yes,4,2023-12-30,2025-01-06,121.02,206
CUST10283,Adam Davis,Illinois,High School,Male,51,No,0,2022-06-13,2025-01-06,260.86,206
CUST10631,Jennifer Durham,Ohio,Bachelor,Male,51,Yes,4,2024-03-21,2024-11-16,272.61,257
CUST10635,Sherry Stanley,Washington,Associate,Female,39,No,1,2023-12-28,2025-06-05,316.13,56
CUST10327,Collin Terrell,Ohio,Master,Male,65,No,2,2023-12-07,2024-01-12,126.31,566
CUST10804,Thomas Graham,Texas,Bachelor,Female,34,Yes,2,2022-03-20,2023-05-02,169.46,821
CUST10129,Christopher Mccann,Washington,Bachelor,Male,69,No,4,2024-04-20,2025-01-07,502.47,205
CUST10516,Anna Fleming,New York,Master,Female,36,No,2,2021-07-13,2024-01-20,968.23,558
CUST10761,Richard Thomas,Georgia,Bachelor,Female,58,No,1,2023-01-01,2023-08-08,454.55,723
CUST10878,Ruth Johnson,Texas,Bachelor,Non-Binary,36,No,1,2023-03-10,2024-03-11,177.4,507
CUST10118,Hannah Williams,New York,Master,Non-Binary,46,Yes,3,2020-11-19,2021-06-07,578.24,1515
CUST10854,Brittany Fox,New York,Master,Male,74,Yes,0,2023-04-12,2024-07-20,167.98,376
CUST10867,Alexander Koch,Georgia,Bachelor,Male,53,No,4,2022-12-10,2023-04-10,122.01,843
CUST10773,Leslie Park PhD,Colorado,PhD,Female,41,No,2,2023-09-26,2023-12-21,188.87,588
CUST10307,Jennifer Wheeler,Ohio,Bachelor,Female,20,Yes,1,2021-10-13,2024-07-02,346.17,394
CUST10790,Michael Mitchell,Georgia,Master,Non-Binary,45,No,1,2022-07-19,2023-09-12,307.19,688
CUST10971,Mr. David Miranda,Arizona,Master,Non-Binary,58,No,2,2022-08-17,2023-12-23,645.74,586
CUST10292,William Jennings,Ohio,High School,Non-Binary,48,No,4,2022-04-18,2022-08-26,282.49,1070
CUST10327,Collin Terrell,Ohio,Master,Male,65,No,2,2023-12-07,2025-02-08,698.32,173
CUST10437,Katherine Rose,California,Bachelor,Non-Binary,69,No,3,2022-09-04,2025-03-01,536.68,152
CUST10555,Andrew Watson,California,PhD,Female,64,No,0,2022-09-10,2024-01-15,1382.6,563
CUST10525,Michelle Campbell,Colorado,PhD,Female,72,Yes,1,2021-10-04,2024-12-27,263.01,216
CUST10434,Megan Hughes,Ohio,PhD,Male,24,Yes,2,2023-10-05,2023-12-06,779.46,603
CUST10577,Brandon Williams,California,Associate,Non-Binary,19,Yes,3,2024-05-25,2024-08-17,144.49,348
CUST10254,Dean Wright,Florida,PhD,Male,80,No,0,2021-05-30,2023-12-21,104.95,588
CUST10545,Alexander Ramirez,Illinois,Master,Female,67,No,0,2022-11-11,2024-03-17,647.12,501
CUST10042,William Weeks,Arizona,Associate,Male,25,Yes,1,2020-10-28,2021-02-03,423.37,1639
CUST10711,Tanya Moore,Arizona,PhD,Male,73,Yes,4,2023-08-30,2024-01-29,237.71,549
CUST10813,Brandon Santiago,Arizona,Master,Non-Binary,42,No,0,2023-01-27,2025-04-11,164.66,111
CUST10953,Bobby Reed,Colorado,PhD,Female,38,No,0,2021-10-19,2024-03-02,567.33,516
CUST10366,Sherri Webster,California,Bachelor,Male,80,Yes,2,2022-05-29,2025-01-23,424.8,189
CUST10653,Angelica Martinez,Arizona,PhD,Non-Binary,80,No,0,2022-05-28,2024-08-28,603.99,337
CUST10484,Jason Richardson,Texas,PhD,Female,52,Yes,1,2022-02-06,2023-12-12,490.51,597
CUST10659,Andrew Lang,Florida,PhD,Male,58,Yes,1,2022-11-29,2023-10-11,185.32,659
CUST10093,Samantha Wilson,Colorado,High School,Male,57,No,2,2021-03-16,2024-05-28,203.5,429
CUST10741,Dr. Erica Perez,California,Master,Male,73,No,0,2022-03-19,2024-12-18,281.6,225
CUST10870,Joshua Anthony,Illinois,Master,Non-Binary,33,Yes,0,2023-03-17,2024-11-19,327.3,254
CUST10991,Kevin Beck,Florida,Bachelor,Female,80,No,4,2024-02-13,2024-02-18,413.48,529
CUST10952,Courtney Jimenez,California,Associate,Non-Binary,76,No,4,2024-05-30,2025-04-30,288.24,92
CUST10101,Melissa Flores,Georgia,Master,Non-Binary,78,No,2,2023-01-06,2023-05-20,390.85,803
CUST10405,Kimberly Quinn,Arizona,Bachelor,Male,25,Yes,0,2022-04-13,2022-09-07,101.32,1058
CUST10555,Andrew Watson,California,PhD,Female,64,No,0,2022-09-10,2025-04-14,514.2,108
CUST10226,Darren Bishop,Ohio,Associate,Male,64,Yes,1,2022-01-09,2022-11-13,16.55,991
CUST10936,Shannon Guzman,New York,Bachelor,Male,43,Yes,3,2020-12-05,2022-01-24,462.97,1284
CUST10551,Jennifer King,California,Bachelor,Non-Binary,63,No,3,2022-12-28,2023-06-08,214.51,784
CUST10243,Nicholas Johnson,Ohio,Bachelor,Non-Binary,50,Yes,2,2020-12-20,2022-01-10,943.37,1298
CUST10368,Benjamin Weber,Washington,Associate,Male,34,Yes,2,2021-01-11,2021-08-26,234.86,1435
CUST10794,Whitney Nichols,Georgia,Bachelor,Female,43,No,1,2021-03-07,2024-11-20,519.42,253
CUST10028,Mark Gates,Ohio,PhD,Non-Binary,58,Yes,0,2022-07-12,2023-09-19,726.52,681
CUST10086,Perry Cooke,Florida,High School,Female,47,Yes,1,2022-11-13,2025-01-14,163.31,198
CUST10992,Sheila Gonzales,Arizona,Associate,Female,48,Yes,1,2022-07-07,2024-07-20,615.51,376
CUST10763,Melissa Harrison,Arizona,Bachelor,Non-Binary,64,No,0,2023-10-03,2024-10-03,298.99,301
CUST10828,Dr. Malik Zamora,Illinois,High School,Male,64,No,4,2021-06-25,2024-08-19,331.53,346
CUST10748,Valerie Miller,Texas,PhD,Male,27,Yes,0,2020-12-03,2022-01-27,324.12,1281
CUST10093,Samantha Wilson,Colorado,High School,Male,57,No,2,2021-03-16,2023-03-06,309.4,878
CUST10662,Pamela Mckinney,Colorado,High School,Non-Binary,20,Yes,2,2024-02-10,2024-08-20,45.16,345
CUST10289,Sean Henson,Illinois,Associate,Male,35,Yes,0,2021-12-15,2022-06-06,145.02,1151
CUST10638,Douglas Moore,Arizona,Master,Female,80,No,0,2022-02-19,2022-11-12,113.38,992
CUST10218,Jason Austin,Ohio,PhD,Female,67,Yes,1,2023-03-02,2024-08-19,14.87,346
CUST10397,Jennifer Patel,Texas,Bachelor,Non-Binary,70,Yes,1,2023-03-17,2024-03-30,12.12,488
CUST10186,John Marshall,Texas,Associate,Male,80,Yes,1,2023-04-01,2023-07-04,435.5,758
CUST10463,Thomas Reid,California,Associate,Non-Binary,33,No,0,2023-07-04,2024-09-11,316.98,323
CUST10092,Melissa Lee,Illinois,Bachelor,Non-Binary,24,Yes,1,2020-10-17,2025-06-18,253.22,43
CUST10995,Patrick Harris,California,Associate,Male,56,No,1,2023-04-13,2024-06-02,164.09,424
CUST10047,Joseph Jones,New York,Bachelor,Female,75,Yes,1,2022-07-29,2023-10-15,268.41,655
CUST10892,Raymond Riley,Washington,PhD,Male,54,No,2,2021-09-08,2022-03-24,339.94,1225
CUST10538,Lindsay Jones,Arizona,PhD,Male,23,Yes,0,2021-03-19,2025-04-20,418.96,102
CUST10237,Tracy Salazar,California,PhD,Male,58,No,4,2022-06-30,2023-11-13,95.67,626
CUST10064,Chris Martin,Georgia,Associate,Male,53,Yes,3,2022-06-12,2024-11-22,71.9,251
CUST10383,Willie Green,Colorado,PhD,Non-Binary,74,Yes,1,2022-01-22,2023-09-03,482.9,697
CUST10980,Mike Alvarado,New York,Bachelor,Male,45,No,0,2023-12-09,2024-07-10,493.71,386
CUST10527,Jessica Green,California,Associate,Male,64,No,1,2021-09-29,2025-04-30,333.91,92
CUST10018,Sara Wilson,Texas,High School,Non-Binary,53,No,1,2023-07-31,2025-04-08,761.01,114
CUST10168,Cynthia Bradley,Illinois,Bachelor,Female,58,No,1,2021-05-09,2022-12-15,92.44,959
CUST10333,Wendy Ponce,Ohio,Master,Male,60,Yes,4,2024-05-12,2025-01-17,596.14,195
CUST10922,Tammie Lopez,Washington,Associate,Male,73,No,0,2021-10-10,2024-11-23,112.42,250
CUST10969,Victor Johnson,Texas,PhD,Non-Binary,56,Yes,4,2022-03-11,2023-03-12,586.91,872
CUST10843,Matthew Thompson,Ohio,High School,Non-Binary,56,No,2,2024-03-28,2024-08-03,267.01,362
CUST10122,Brandy Robertson,Florida,PhD,Female,76,No,2,2021-09-19,2024-03-03,283.16,515
CUST10440,Linda Merritt,Colorado,Master,Non-Binary,40,Yes,1,2022-04-19,2024-03-12,685.73,506
CUST10743,Tamara Miller,Georgia,Master,Male,78,Yes,1,2023-07-17,2025-03-30,248.51,123
CUST10998,Nicole Cunningham,Ohio,Bachelor,Non-Binary,37,Yes,1,2020-09-23,2024-02-02,146.91,545
CUST10861,Angela Johnson,California,High School,Non-Binary,32,No,0,2023-11-16,2025-04-29,756.35,93
CUST10136,Jennifer Moore,Florida,Master,Male,64,No,0,2021-07-15,2022-10-23,568.93,1012
CUST10392,Philip Moore,Illinois,Bachelor,Male,37,No,0,2021-01-13,2023-11-24,153.61,615
CUST10465,Juan Zamora,Colorado,High School,Female,51,No,1,2023-03-03,2023-11-21,354.58,618
CUST10376,Cynthia Rogers,New York,High School,Male,59,Yes,1,2024-04-19,2024-12-04,224.81,239
CUST10632,Fernando Fuller,Illinois,Associate,Non-Binary,75,No,2,2022-03-13,2023-05-11,463.87,812
CUST10618,Kelly Beard,Colorado,Bachelor,Non-Binary,58,Yes,1,2021-03-17,2023-03-04,169.7,880
CUST10245,Jennifer Luna,Georgia,Bachelor,Male,42,Yes,4,2021-07-18,2024-07-27,312.45,369
CUST10590,Nicholas Gilmore,Ohio,Master,Non-Binary,37,No,0,2021-09-24,2022-06-06,730.6,1151
CUST10609,Joseph Wallace,Washington,Bachelor,Male,45,No,3,2020-12-28,2022-12-06,72.64,968
CUST10073,Anthony Smith,California,High School,Female,20,Yes,0,2021-02-09,2021-04-17,197.12,1566
CUST10804,Thomas Graham,Texas,Bachelor,Female,34,Yes,2,2022-03-20,2023-05-06,198.73,817
CUST10693,Sarah Snyder,California,Master,Non-Binary,29,Yes,3,2021-07-04,2023-11-07,75.37,632
CUST10940,Alexandria Potter,New York,High School,Male,72,Yes,3,2022-04-30,2023-08-08,806.66,723
CUST10724,Mark Anderson,Georgia,High School,Non-Binary,42,No,0,2020-09-06,2022-09-15,204.58,1050
CUST10387,Jamie Anderson,California,High School,Male,77,Yes,2,2021-03-25,2024-07-02,135.55,394
CUST10344,Jennifer Garcia,Washington,High School,Male,74,Yes,1,2020-11-22,2023-01-19,127.52,924
CUST10208,Daniel Patton,Arizona,Associate,Male,62,Yes,0,2020-10-29,2024-02-18,111.46,529
CUST10730,Willie Chandler,Georgia,Associate,Male,27,No,2,2022-06-21,2025-02-11,437.28,170
CUST10157,Justin Wilson PhD,Texas,High School,Male,76,Yes,0,2024-04-08,2024-07-27,151.02,369
CUST10030,Matthew Tran,New York,Master,Male,47,No,2,2022-11-08,2023-07-14,693.08,748
CUST10937,Raven Perry,Ohio,Associate,Male,71,No,2,2022-07-06,2025-05-04,69.39,88
CUST10798,Sharon Schneider,Washington,High School,Non-Binary,45,No,2,2021-04-30,2021-06-01,496.51,1521
CUST10363,David Lopez,Georgia,High School,Female,75,No,3,2024-05-10,2024-09-14,172.22,320
CUST10749,Bradley Hicks,Washington,PhD,Non-Binary,24,Yes,2,2023-12-11,2024-09-01,714.95,333
CUST10683,Richard Erickson,California,Associate,Female,22,No,1,2022-09-26,2024-12-16,89.92,227
CUST10710,Derek Smith,Illinois,PhD,Male,63,Yes,0,2021-05-02,2024-05-18,297.58,439
CUST10176,Phyllis Mason,California,PhD,Female,38,No,3,2021-05-02,2024-09-25,890.28,309
CUST10993,Dawn Williams,Arizona,Associate,Male,39,Yes,0,2020-10-10,2025-05-22,292.35,70
CUST10426,Jessica Anderson,Washington,High School,Female,38,Yes,2,2023-05-10,2024-10-04,154.24,300
CUST10462,Billy Thompson,Ohio,Associate,Male,37,Yes,4,2023-12-14,2025-06-21,727.13,40
CUST10263,Rodney James,Ohio,High School,Non-Binary,61,No,0,2023-11-20,2025-03-15,979.59,138
CUST10142,Savannah Williams,Georgia,Associate,Male,79,No,1,2024-07-22,2025-05-15,151.57,77
CUST10126,Charles Powers,Florida,Associate,Non-Binary,46,No,3,2022-10-12,2025-04-09,60.01,113
CUST10641,Joshua Mccormick,Texas,PhD,Male,52,No,3,2022-12-15,2023-11-30,525.75,609
CUST10929,John Brown,Arizona,PhD,Non-Binary,31,Yes,0,2023-08-06,2024-04-23,74.34,464
CUST10154,Margaret Espinoza,Washington,PhD,Female,61,Yes,1,2021-02-16,2022-07-06,517.96,1121
CUST10567,Kelsey Hughes,Colorado,Master,Male,65,Yes,0,2021-10-31,2025-04-20,112.4,102
CUST10272,Ray Lopez,Arizona,Master,Female,24,No,2,2022-10-23,2025-02-12,76.84,169
CUST10018,Sara Wilson,Texas,High School,Non-Binary,53,No,1,2023-07-31,2025-05-26,282.32,66
CUST10074,James Garcia DDS,Florida,Master,Male,58,Yes,1,2022-05-14,2023-04-23,171.9,830
CUST10071,Eric Thompson,Florida,Associate,Female,45,No,2,2020-08-31,2022-06-17,181.52,1140
CUST10509,Andrew Griffith,Washington,PhD,Male,32,No,0,2023-08-20,2025-05-05,111.59,87
CUST10221,Susan Reed,Texas,Bachelor,Male,25,Yes,1,2023-04-03,2025-05-03,429.84,89
CUST10915,Robert Jones,New York,High School,Female,61,No,2,2022-08-05,2022-10-18,226.21,1017
CUST10948,Patricia Koch,Texas,PhD,Male,28,Yes,2,2021-01-07,2021-06-21,210.44,1501
CUST10798,Sharon Schneider,Washington,High School,Non-Binary,45,No,2,2021-04-30,2022-09-06,834.2,1059
CUST10681,Linda Wilson,New York,High School,Non-Binary,80,Yes,2,2022-05-05,2024-09-04,402.83,330
CUST10298,Benjamin Ramirez,Georgia,Bachelor,Non-Binary,30,No,1,2024-07-03,2025-04-09,199.25,113
CUST10850,Elizabeth Edwards,Colorado,Bachelor,Male,34,Yes,1,2022-01-29,2025-06-28,32.3,33
CUST10234,Chelsea Reynolds,Illinois,Master,Non-Binary,73,Yes,1,2023-07-02,2025-02-04,291.51,177
CUST10617,Dr. Stacy Cervantes,California,Master,Male,54,No,3,2024-04-18,2024-09-10,528.06,324
CUST10279,Anthony Mcdonald,Georgia,Bachelor,Male,42,No,0,2021-04-07,2021-10-07,451.34,1393
CUST10335,Donald Martin,California,Associate,Non-Binary,67,Yes,4,2020-07-31,2023-10-28,392.38,642
CUST10746,Tonya Gross,Texas,PhD,Male,30,Yes,1,2021-09-06,2024-03-30,155.13,488
CUST10967,Earl Waller,New York,Bachelor,Male,57,Yes,1,2022-09-26,2023-02-26,234.26,886
CUST10752,Paula Ross,Washington,Bachelor,Non-Binary,46,Yes,2,2021-04-04,2024-06-11,212.31,415
CUST10935,Scott Wood MD,California,High School,Male,78,No,0,2023-02-05,2023-11-04,539.64,635
CUST10519,Angela Smith,Georgia,Associate,Male,25,No,0,2023-09-23,2025-04-02,330.48,120
CUST10392,Philip Moore,Illinois,Bachelor,Male,37,No,0,2021-01-13,2021-03-04,190.12,1610
CUST10650,Phillip Taylor,Ohio,PhD,Non-Binary,70,Yes,1,2023-12-13,2025-03-10,181.5,143
CUST10384,Briana Drake,Texas,Master,Male,75,Yes,3,2022-06-13,2022-12-25,298.73,949
CUST10353,Michelle Goodwin,Ohio,PhD,Male,76,No,3,2022-06-03,2023-10-08,349.65,662
CUST10766,Douglas Higgins,Colorado,High School,Female,48,Yes,1,2021-03-21,2024-07-28,840.47,368
CUST10485,Jessica Reid,Florida,Associate,Non-Binary,68,No,1,2022-05-09,2024-01-03,126.65,575
CUST10259,Nicholas Carter,Texas,High School,Non-Binary,32,Yes,3,2023-03-31,2023-08-04,349.77,727
CUST10670,Logan Cohen,Illinois,Bachelor,Non-Binary,75,No,1,2024-03-10,2024-03-23,229.44,495
CUST10866,Evelyn Bartlett,Georgia,Bachelor,Female,31,Yes,2,2021-11-19,2025-01-02,482.51,210
CUST10652,William Underwood,Colorado,Associate,Female,36,No,0,2022-05-12,2022-12-02,238.08,972
CUST10582,Adrian Henry,Texas,Master,Non-Binary,26,No,2,2021-12-14,2025-06-06,39.18,55
CUST10670,Logan Cohen,Illinois,Bachelor,Non-Binary,75,No,1,2024-03-10,2024-11-02,367.39,271
CUST10742,Kayla Hunter,Colorado,Bachelor,Female,65,Yes,0,2023-11-08,2024-03-25,235.27,493
CUST10108,Luke Mason,Florida,Bachelor,Non-Binary,64,Yes,1,2023-10-04,2024-01-07,149.3,571
CUST10221,Susan Reed,Texas,Bachelor,Male,25,Yes,1,2023-04-03,2025-07-07,240.85,24
CUST10785,Mr. Joshua Martinez,New York,High School,Female,19,No,0,2021-08-26,2022-05-08,583.71,1180
CUST10338,Charles Davis,Arizona,Master,Female,50,Yes,3,2023-07-14,2025-05-21,979.29,71
CUST10762,Shannon Ross,Texas,Associate,Non-Binary,75,No,4,2023-03-22,2024-03-25,913.74,493
CUST10552,Margaret Mcfarland,Georgia,Associate,Non-Binary,36,No,2,2024-01-20,2025-05-05,275.04,87
CUST10633,Cole Ward,Colorado,Master,Non-Binary,67,Yes,0,2023-11-04,2025-02-22,389.93,159
CUST10965,Kristin Dillon,Illinois,Master,Male,40,Yes,2,2022-07-29,2024-07-20,269.17,376
CUST10023,Joshua Norris,New York,Bachelor,Female,60,Yes,1,2022-01-25,2022-05-10,225.19,1178
CUST10030,Matthew Tran,New York,Master,Male,47,No,2,2022-11-08,2023-07-24,121.26,738
CUST10558,Andrew Rivera,Colorado,High School,Male,69,No,2,2024-06-13,2024-06-29,405.78,397
CUST10768,Marc Smith,Arizona,Bachelor,Female,39,No,3,2024-04-08,2025-04-15,731.32,107
CUST10285,Miranda Stone,Arizona,Associate,Female,45,No,2,2023-09-09,2025-01-29,791.15,183
CUST10685,Shelley Thomas,Arizona,PhD,Female,58,No,2,2024-04-22,2025-03-24,164.36,129
CUST10872,Paige Rubio,Georgia,Associate,Male,51,No,0,2023-10-19,2023-11-01,107.67,638
CUST10202,Whitney Marshall,California,Bachelor,Non-Binary,37,No,2,2020-10-28,2023-12-15,98.54,594
CUST10811,Carolyn Smith,Florida,Associate,Male,28,No,2,2023-03-10,2024-04-21,172.62,466
CUST10887,Jason James,Georgia,PhD,Female,66,No,0,2022-06-28,2023-02-22,144.32,890
CUST10699,Brandi Olson,Georgia,Master,Female,79,No,4,2020-10-02,2023-07-23,165.94,739
CUST10620,Jesse Pratt,Texas,Master,Male,64,No,0,2023-04-13,2023-11-30,178.13,609
CUST10660,Erin Pham,California,Master,Female,26,No,2,2024-02-11,2025-04-16,247.6,106
CUST10763,Melissa Harrison,Arizona,Bachelor,Non-Binary,64,No,0,2023-10-03,2025-02-03,218.47,178
CUST10750,Cheryl Morgan,Texas,Associate,Female,20,Yes,1,2023-11-30,2024-11-20,357.65,253
CUST10916,Morgan Smith,Texas,Associate,Non-Binary,74,No,3,2021-03-06,2024-05-23,126.24,434
CUST10445,Richard Copeland,Georgia,Associate,Non-Binary,72,Yes,2,2023-12-19,2024-09-23,646.33,311
CUST10054,Taylor Cook,California,Master,Male,40,Yes,0,2024-07-15,2025-05-12,54.32,80
CUST10640,Amanda Yoder,Colorado,Master,Female,57,No,1,2023-02-26,2024-08-13,257.66,352
CUST10024,Corey Shelton,Washington,Bachelor,Female,19,Yes,0,2021-12-20,2022-05-18,180.81,1170
CUST10233,Mark Macdonald,Texas,Bachelor,Male,45,No,0,2021-07-06,2021-10-06,288.65,1394
CUST10060,Nathaniel Price,California,Master,Female,47,No,2,2022-12-14,2024-03-13,212.83,505
CUST10945,Stephanie Ramos,Ohio,Associate,Male,62,No,0,2021-10-22,2025-05-13,148.07,79
CUST10123,Lauren Wilkerson,California,Associate,Non-Binary,53,Yes,1,2021-03-10,2021-03-12,785.95,1602
CUST10285,Miranda Stone,Arizona,Associate,Female,45,No,2,2023-09-09,2025-07-02,271.44,29
CUST10816,Victoria Smith,Colorado,Bachelor,Non-Binary,38,No,2,2023-12-26,2025-04-09,202.63,113
CUST10639,Mike Crawford,Colorado,PhD,Male,42,Yes,1,2024-07-02,2025-07-07,316.87,24
CUST10155,Gavin Olson,Ohio,Associate,Non-Binary,50,No,1,2021-02-05,2024-02-19,676.34,528
CUST10784,Connie Page,Georgia,High School,Female,51,No,0,2023-10-30,2025-07-15,486.56,16
CUST10920,Barbara Jackson,Arizona,Master,Female,70,No,1,2021-05-17,2024-04-28,316.02,459
CUST10356,Gabrielle Wilson,Arizona,High School,Non-Binary,44,No,2,2022-01-24,2025-07-03,288.28,28
CUST10524,Cassie Ray,California,Bachelor,Non-Binary,46,No,0,2024-06-25,2025-02-18,139.3,163
CUST10561,Joseph Krueger,Florida,Associate,Female,24,Yes,0,2022-06-30,2022-10-29,153.69,1006
CUST10289,Sean Henson,Illinois,Associate,Male,35,Yes,0,2021-12-15,2023-05-15,545.11,808
CUST10971,Mr. David Miranda,Arizona,Master,Non-Binary,58,No,2,2022-08-17,2025-05-11,75.67,81
CUST10885,Cody Pierce,New York,Bachelor,Male,36,Yes,1,2023-03-28,2023-10-12,116.99,658
CUST10429,Steven Simmons,Florida,PhD,Male,71,Yes,1,2021-03-24,2025-03-05,293.66,148
CUST10463,Thomas Reid,California,Associate,Non-Binary,33,No,0,2023-07-04,2024-09-04,442.9,330
CUST10535,Teresa Garcia,Georgia,High School,Female,28,No,0,2024-05-15,2024-05-23,128.73,434
CUST10273,Ashley Keller,Georgia,PhD,Non-Binary,46,No,0,2023-01-27,2025-05-26,405.28,66
CUST10593,Phillip Padilla,Arizona,High School,Female,55,No,0,2020-12-08,2024-04-10,139.25,477
CUST10756,Melissa Roberts,Illinois,PhD,Male,24,No,2,2024-03-30,2024-04-05,549.39,482
CUST10051,Mary Mccullough,California,Master,Male,34,No,2,2022-06-27,2023-01-26,251.16,917
CUST10818,Melissa Hernandez,Ohio,High School,Female,56,No,1,2021-04-25,2024-04-09,258.44,478
CUST10154,Margaret Espinoza,Washington,PhD,Female,61,Yes,1,2021-02-16,2021-07-22,111.56,1470
CUST10340,Elizabeth Phillips,California,Bachelor,Non-Binary,80,No,0,2020-08-30,2021-02-21,144.45,1621
CUST10502,Hannah Turner,Colorado,Bachelor,Male,30,No,4,2022-04-30,2023-04-23,1099.85,830
CUST10189,Madison Watts,California,PhD,Non-Binary,19,Yes,2,2021-04-29,2021-10-10,685.35,1390
CUST10755,Alexander Martinez,Texas,Bachelor,Non-Binary,23,Yes,1,2022-04-15,2022-12-18,142.28,956
CUST10469,Rick Oconnell,Florida,Associate,Male,19,No,2,2023-05-24,2025-02-19,357.51,162
CUST10958,Brandon Moore,Ohio,Associate,Female,31,No,3,2022-05-19,2023-10-11,185.33,659
CUST10994,Misty Davis,Colorado,Master,Non-Binary,36,Yes,3,2023-01-06,2023-07-29,275.24,733
CUST10581,Raymond Kelly,Ohio,PhD,Male,40,No,2,2021-05-08,2023-06-24,282.14,768
CUST10426,Jessica Anderson,Washington,High School,Female,38,Yes,2,2023-05-10,2025-07-08,449.58,23
CUST10496,Haley Dyer,Florida,Bachelor,Female,53,No,0,2023-11-17,2024-02-07,488.63,540
CUST10115,Jon Chang,Arizona,Associate,Male,62,Yes,0,2023-04-13,2025-07-06,364.0,25
CUST10254,Dean Wright,Florida,PhD,Male,80,No,0,2021-05-30,2023-06-07,648.17,785
CUST10118,Hannah Williams,New York,Master,Non-Binary,46,Yes,3,2020-11-19,2025-03-20,326.23,133
CUST10441,Erin Gutierrez,Texas,Associate,Female,56,Yes,1,2021-12-06,2022-10-06,464.7,1029
CUST10007,Lori Murphy,Georgia,Associate,Female,22,No,2,2024-03-25,2025-06-16,382.32,45
CUST10372,Jennifer Sullivan,Ohio,PhD,Female,50,No,0,2023-05-30,2024-04-19,481.18,468
CUST10067,Peter Brooks,Illinois,Associate,Non-Binary,26,No,1,2021-08-29,2024-08-07,58.46,358
CUST10702,Nathan Brown,Ohio,Master,Non-Binary,18,Yes,1,2024-01-21,2025-04-01,130.39,121
CUST10351,Terri Newman,Georgia,Master,Non-Binary,51,No,1,2020-10-11,2021-12-26,336.1,1313
CUST10321,Micheal Davis,Texas,High School,Female,39,Yes,3,2023-12-30,2025-03-10,582.79,143
CUST10847,Rebecca Mitchell,Illinois,Bachelor,Non-Binary,42,Yes,2,2022-10-22,2023-09-19,828.03,681
CUST10618,Kelly Beard,Colorado,Bachelor,Non-Binary,58,Yes,1,2021-03-17,2023-11-15,287.7,624
CUST10691,John Velasquez,Ohio,Associate,Female,66,No,0,2021-11-22,2024-10-09,885.76,295
CUST10949,Craig Cook,Ohio,Master,Female,39,Yes,0,2022-04-28,2023-05-12,230.93,811
CUST10552,Margaret Mcfarland,Georgia,Associate,Non-Binary,36,No,2,2024-01-20,2024-06-17,273.68,409
CUST10887,Jason James,Georgia,PhD,Female,66,No,0,2022-06-28,2024-09-21,92.38,313
CUST10350,Haley Herring,New York,High School,Male,33,No,2,2023-07-02,2023-10-14,367.11,656
CUST10438,Natasha Buchanan,Illinois,High School,Non-Binary,48,Yes,0,2024-01-13,2025-06-05,169.59,56
CUST10147,Jay James,Colorado,PhD,Female,63,Yes,2,2024-01-26,2025-04-28,249.16,94
CUST10975,Max Carson,Ohio,Master,Male,34,No,0,2021-03-10,2024-06-05,454.19,421
CUST10978,Kenneth Vang,Texas,Master,Non-Binary,75,No,0,2021-05-08,2025-03-27,326.26,126
CUST10992,Sheila Gonzales,Arizona,Associate,Female,48,Yes,1,2022-07-07,2022-10-03,441.63,1032
CUST10578,Robert Smith,California,Master,Male,74,No,0,2022-12-17,2023-07-17,328.91,745
CUST10846,Donna Carlson,Georgia,Master,Female,50,Yes,1,2022-01-12,2024-09-11,327.69,323
CUST10659,Andrew Lang,Florida,PhD,Male,58,Yes,1,2022-11-29,2023-10-28,85.3,642
CUST10873,Heather Strong,Arizona,High School,Male,19,Yes,3,2022-12-14,2025-05-15,251.02,77
CUST10033,Kelli Robinson,Arizona,PhD,Male,18,No,3,2023-05-28,2025-04-25,415.82,97
CUST10046,Melissa Davila,Georgia,Associate,Non-Binary,66,No,2,2023-12-21,2024-07-02,115.58,394
CUST10920,Barbara Jackson,Arizona,Master,Female,70,No,1,2021-05-17,2025-02-10,285.64,171
CUST10353,Michelle Goodwin,Ohio,PhD,Male,76,No,3,2022-06-03,2022-12-08,158.16,966
CUST10707,Steven Smith,Washington,Master,Non-Binary,74,No,0,2021-01-14,2022-02-05,162.63,1272
CUST10571,Frederick Chandler,New York,High School,Male,73,No,0,2021-07-13,2021-10-26,699.12,1374
CUST10497,Elizabeth Mcbride,Washington,Associate,Male,32,No,1,2023-05-18,2024-02-29,345.72,518
CUST10105,Shelley King,Colorado,Bachelor,Male,65,No,2,2022-06-22,2024-01-01,487.74,577
CUST10798,Sharon Schneider,Washington,High School,Non-Binary,45,No,2,2021-04-30,2021-09-14,651.63,1416
CUST10372,Jennifer Sullivan,Ohio,PhD,Female,50,No,0,2023-05-30,2024-10-18,644.07,286
CUST10328,Ariel Love,California,Master,Female,79,No,0,2024-07-24,2025-02-11,322.01,170
CUST10178,Ryan Diaz,Florida,Master,Female,18,Yes,3,2021-07-03,2025-02-08,441.31,173
CUST10207,Audrey Jones,Washington,High School,Non-Binary,60,No,1,2020-12-26,2021-07-27,344.29,1465
CUST10414,Kenneth Davis,Arizona,High School,Male,27,No,0,2022-01-19,2023-10-08,183.12,662
CUST10387,Jamie Anderson,California,High School,Male,77,Yes,2,2021-03-25,2024-04-06,554.29,481
CUST10386,Courtney Nelson,New York,High School,Male,71,No,2,2020-09-20,2025-06-15,333.29,46
CUST10380,Thomas Kelly,Colorado,Bachelor,Non-Binary,77,Yes,1,2022-08-31,2023-08-17,525.92,714
CUST10305,Heather Russell,Washington,Master,Female,21,Yes,2,2021-12-11,2024-01-31,33.53,547
CUST10882,Amber Watson,Arizona,High School,Non-Binary,61,No,3,2021-04-01,2021-06-21,210.34,1501
CUST10878,Ruth Johnson,Texas,Bachelor,Non-Binary,36,No,1,2023-03-10,2024-03-24,332.01,494
CUST10493,Angela Massey,Washington,Bachelor,Non-Binary,65,No,4,2023-06-15,2025-04-29,346.84,93
CUST10181,Kimberly Aguirre,Arizona,Master,Non-Binary,65,Yes,0,2023-06-27,2025-02-18,430.81,163
CUST10121,Daniel Bridges,California,High School,Male,63,Yes,0,2021-06-09,2025-04-09,79.93,113
CUST10239,Paul Davis,New York,Bachelor,Female,72,Yes,1,2021-04-24,2022-09-19,547.99,1046
CUST10137,Brian Meyer Jr.,Washington,Master,Non-Binary,61,No,3,2022-10-24,2024-08-07,442.59,358
CUST10041,Christine Johnson,Washington,High School,Female,75,Yes,1,2024-05-27,2025-06-22,270.37,39
CUST10249,Randall Johnson,Arizona,PhD,Male,73,No,2,2023-10-14,2025-05-07,331.25,85
CUST10763,Melissa Harrison,Arizona,Bachelor,Non-Binary,64,No,0,2023-10-03,2024-06-12,367.94,414
CUST10003,Jeffrey Scott,Texas,Master,Non-Binary,41,Yes,1,2021-04-06,2024-05-15,724.63,442
CUST10815,Carol Peterson MD,Washington,Master,Non-Binary,46,Yes,3,2024-06-17,2025-04-23,849.61,99
CUST10940,Alexandria Potter,New York,High School,Male,72,Yes,3,2022-04-30,2023-05-01,897.48,822
CUST10028,Mark Gates,Ohio,PhD,Non-Binary,58,Yes,0,2022-07-12,2025-01-06,1039.39,206
CUST10821,Terri Rubio,California,Bachelor,Female,72,Yes,2,2022-07-10,2025-03-03,110.63,150
CUST10423,Danielle Miller,Arizona,PhD,Female,51,No,0,2023-05-31,2025-03-02,41.0,151
CUST10926,Amy Smith,Colorado,PhD,Female,36,No,1,2023-07-27,2024-05-09,515.88,448
CUST10818,Melissa Hernandez,Ohio,High School,Female,56,No,1,2021-04-25,2023-09-04,197.35,696
CUST10714,Bradley Williams,Georgia,Associate,Male,75,No,1,2023-05-10,2023-09-21,230.57,679
CUST10069,Patricia Santana,California,PhD,Male,70,No,0,2022-07-11,2024-04-30,608.02,457
CUST10272,Ray Lopez,Arizona,Master,Female,24,No,2,2022-10-23,2023-01-30,251.03,913
CUST10000,Chloe Sanford,Colorado,Associate,Non-Binary,77,No,1,2024-07-04,2024-10-15,191.34,289
CUST10408,Jennifer Schultz,Georgia,Bachelor,Non-Binary,69,Yes,2,2023-04-30,2023-10-08,344.35,662
CUST10364,Douglas Sullivan DDS,Arizona,Master,Male,80,No,0,2023-01-30,2023-03-04,948.56,880
CUST10683,Richard Erickson,California,Associate,Female,22,No,1,2022-09-26,2023-08-22,502.51,709
CUST10926,Amy Smith,Colorado,PhD,Female,36,No,1,2023-07-27,2025-01-16,166.45,196
CUST10077,James Chang,Georgia,Associate,Non-Binary,76,Yes,2,2022-10-10,2022-12-30,253.73,944
CUST10312,Erin Norman,Illinois,High School,Non-Binary,24,No,2,2023-11-20,2024-11-13,296.4,260
CUST10132,Mark Ross,Florida,Bachelor,Male,24,No,2,2022-07-14,2025-07-25,95.56,6
CUST10709,Jason Haynes,California,Bachelor,Female,36,No,1,2023-10-03,2024-11-22,256.12,251
CUST10554,Danielle Davis,Georgia,Bachelor,Non-Binary,41,Yes,3,2022-04-15,2024-07-12,138.41,384
CUST10216,Kimberly Parker,Arizona,Associate,Non-Binary,41,Yes,2,2022-11-27,2024-07-03,416.74,393
CUST10537,Lori Hall,Arizona,PhD,Non-Binary,45,No,4,2021-12-19,2025-04-13,140.59,109
CUST10099,Danielle Huffman,New York,High School,Non-Binary,18,No,2,2021-12-09,2023-11-10,274.16,629
CUST10269,Elizabeth Salazar,Colorado,High School,Female,55,Yes,0,2021-03-17,2021-11-22,516.98,1347
CUST10319,Scott Perez,Florida,High School,Non-Binary,47,Yes,1,2021-09-19,2024-07-05,239.35,391
CUST10249,Randall Johnson,Arizona,PhD,Male,73,No,2,2023-10-14,2025-06-19,453.29,42
CUST10651,Joanna Sullivan,Georgia,Master,Female,61,No,1,2022-03-08,2024-04-17,621.17,470
CUST10243,Nicholas Johnson,Ohio,Bachelor,Non-Binary,50,Yes,2,2020-12-20,2025-04-10,328.45,112
CUST10002,Dylan Schwartz,New York,Bachelor,Female,22,No,0,2021-06-24,2022-09-08,847.32,1057
CUST10947,Teresa Valdez,Washington,Master,Male,39,No,0,2022-03-29,2024-10-04,47.1,300
CUST10881,Charles Roach,Illinois,Master,Non-Binary,63,Yes,2,2024-01-24,2025-02-17,442.27,164
CUST10625,Jonathan Fernandez II,Ohio,Master,Male,72,No,3,2021-10-24,2023-10-27,730.47,643
CUST10246,Michael Wilson,New York,High School,Non-Binary,78,No,1,2023-12-29,2024-04-29,164.94,458
CUST10983,Sean Galloway,Colorado,High School,Non-Binary,66,Yes,1,2022-02-10,2024-10-27,503.25,277
CUST10521,Ms. Maria Garrett,Florida,High School,Female,23,Yes,1,2020-12-30,2021-03-05,221.0,1609
CUST10538,Lindsay Jones,Arizona,PhD,Male,23,Yes,0,2021-03-19,2024-02-06,380.86,541
CUST10831,Monica Martinez,Washington,Associate,Male,79,Yes,1,2022-06-27,2025-01-10,155.84,202
CUST10331,Tiffany Washington,Ohio,High School,Male,36,Yes,0,2021-05-08,2022-12-17,268.52,957
CUST10686,Dennis Kane,Washington,PhD,Female,75,No,3,2023-08-24,2024-08-27,831.2,338
CUST10301,Chloe Morrison,Florida,Master,Female,23,Yes,3,2021-06-18,2023-09-19,255.32,681
CUST10894,Jared Williamson,California,PhD,Non-Binary,60,No,1,2023-07-18,2024-07-21,327.72,375
CUST10928,Jessica Pierce,Texas,Associate,Male,42,No,0,2022-10-21,2024-09-21,171.5,313
CUST10440,Linda Merritt,Colorado,Master,Non-Binary,40,Yes,1,2022-04-19,2022-07-02,62.28,1125
CUST10919,Dr. Jennifer Williamson DDS,Ohio,PhD,Male,62,No,0,2022-01-16,2023-02-14,287.36,898
CUST10135,Deanna Payne,Ohio,Associate,Female,51,Yes,0,2023-11-11,2024-07-30,177.63,366
CUST10032,Stephanie Morales,California,Bachelor,Non-Binary,63,Yes,4,2020-10-22,2024-04-12,991.86,475
CUST10383,Willie Green,Colorado,PhD,Non-Binary,74,Yes,1,2022-01-22,2025-01-14,322.25,198
CUST10609,Joseph Wallace,Washington,Bachelor,Male,45,No,3,2020-12-28,2022-06-28,200.94,1129
CUST10007,Lori Murphy,Georgia,Associate,Female,22,No,2,2024-03-25,2025-04-24,374.97,98
CUST10040,Natalie Gonzales DDS,California,Associate,Non-Binary,78,Yes,0,2021-09-20,2025-03-08,103.24,145
CUST10491,David Vazquez,Florida,Associate,Non-Binary,30,No,1,2024-06-11,2025-01-09,298.18,203
CUST10171,Catherine Mendoza,Ohio,Master,Female,43,Yes,4,2022-12-10,2025-07-30,645.69,1
CUST10389,Sean Smith,California,High School,Male,59,No,0,2022-08-10,2024-04-05,160.01,482
CUST10157,Justin Wilson PhD,Texas,High School,Male,76,Yes,0,2024-04-08,2024-10-03,429.78,301
CUST10395,Mary Mcneil,Ohio,Bachelor,Male,33,No,0,2022-08-06,2024-09-22,30.27,312
CUST10102,Tyler Black,Texas,PhD,Male,34,No,1,2022-05-16,2023-07-10,201.84,752
CUST10589,Nathan Sanders,Texas,PhD,Male,71,Yes,3,2022-02-01,2022-04-10,494.12,1208
CUST10918,Thomas Mccormick,Washington,Bachelor,Non-Binary,63,No,1,2022-11-17,2024-08-02,141.29,363
CUST10212,Joseph Williams,Arizona,Associate,Female,39,No,1,2021-03-13,2022-10-07,106.23,1028
CUST10523,Angela Allen,California,Associate,Female,46,No,0,2020-09-21,2023-04-09,327.93,844
CUST10244,Patricia Garrison,Florida,High School,Female,57,No,2,2024-01-25,2024-12-21,495.16,222
CUST10623,Dennis Howell,Georgia,PhD,Male,77,No,2,2024-01-06,2025-05-15,393.23,77
CUST10827,Christopher Daniels,Illinois,PhD,Male,64,Yes,1,2021-07-18,2022-08-16,584.4,1080
CUST10175,David Russell,New York,PhD,Male,29,Yes,0,2023-02-08,2024-07-08,118.51,388
CUST10901,Matthew Miller,Ohio,High School,Male,23,No,2,2022-02-09,2022-04-24,227.83,1194
CUST10883,Susan Larson,Texas,PhD,Female,58,No,0,2022-01-06,2023-05-20,200.5,803
CUST10771,Matthew Ochoa,Texas,High School,Female,20,No,0,2020-10-20,2022-07-02,345.08,1125
CUST10799,Dwayne Harper,Arizona,PhD,Female,19,Yes,2,2022-06-02,2024-05-02,262.83,455
CUST10501,Kristopher Powell,Illinois,Bachelor,Female,43,Yes,0,2024-04-26,2024-10-13,269.35,291
CUST10220,Elizabeth Monroe,Illinois,PhD,Female,61,Yes,3,2023-04-26,2024-10-23,648.95,281
CUST10884,Dennis Brennan,Florida,Bachelor,Female,73,No,2,2023-05-28,2024-03-23,481.12,495
CUST10362,Mark Hernandez,Ohio,PhD,Female,62,No,0,2021-06-17,2023-06-09,48.24,783
CUST10066,Richard Walker,California,Bachelor,Non-Binary,71,Yes,0,2022-10-24,2023-02-05,87.53,907
CUST10913,William Trujillo,Colorado,Associate,Non-Binary,79,No,4,2021-04-02,2023-02-07,255.65,905
CUST10993,Dawn Williams,Arizona,Associate,Male,39,Yes,0,2020-10-10,2024-07-31,487.43,365
CUST10138,Chelsea James,Texas,PhD,Male,69,No,2,2024-06-14,2024-10-04,516.51,300
CUST10500,Sandra Matthews,Ohio,Master,Non-Binary,72,Yes,2,2023-01-20,2025-03-01,300.13,152
CUST10370,Brandi Black,California,High School,Female,42,Yes,1,2023-05-31,2024-11-01,299.28,272
CUST10158,Heather Brown,New York,Bachelor,Male,21,Yes,2,2021-12-06,2022-09-19,347.3,1046
CUST10565,Matthew Stone,Washington,High School,Female,59,Yes,3,2023-01-12,2024-05-12,144.05,445
CUST10331,Tiffany Washington,Ohio,High School,Male,36,Yes,0,2021-05-08,2025-03-03,306.3,150
CUST10768,Marc Smith,Arizona,Bachelor,Female,39,No,3,2024-04-08,2025-05-03,401.39,89
CUST10333,Wendy Ponce,Ohio,Master,Male,60,Yes,4,2024-05-12,2024-07-28,145.82,368
CUST10492,Frank Wyatt,New York,PhD,Non-Binary,55,No,3,2022-11-21,2025-01-02,260.7,210
CUST10618,Kelly Beard,Colorado,Bachelor,Non-Binary,58,Yes,1,2021-03-17,2024-02-24,227.03,523
CUST10316,Christopher Serrano,New York,High School,Male,60,Yes,1,2022-12-15,2024-03-05,554.48,513
CUST10692,Heidi Tucker,Florida,PhD,Female,68,No,2,2022-12-26,2024-10-06,219.02,298
CUST10048,Jennifer Baker,New York,Master,Male,56,Yes,1,2021-08-04,2021-11-10,174.96,1359
CUST10269,Elizabeth Salazar,Colorado,High School,Female,55,Yes,0,2021-03-17,2025-01-30,196.72,182
CUST10843,Matthew Thompson,Ohio,High School,Non-Binary,56,No,2,2024-03-28,2025-03-28,300.2,125
CUST10345,Crystal Richards,California,Associate,Female,21,Yes,2,2021-05-12,2023-06-21,101.41,771
CUST10607,Adrienne Thomas,Georgia,Bachelor,Male,24,Yes,1,2023-08-01,2023-12-29,587.99,580
CUST10996,Cody Harper,New York,High School,Female,62,No,2,2022-02-02,2023-07-20,73.76,742
CUST10144,Jennifer Santiago,Florida,Master,Female,61,Yes,0,2022-05-16,2024-02-29,834.25,518
CUST10953,Bobby Reed,Colorado,PhD,Female,38,No,0,2021-10-19,2023-08-03,368.8,728
CUST10991,Kevin Beck,Florida,Bachelor,Female,80,No,4,2024-02-13,2024-07-12,276.01,384
CUST10242,Kyle Klein,Ohio,Associate,Female,24,Yes,3,2023-02-07,2023-10-11,528.74,659
CUST10066,Richard Walker,California,Bachelor,Non-Binary,71,Yes,0,2022-10-24,2025-02-18,80.13,163
CUST10556,Ashley Roberts,California,Associate,Non-Binary,50,No,4,2023-01-22,2024-04-13,291.91,474
CUST10306,Brittany Huff,Florida,Master,Female,54,No,2,2022-10-10,2024-04-21,169.78,466
CUST10712,Matthew Keller,Washington,Bachelor,Female,42,Yes,3,2021-01-05,2022-03-17,274.64,1232
CUST10858,Lisa Wong,Arizona,Master,Female,75,Yes,2,2021-02-19,2024-06-17,617.15,409
CUST10080,Nicole Burns,New York,Associate,Male,23,No,3,2022-07-09,2023-09-02,242.05,698
CUST10113,Sean Mathews,Arizona,Associate,Non-Binary,65,No,1,2023-07-17,2024-09-30,759.81,304
CUST10655,Tammy Stevens,Illinois,PhD,Female,80,No,0,2022-03-10,2022-03-21,77.1,1228
CUST10980,Mike Alvarado,New York,Bachelor,Male,45,No,0,2023-12-09,2025-06-05,132.87,56
CUST10277,Jason Terry,Washington,Master,Male,60,Yes,0,2020-11-08,2021-05-17,192.0,1536
CUST10711,Tanya Moore,Arizona,PhD,Male,73,Yes,4,2023-08-30,2024-07-01,317.43,395
CUST10325,Valerie Shelton,New York,Associate,Male,21,No,0,2022-03-17,2025-06-15,217.04,46
CUST10086,Perry Cooke,Florida,High School,Female,47,Yes,1,2022-11-13,2023-08-22,304.46,709
CUST10566,Renee Reed,Florida,Associate,Female,54,No,1,2023-09-18,2023-09-28,152.0,672
CUST10599,Laura Charles,Arizona,Associate,Male,20,No,2,2022-08-30,2023-11-03,119.06,636
CUST10750,Cheryl Morgan,Texas,Associate,Female,20,Yes,1,2023-11-30,2024-02-03,116.84,544
CUST10324,Stephanie Austin,Arizona,High School,Non-Binary,70,No,1,2020-10-24,2022-05-20,208.3,1168
CUST10778,Jillian Bauer PhD,Texas,PhD,Non-Binary,57,Yes,4,2023-05-20,2025-07-29,54.3,2
CUST10940,Alexandria Potter,New York,High School,Male,72,Yes,3,2022-04-30,2024-07-25,337.62,371
CUST10879,Kristina Pineda,Washington,PhD,Non-Binary,41,Yes,1,2022-11-07,2024-04-29,325.41,458
CUST10082,Chad Ramos,Georgia,High School,Non-Binary,57,No,2,2020-11-06,2024-08-02,123.29,363
CUST10808,Mr. Dillon Gross,Washington,Bachelor,Female,45,No,0,2021-11-12,2023-09-05,435.39,695
CUST10792,Richard Henry,Texas,PhD,Male,54,Yes,3,2022-10-06,2024-02-22,637.83,525
CUST10111,Samantha Patton,Florida,Master,Male,42,No,2,2021-04-23,2024-10-13,627.75,291
CUST10616,Mark Ryan,New York,Bachelor,Male,66,No,0,2021-03-28,2023-09-10,512.42,690
CUST10324,Stephanie Austin,Arizona,High School,Non-Binary,70,No,1,2020-10-24,2021-04-08,498.88,1575
CUST10032,Stephanie Morales,California,Bachelor,Non-Binary,63,Yes,4,2020-10-22,2022-01-12,357.53,1296
CUST10201,Debra Chavez,Washington,Master,Non-Binary,70,Yes,1,2023-08-07,2025-04-16,291.14,106
CUST10848,Brandon Phillips,Washington,Bachelor,Male,55,No,4,2023-03-02,2024-11-08,339.3,265
CUST10864,Travis Christensen,California,Bachelor,Non-Binary,65,No,1,2024-07-26,2024-12-11,82.06,232
CUST10753,Alison Mccarthy,Georgia,Associate,Male,56,Yes,1,2021-02-25,2022-03-10,427.5,1239
CUST10530,Dana Smith,New York,High School,Female,41,Yes,2,2024-01-12,2024-07-16,239.12,380
CUST10570,Jennifer Williams,Ohio,High School,Male,28,Yes,1,2022-11-07,2025-06-10,883.64,51
CUST10639,Mike Crawford,Colorado,PhD,Male,42,Yes,1,2024-07-02,2025-07-09,172.53,22
CUST10542,Catherine Haynes,Texas,PhD,Female,18,No,0,2023-10-17,2024-06-27,185.15,399
CUST10444,Charles Lee,Colorado,Associate,Non-Binary,37,No,2,2022-02-26,2025-04-23,360.67,99
CUST10814,Kristin Beard,Texas,Master,Non-Binary,47,Yes,2,2022-01-08,2022-05-18,374.54,1170
CUST10855,Samantha Burns,Florida,Bachelor,Female,79,No,2,2020-10-18,2024-07-16,467.5,380
CUST10891,Miss Alyssa Garcia,Washington,Master,Male,78,Yes,0,2021-07-20,2024-01-26,314.41,552
CUST10208,Daniel Patton,Arizona,Associate,Male,62,Yes,0,2020-10-29,2025-07-28,292.37,3
CUST10583,Sergio Taylor,New York,Master,Non-Binary,32,No,1,2020-10-01,2021-03-19,61.18,1595
CUST10533,Sara Mccullough,Washington,Master,Male,28,Yes,3,2020-08-27,2022-06-02,496.34,1155
CUST10555,Andrew Watson,California,PhD,Female,64,No,0,2022-09-10,2024-05-11,170.16,446
CUST10722,Jerry Castaneda,California,Associate,Female,29,No,1,2023-08-24,2023-08-28,474.13,703
CUST10385,Stephen Gray,New York,Associate,Female,25,No,4,2022-04-10,2022-11-06,264.74,998
CUST10662,Pamela Mckinney,Colorado,High School,Non-Binary,20,Yes,2,2024-02-10,2024-02-14,283.83,533
CUST10404,Brian Reynolds,Florida,PhD,Female,21,Yes,1,2023-11-04,2023-12-14,346.5,595
CUST10007,Lori Murphy,Georgia,Associate,Female,22,No,2,2024-03-25,2024-12-17,415.27,226
CUST10595,Maria Jackson,California,Master,Female,72,No,2,2023-09-08,2024-11-24,251.06,249
CUST10442,Michelle Smith,New York,High School,Female,76,No,1,2022-01-05,2022-03-12,60.2,1237
CUST10646,Michael Flores,New York,PhD,Female,21,No,1,2022-01-09,2022-06-21,338.27,1136
CUST10848,Brandon Phillips,Washington,Bachelor,Male,55,No,4,2023-03-02,2024-04-13,716.74,474
CUST10088,Michael Brooks,California,Bachelor,Female,20,Yes,1,2024-02-16,2024-05-18,345.4,439
CUST10097,Frank Moore,Ohio,Associate,Male,80,No,0,2021-07-22,2022-11-06,458.89,998
CUST10775,Luis Huffman,Ohio,Master,Non-Binary,39,No,4,2023-09-03,2024-10-14,655.39,290
CUST10624,Kelly Ramos,Georgia,High School,Female,35,Yes,2,2021-06-16,2023-03-25,122.85,859
CUST10203,Kim Bennett,Florida,High School,Female,43,No,0,2021-03-25,2021-11-26,128.51,1343
CUST10938,John Price,California,PhD,Male,44,No,2,2020-08-31,2023-01-01,485.4,942
CUST10136,Jennifer Moore,Florida,Master,Male,64,No,0,2021-07-15,2023-06-22,396.46,770
CUST10626,Lindsey Miller,New York,Master,Male,35,Yes,1,2021-12-10,2024-07-06,297.81,390
CUST10107,Shelley Mcdowell,Florida,High School,Male,61,No,0,2020-08-17,2023-06-06,367.35,786
CUST10127,Courtney Cuevas,Illinois,High School,Non-Binary,58,Yes,0,2020-09-04,2022-08-13,335.83,1083
CUST10074,James Garcia DDS,Florida,Master,Male,58,Yes,1,2022-05-14,2022-11-08,693.25,996
CUST10616,Mark Ryan,New York,Bachelor,Male,66,No,0,2021-03-28,2024-07-18,473.8,378
CUST10532,Lee Miller,California,High School,Non-Binary,61,No,0,2021-12-28,2022-07-29,443.92,1098
CUST10446,Mr. David Ramirez,California,Bachelor,Female,65,No,0,2023-12-03,2024-10-24,122.72,280
CUST10286,Nicole Porter DVM,New York,Master,Male,46,Yes,0,2024-02-09,2025-01-18,291.84,194
CUST10522,Sean Williams,New York,Associate,Non-Binary,73,No,1,2023-07-21,2024-08-22,384.53,343
CUST10971,Mr. David Miranda,Arizona,Master,Non-Binary,58,No,2,2022-08-17,2023-09-27,799.74,673
CUST10490,Nathan Johnson,Arizona,High School,Male,27,No,2,2021-11-27,2024-02-25,211.12,522
CUST10483,Robert Oconnell,Illinois,Associate,Female,57,Yes,1,2022-04-22,2023-09-19,452.43,681
CUST10758,Nicolas Cruz,Illinois,Master,Male,66,No,1,2022-02-25,2022-07-16,281.02,1111
CUST10138,Chelsea James,Texas,PhD,Male,69,No,2,2024-06-14,2025-02-08,1235.86,173
CUST10237,Tracy Salazar,California,PhD,Male,58,No,4,2022-06-30,2025-02-18,485.09,163
CUST10824,Megan Perry,Illinois,High School,Non-Binary,74,Yes,2,2020-09-11,2021-12-30,611.06,1309
CUST10840,Amy Moore,Illinois,High School,Non-Binary,53,Yes,1,2023-11-25,2024-11-23,322.86,250
CUST10253,Mrs. Lisa Jennings DDS,Illinois,Master,Male,61,Yes,0,2022-03-25,2025-05-25,366.78,67
CUST10114,Melissa Hall,Washington,Master,Non-Binary,25,Yes,0,2022-02-13,2023-07-21,646.5,741
CUST10175,David Russell,New York,PhD,Male,29,Yes,0,2023-02-08,2024-09-20,543.55,314
CUST10353,Michelle Goodwin,Ohio,PhD,Male,76,No,3,2022-06-03,2024-04-30,63.22,457
CUST10687,Deborah Gibson,Texas,High School,Male,48,Yes,2,2024-06-21,2024-08-16,517.69,349
CUST10250,Alicia Higgins,Texas,Master,Female,74,Yes,1,2023-10-15,2025-07-24,54.42,7
CUST10988,Veronica Jones,Colorado,Associate,Male,49,Yes,1,2022-03-29,2023-12-07,474.3,602
CUST10062,Taylor Cook,Texas,Master,Male,57,No,0,2020-09-18,2023-05-16,38.26,807
CUST10574,David Jensen,New York,Bachelor,Non-Binary,51,No,4,2021-05-11,2022-03-31,500.33,1218
CUST10578,Robert Smith,California,Master,Male,74,No,0,2022-12-17,2024-07-31,165.79,365
CUST10619,Henry Martinez,Colorado,High School,Male,37,No,0,2021-11-24,2024-12-24,217.83,219
CUST10561,Joseph Krueger,Florida,Associate,Female,24,Yes,0,2022-06-30,2023-12-28,307.01,581
CUST10807,Matthew Hopkins,Illinois,Bachelor,Male,43,No,0,2021-06-19,2024-02-11,575.5,536
CUST10670,Logan Cohen,Illinois,Bachelor,Non-Binary,75,No,1,2024-03-10,2024-09-17,837.45,317
CUST10797,Michael Cameron,Florida,Bachelor,Non-Binary,27,No,0,2021-05-26,2022-05-21,109.35,1167
CUST10274,Tracy Tate,Illinois,Master,Female,51,Yes,0,2023-07-05,2023-10-09,52.04,661
CUST10292,William Jennings,Ohio,High School,Non-Binary,48,No,4,2022-04-18,2025-01-02,79.05,210
CUST10130,Eric Nelson,Ohio,Bachelor,Female,44,Yes,1,2022-01-19,2023-08-23,33.3,708
CUST10732,David Cooper,Illinois,High School,Male,41,Yes,0,2023-04-30,2023-11-24,158.36,615
CUST10492,Frank Wyatt,New York,PhD,Non-Binary,55,No,3,2022-11-21,2023-01-18,526.72,925
CUST10330,Jeffrey Wells,Georgia,Bachelor,Male,63,Yes,1,2023-09-08,2024-06-07,288.33,419
CUST10589,Nathan Sanders,Texas,PhD,Male,71,Yes,3,2022-02-01,2024-07-31,285.04,365
CUST10388,Ronald Ramirez,Illinois,High School,Male,50,No,2,2022-05-24,2022-09-10,233.47,1055
CUST10282,Jordan Tapia,Washington,High School,Non-Binary,41,Yes,2,2021-12-31,2022-02-13,771.6,1264
CUST10863,Sara Tanner,Texas,Bachelor,Female,64,Yes,2,2024-03-08,2024-11-25,130.5,248
CUST10814,Kristin Beard,Texas,Master,Non-Binary,47,Yes,2,2022-01-08,2024-10-05,180.16,299
CUST10385,Stephen Gray,New York,Associate,Female,25,No,4,2022-04-10,2024-01-10,659.36,568
CUST10746,Tonya Gross,Texas,PhD,Male,30,Yes,1,2021-09-06,2023-09-17,195.31,683
CUST10330,Jeffrey Wells,Georgia,Bachelor,Male,63,Yes,1,2023-09-08,2023-10-13,140.98,657
CUST10751,Bonnie Buchanan,New York,Master,Male,26,No,1,2020-12-20,2024-07-16,455.08,380
CUST10241,Logan Garcia,Georgia,High School,Non-Binary,69,Yes,1,2022-03-23,2023-10-11,348.4,659
CUST10826,Elizabeth Mason,Washington,Associate,Non-Binary,75,Yes,1,2020-08-04,2020-10-21,213.32,1744
CUST10169,Jessica Figueroa,Washington,PhD,Male,78,No,0,2023-05-24,2024-12-05,404.99,238
CUST10591,Barbara Hanson,Colorado,PhD,Non-Binary,40,Yes,1,2020-09-18,2024-01-10,189.8,568
CUST10456,Ronald Myers,Arizona,Associate,Non-Binary,39,Yes,2,2021-09-29,2023-04-21,160.4,832
CUST10821,Terri Rubio,California,Bachelor,Female,72,Yes,2,2022-07-10,2025-06-11,161.81,50
CUST10736,Stephanie Miller,Washington,Master,Non-Binary,50,No,2,2023-07-26,2025-07-20,134.07,11
CUST10944,Elizabeth Burton,Georgia,Bachelor,Male,65,No,0,2022-01-21,2023-01-02,212.06,941
CUST10956,Richard Mercado,New York,Bachelor,Non-Binary,74,No,1,2021-05-25,2025-05-10,471.93,82
CUST10619,Henry Martinez,Colorado,High School,Male,37,No,0,2021-11-24,2022-11-15,86.45,989
CUST10404,Brian Reynolds,Florida,PhD,Female,21,Yes,1,2023-11-04,2025-03-15,71.26,138
CUST10699,Brandi Olson,Georgia,Master,Female,79,No,4,2020-10-02,2022-07-30,282.29,1097
CUST10306,Brittany Huff,Florida,Master,Female,54,No,2,2022-10-10,2022-10-21,52.79,1014
CUST10978,Kenneth Vang,Texas,Master,Non-Binary,75,No,0,2021-05-08,2025-05-26,27.74,66
CUST10344,Jennifer Garcia,Washington,High School,Male,74,Yes,1,2020-11-22,2022-08-20,51.84,1076
CUST10173,David Sanchez,Arizona,PhD,Non-Binary,54,Yes,1,2022-01-11,2025-01-09,57.57,203
CUST10734,Christine Baker,Ohio,Associate,Female,34,Yes,3,2022-08-05,2023-07-22,938.96,740
CUST10302,John Rush,California,Master,Non-Binary,49,No,4,2024-06-23,2024-10-14,67.82,290
CUST10279,Anthony Mcdonald,Georgia,Bachelor,Male,42,No,0,2021-04-07,2023-12-31,282.53,578
CUST10236,Tonya Brady,Texas,High School,Female,77,Yes,1,2023-12-24,2024-12-05,204.22,238
CUST10728,Barbara Baker,Florida,Associate,Male,60,Yes,1,2021-10-04,2024-11-21,590.75,252
CUST10168,Cynthia Bradley,Illinois,Bachelor,Female,58,No,1,2021-05-09,2023-08-14,197.79,717
CUST10233,Mark Macdonald,Texas,Bachelor,Male,45,No,0,2021-07-06,2024-07-24,381.13,372
CUST10022,Chris Collins,Georgia,PhD,Female,59,Yes,2,2022-03-04,2024-02-27,339.91,520
CUST10948,Patricia Koch,Texas,PhD,Male,28,Yes,2,2021-01-07,2022-08-16,106.61,1080
CUST10272,Ray Lopez,Arizona,Master,Female,24,No,2,2022-10-23,2025-02-06,255.14,175
CUST10564,Mary Shaw,Washington,Master,Female,41,No,0,2024-07-13,2024-08-25,653.01,340
CUST10306,Brittany Huff,Florida,Master,Female,54,No,2,2022-10-10,2024-02-16,242.99,531
CUST10243,Nicholas Johnson,Ohio,Bachelor,Non-Binary,50,Yes,2,2020-12-20,2021-05-21,227.52,1532
CUST10565,Matthew Stone,Washington,High School,Female,59,Yes,3,2023-01-12,2024-09-28,56.01,306
CUST10393,Marie Wells,Georgia,Bachelor,Female,35,No,0,2021-01-27,2025-05-29,575.27,63
CUST10897,Richard Becker,Washington,High School,Male,27,Yes,4,2022-04-22,2025-06-17,181.5,44
CUST10260,Karen Kim,California,Master,Non-Binary,54,No,0,2024-03-27,2024-10-18,338.65,286
CUST10397,Jennifer Patel,Texas,Bachelor,Non-Binary,70,Yes,1,2023-03-17,2024-12-07,322.71,236
CUST10637,Emily Schneider,Florida,Associate,Non-Binary,68,No,1,2022-03-01,2022-07-13,396.72,1114
CUST10797,Michael Cameron,Florida,Bachelor,Non-Binary,27,No,0,2021-05-26,2025-01-10,188.99,202
CUST10756,Melissa Roberts,Illinois,PhD,Male,24,No,2,2024-03-30,2025-01-01,201.34,211
CUST10145,Miranda Velazquez,Ohio,Master,Non-Binary,47,Yes,0,2024-05-02,2024-11-16,66.9,257
CUST10673,Michael Wilson,Georgia,PhD,Non-Binary,78,Yes,3,2021-03-23,2024-05-30,337.91,427
CUST10163,Scott Mitchell,California,Associate,Non-Binary,28,Yes,2,2020-10-22,2025-01-12,215.71,200
CUST10680,Samantha Johnson,Texas,PhD,Male,80,Yes,0,2022-10-05,2023-07-13,85.67,749
CUST10021,Kimberly Hester,Ohio,Associate,Male,35,Yes,0,2021-03-03,2021-10-24,352.92,1376
CUST10168,Cynthia Bradley,Illinois,Bachelor,Female,58,No,1,2021-05-09,2021-12-19,326.82,1320
CUST10350,Haley Herring,New York,High School,Male,33,No,2,2023-07-02,2023-11-24,124.58,615
CUST10898,Heather Chavez,New York,Associate,Non-Binary,21,Yes,2,2024-04-21,2024-06-17,278.14,409
CUST10535,Teresa Garcia,Georgia,High School,Female,28,No,0,2024-05-15,2025-01-07,421.23,205
CUST10733,Jean Reed,Florida,Associate,Male,68,Yes,4,2023-07-27,2025-04-29,141.54,93
CUST10818,Melissa Hernandez,Ohio,High School,Female,56,No,1,2021-04-25,2024-11-17,129.3,256
CUST10555,Andrew Watson,California,PhD,Female,64,No,0,2022-09-10,2025-06-17,146.84,44
CUST10700,Robert Rodgers,Arizona,High School,Female,34,Yes,0,2024-06-13,2025-02-09,251.4,172
CUST10338,Charles Davis,Arizona,Master,Female,50,Yes,3,2023-07-14,2024-06-03,215.84,423
CUST10731,Daniel Salas,Florida,High School,Male,54,Yes,1,2020-12-05,2021-08-19,148.64,1442
CUST10634,Jane Rocha,Ohio,Associate,Female,26,No,2,2023-03-24,2024-03-11,534.12,507
CUST10785,Mr. Joshua Martinez,New York,High School,Female,19,No,0,2021-08-26,2022-11-24,417.26,980
CUST10599,Laura Charles,Arizona,Associate,Male,20,No,2,2022-08-30,2025-01-04,146.01,208
CUST10953,Bobby Reed,Colorado,PhD,Female,38,No,0,2021-10-19,2025-03-21,193.33,132
CUST10850,Elizabeth Edwards,Colorado,Bachelor,Male,34,Yes,1,2022-01-29,2023-03-31,367.99,853
CUST10231,Carrie Williams,Ohio,PhD,Male,28,No,1,2020-10-08,2021-12-24,109.22,1315
CUST10345,Crystal Richards,California,Associate,Female,21,Yes,2,2021-05-12,2021-07-06,402.71,1486
CUST10808,Mr. Dillon Gross,Washington,Bachelor,Female,45,No,0,2021-11-12,2022-10-18,146.94,1017
CUST10743,Tamara Miller,Georgia,Master,Male,78,Yes,1,2023-07-17,2024-11-08,285.9,265
CUST10905,Virginia Ramsey,Georgia,Master,Non-Binary,25,No,2,2022-06-17,2025-07-24,127.31,7
CUST10704,Sharon Cox,Ohio,High School,Non-Binary,37,No,1,2022-02-28,2024-06-02,309.89,424
CUST10673,Michael Wilson,Georgia,PhD,Non-Binary,78,Yes,3,2021-03-23,2023-05-04,75.18,819
CUST10166,Ashley Burns,New York,PhD,Female,78,Yes,1,2023-10-24,2025-05-28,182.15,64
CUST10835,Riley Torres,New York,PhD,Non-Binary,49,Yes,1,2020-11-28,2021-12-12,178.01,1327
CUST10555,Andrew Watson,California,PhD,Female,64,No,0,2022-09-10,2024-12-15,493.39,228
CUST10877,David Vazquez,Arizona,Master,Male,26,Yes,1,2022-10-15,2024-12-25,341.86,218
CUST10227,William Mclean,California,PhD,Female,64,Yes,0,2023-12-20,2025-06-09,82.41,52
CUST10803,Nicole Berry,Ohio,PhD,Female,36,Yes,2,2023-09-17,2024-09-10,150.16,324
CUST10806,Amanda Willis,Ohio,PhD,Non-Binary,66,Yes,4,2024-02-14,2024-10-28,933.77,276
CUST10922,Tammie Lopez,Washington,Associate,Male,73,No,0,2021-10-10,2025-02-04,73.3,177
CUST10215,Daniel Bishop,Washington,Master,Non-Binary,40,No,2,2021-01-25,2023-07-06,228.37,756
CUST10822,Laura Roy,Georgia,High School,Male,23,No,2,2024-06-16,2024-10-06,132.02,298
CUST10874,Shannon Clayton,Arizona,PhD,Female,53,No,2,2022-09-11,2024-08-15,96.99,350
CUST10501,Kristopher Powell,Illinois,Bachelor,Female,43,Yes,0,2024-04-26,2025-04-20,438.73,102
CUST10048,Jennifer Baker,New York,Master,Male,56,Yes,1,2021-08-04,2021-11-21,149.96,1348
CUST10879,Kristina Pineda,Washington,PhD,Non-Binary,41,Yes,1,2022-11-07,2023-09-09,169.68,691
CUST10871,Jessica Lee,California,Associate,Non-Binary,42,No,2,2022-10-16,2023-09-25,352.4,675
CUST10880,Aaron Weber,Georgia,Associate,Male,22,Yes,2,2022-05-08,2023-08-15,221.61,716
CUST10556,Ashley Roberts,California,Associate,Non-Binary,50,No,4,2023-01-22,2023-09-01,410.46,699
CUST10054,Taylor Cook,California,Master,Male,40,Yes,0,2024-07-15,2025-02-02,222.81,179
CUST10326,Melissa Price,Texas,Bachelor,Non-Binary,65,No,2,2020-09-11,2025-02-10,42.57,171
CUST10562,Dustin Bell,Florida,High School,Male,19,Yes,1,2024-04-12,2024-05-25,262.02,432
CUST10923,Justin Drake,Colorado,PhD,Female,25,Yes,2,2022-12-25,2024-11-25,247.56,248
CUST10370,Brandi Black,California,High School,Female,42,Yes,1,2023-05-31,2024-09-27,108.23,307
CUST10821,Terri Rubio,California,Bachelor,Female,72,Yes,2,2022-07-10,2025-06-19,30.19,42
CUST10769,Jason Morales,California,Master,Non-Binary,48,No,1,2022-11-04,2022-11-21,584.82,983
CUST10650,Phillip Taylor,Ohio,PhD,Non-Binary,70,Yes,1,2023-12-13,2024-11-06,167.01,267
CUST10933,Jonathan Lewis,Texas,Associate,Male,37,Yes,3,2022-02-16,2022-11-25,486.34,979
CUST10192,Jeffrey Stewart,Georgia,High School,Female,34,Yes,0,2024-04-09,2025-03-12,293.3,141
CUST10882,Amber Watson,Arizona,High School,Non-Binary,61,No,3,2021-04-01,2021-11-08,216.29,1361
CUST10060,Nathaniel Price,California,Master,Female,47,No,2,2022-12-14,2024-09-08,495.4,326
CUST10390,Dr. Phillip Brooks,Florida,High School,Male,53,Yes,2,2022-05-29,2025-06-14,499.82,47
CUST10617,Dr. Stacy Cervantes,California,Master,Male,54,No,3,2024-04-18,2024-07-19,186.77,377
CUST10100,Timothy Cook,Georgia,High School,Female,39,Yes,1,2024-07-28,2025-01-05,503.52,207
CUST10383,Willie Green,Colorado,PhD,Non-Binary,74,Yes,1,2022-01-22,2024-05-28,198.15,429
CUST10179,Michael King,California,Bachelor,Female,65,No,2,2024-07-06,2025-02-15,136.8,166
CUST10734,Christine Baker,Ohio,Associate,Female,34,Yes,3,2022-08-05,2024-08-19,426.97,346
CUST10581,Raymond Kelly,Ohio,PhD,Male,40,No,2,2021-05-08,2023-06-02,329.08,790
CUST10803,Nicole Berry,Ohio,PhD,Female,36,Yes,2,2023-09-17,2024-08-08,54.6,357
CUST10966,Lauren Taylor,New York,Associate,Non-Binary,30,No,2,2023-12-14,2024-02-03,258.58,544
CUST10728,Barbara Baker,Florida,Associate,Male,60,Yes,1,2021-10-04,2022-02-07,209.33,1270
CUST10016,Melinda Smith,Florida,Associate,Male,65,No,4,2020-12-07,2023-03-15,639.01,869
CUST10597,Carolyn Kirk,Ohio,PhD,Female,66,Yes,1,2023-05-25,2025-07-20,353.82,11
CUST10972,Meghan Oliver,Washington,Master,Female,41,Yes,0,2022-02-24,2024-07-29,135.41,367
CUST10128,Zachary Gonzalez,California,Associate,Female,48,No,1,2023-10-25,2024-05-29,73.75,428
CUST10789,Chelsea Jenkins,Florida,PhD,Female,30,No,1,2022-12-11,2023-06-18,156.05,774
CUST10324,Stephanie Austin,Arizona,High School,Non-Binary,70,No,1,2020-10-24,2022-11-26,90.25,978
CUST10795,Jamie Gardner,Washington,Associate,Female,47,No,1,2020-11-12,2023-07-18,462.43,744
CUST10403,Kristine Hernandez,Arizona,Bachelor,Male,65,No,3,2021-01-26,2022-06-27,416.94,1130
CUST10814,Kristin Beard,Texas,Master,Non-Binary,47,Yes,2,2022-01-08,2024-06-24,199.82,402
CUST10398,Teresa Gardner,Illinois,High School,Male,72,Yes,3,2023-12-01,2025-01-27,509.19,185
CUST10853,Ryan Miller,Florida,High School,Non-Binary,55,No,0,2022-06-20,2023-08-11,463.22,720
CUST10083,Marc Olson,Florida,Associate,Non-Binary,73,No,2,2022-11-17,2024-01-13,123.34,565
CUST10017,Kenneth Ferguson,Florida,High School,Male,74,No,1,2023-07-25,2024-05-20,613.04,437
CUST10752,Paula Ross,Washington,Bachelor,Non-Binary,46,Yes,2,2021-04-04,2023-12-31,272.84,578
CUST10134,Travis Barber,Ohio,Bachelor,Male,67,Yes,0,2020-11-15,2021-07-10,407.9,1482
CUST10837,Michael Navarro,California,Bachelor,Female,70,Yes,3,2022-06-04,2022-09-16,215.49,1049
CUST10312,Erin Norman,Illinois,High School,Non-Binary,24,No,2,2023-11-20,2024-11-24,164.25,249
CUST10921,Rhonda Sanchez,California,Associate,Female,44,Yes,0,2023-01-14,2025-06-10,186.7,51
CUST10182,Donna Nichols DDS,Florida,Master,Non-Binary,78,No,3,2024-01-10,2025-06-14,396.74,47
CUST10126,Charles Powers,Florida,Associate,Non-Binary,46,No,3,2022-10-12,2024-07-21,217.93,375
CUST10544,Todd Allen,Arizona,Master,Male,32,No,0,2020-08-03,2022-04-23,182.32,1195
CUST10168,Cynthia Bradley,Illinois,Bachelor,Female,58,No,1,2021-05-09,2024-12-10,162.4,233
CUST10892,Raymond Riley,Washington,PhD,Male,54,No,2,2021-09-08,2024-03-17,59.15,501
CUST10243,Nicholas Johnson,Ohio,Bachelor,Non-Binary,50,Yes,2,2020-12-20,2024-11-09,263.97,264
CUST10787,Louis Gibson,Colorado,Associate,Non-Binary,47,No,1,2024-07-04,2025-06-22,405.37,39
CUST10622,Andre Dennis,Illinois,Bachelor,Male,34,Yes,0,2022-09-17,2024-07-02,123.93,394
CUST10627,Gary Richardson,New York,Master,Non-Binary,32,No,0,2021-06-18,2021-10-15,165.78,1385
CUST10476,Brad Jones,Illinois,Bachelor,Male,56,No,0,2024-01-21,2025-07-09,395.82,22
CUST10069,Patricia Santana,California,PhD,Male,70,No,0,2022-07-11,2024-10-16,498.13,288
CUST10716,John Lopez,Georgia,High School,Non-Binary,79,No,0,2020-12-29,2023-02-06,215.6,906
CUST10170,Mark Perez,California,Master,Non-Binary,22,No,0,2023-12-26,2025-03-25,305.18,128
CUST10744,Robert Kelly,Florida,Associate,Non-Binary,78,Yes,2,2023-09-24,2025-03-04,105.42,149
CUST10021,Kimberly Hester,Ohio,Associate,Male,35,Yes,0,2021-03-03,2021-09-19,177.31,1411
CUST10806,Amanda Willis,Ohio,PhD,Non-Binary,66,Yes,4,2024-02-14,2025-04-21,331.79,101
CUST10491,David Vazquez,Florida,Associate,Non-Binary,30,No,1,2024-06-11,2024-09-08,264.8,326
CUST10669,Jeff Diaz,Ohio,Master,Non-Binary,46,No,0,2023-07-24,2025-05-25,190.67,67
CUST10443,Andrew Thomas,Illinois,Master,Male,61,Yes,2,2021-10-24,2024-06-15,15.89,411
CUST10018,Sara Wilson,Texas,High School,Non-Binary,53,No,1,2023-07-31,2024-04-12,226.24,475
CUST10376,Cynthia Rogers,New York,High School,Male,59,Yes,1,2024-04-19,2024-08-31,272.84,334
CUST10269,Elizabeth Salazar,Colorado,High School,Female,55,Yes,0,2021-03-17,2023-01-01,279.66,942
CUST10158,Heather Brown,New York,Bachelor,Male,21,Yes,2,2021-12-06,2024-06-08,372.09,418
CUST10337,William Cohen,Illinois,PhD,Non-Binary,20,No,0,2021-08-14,2025-02-13,47.9,168
CUST10970,Francisco Alvarez,New York,High School,Male,36,Yes,2,2021-11-01,2024-08-16,153.59,349
CUST10635,Sherry Stanley,Washington,Associate,Female,39,No,1,2023-12-28,2025-02-20,299.24,161
CUST10721,Mark Watkins,Arizona,High School,Non-Binary,54,Yes,1,2023-02-26,2024-02-05,538.29,542
CUST10987,Victoria Wolf,Ohio,PhD,Male,22,Yes,4,2024-04-07,2025-02-13,55.26,168
CUST10794,Whitney Nichols,Georgia,Bachelor,Female,43,No,1,2021-03-07,2023-03-02,270.29,882
CUST10678,Nancy Rogers,Ohio,High School,Male,40,Yes,0,2022-06-09,2025-02-01,146.44,180
CUST10765,Michael Bailey,Illinois,PhD,Female,72,No,0,2022-05-26,2023-12-07,236.52,602
CUST10152,Catherine Santiago,New York,Master,Female,75,No,1,2021-05-10,2023-07-29,351.6,733
CUST10567,Kelsey Hughes,Colorado,Master,Male,65,Yes,0,2021-10-31,2024-10-31,260.93,273
CUST10644,Karen Fitzgerald,Illinois,PhD,Non-Binary,50,No,1,2022-06-20,2024-01-19,41.05,559
CUST10470,Jill Stone,Georgia,Master,Non-Binary,42,Yes,2,2023-01-06,2023-09-30,226.17,670
CUST10386,Courtney Nelson,New York,High School,Male,71,No,2,2020-09-20,2024-04-29,546.14,458
CUST10368,Benjamin Weber,Washington,Associate,Male,34,Yes,2,2021-01-11,2022-07-15,112.1,1112
CUST10796,Sarah Larsen,Ohio,Bachelor,Female,74,Yes,1,2024-05-17,2025-03-12,148.59,141
CUST10937,Raven Perry,Ohio,Associate,Male,71,No,2,2022-07-06,2023-01-05,433.39,938
CUST10352,Kevin Rowland,Texas,Associate,Female,20,No,1,2023-05-08,2024-11-23,604.16,250
CUST10098,Madeline Gamble,Washington,Bachelor,Male,40,Yes,2,2024-04-01,2025-07-28,210.27,3
CUST10060,Nathaniel Price,California,Master,Female,47,No,2,2022-12-14,2023-03-11,491.68,873
CUST10681,Linda Wilson,New York,High School,Non-Binary,80,Yes,2,2022-05-05,2022-09-24,187.96,1041
CUST10786,Michael Webster,California,Bachelor,Male,40,No,1,2023-09-03,2024-02-06,228.39,541
CUST10300,Jennifer Williams,California,Associate,Male,61,Yes,1,2022-06-25,2025-04-20,224.93,102
CUST10956,Richard Mercado,New York,Bachelor,Non-Binary,74,No,1,2021-05-25,2023-10-17,91.42,653
CUST10856,Julie Henry,Georgia,High School,Female,25,No,2,2023-12-03,2025-05-03,500.46,89
CUST10558,Andrew Rivera,Colorado,High School,Male,69,No,2,2024-06-13,2024-10-22,510.5,282
CUST10797,Michael Cameron,Florida,Bachelor,Non-Binary,27,No,0,2021-05-26,2023-08-06,718.63,725
CUST10000,Chloe Sanford,Colorado,Associate,Non-Binary,77,No,1,2024-07-04,2025-07-08,366.1,23
CUST10954,Ronald Smith,Arizona,Master,Male,34,Yes,0,2021-06-10,2022-12-02,946.63,972
CUST10873,Heather Strong,Arizona,High School,Male,19,Yes,3,2022-12-14,2023-01-06,527.97,937
CUST10620,Jesse Pratt,Texas,Master,Male,64,No,0,2023-04-13,2025-03-11,405.74,142
CUST10912,Diana Clark,Florida,High School,Non-Binary,46,Yes,1,2024-03-23,2025-01-28,334.3,184
CUST10487,Theresa Crawford,Georgia,PhD,Male,18,Yes,1,2023-11-04,2025-03-17,499.77,136
CUST10365,Yesenia Johnson,Illinois,Bachelor,Non-Binary,27,Yes,0,2023-04-21,2025-04-05,568.93,117
CUST10822,Laura Roy,Georgia,High School,Male,23,No,2,2024-06-16,2025-03-30,353.57,123
CUST10710,Derek Smith,Illinois,PhD,Male,63,Yes,0,2021-05-02,2024-07-01,616.74,395
CUST10828,Dr. Malik Zamora,Illinois,High School,Male,64,No,4,2021-06-25,2023-06-28,251.21,764
CUST10852,Gary Coleman,Georgia,Master,Male,58,No,0,2022-12-28,2023-02-20,445.31,892
CUST10314,Yolanda Wilson,Texas,Bachelor,Male,71,Yes,1,2022-03-25,2023-11-11,342.59,628
CUST10994,Misty Davis,Colorado,Master,Non-Binary,36,Yes,3,2023-01-06,2023-01-07,381.56,936
CUST10080,Nicole Burns,New York,Associate,Male,23,No,3,2022-07-09,2025-01-11,204.04,201
CUST10340,Elizabeth Phillips,California,Bachelor,Non-Binary,80,No,0,2020-08-30,2022-07-13,264.61,1114
CUST10657,David Woods,Georgia,Associate,Non-Binary,76,No,0,2023-08-27,2024-06-11,254.55,415
CUST10130,Eric Nelson,Ohio,Bachelor,Female,44,Yes,1,2022-01-19,2023-04-28,198.56,825
CUST10475,Natalie Mitchell,California,Master,Non-Binary,24,No,2,2022-11-06,2023-04-19,104.59,834
CUST10564,Mary Shaw,Washington,Master,Female,41,No,0,2024-07-13,2025-04-07,1522.52,115
CUST10011,Ian Baker,Florida,Master,Non-Binary,64,No,3,2024-01-23,2025-06-20,445.93,41
CUST10560,April Richardson,Florida,Master,Female,28,No,0,2021-09-12,2023-01-23,461.05,920
CUST10401,Jason Miller DDS,Texas,Bachelor,Male,37,No,2,2024-07-08,2025-02-20,903.99,161
CUST10009,Patrick Barnes,California,Bachelor,Non-Binary,41,Yes,0,2024-04-14,2025-06-02,940.06,59
CUST10140,Sean Becker,Texas,Associate,Male,41,No,2,2024-06-10,2025-02-18,147.61,163
CUST10356,Gabrielle Wilson,Arizona,High School,Non-Binary,44,No,2,2022-01-24,2022-01-24,29.51,1284
CUST10051,Mary Mccullough,California,Master,Male,34,No,2,2022-06-27,2023-02-03,732.37,909
CUST10057,Shelley Austin,New York,PhD,Female,72,No,0,2020-12-18,2024-04-29,454.61,458
CUST10952,Courtney Jimenez,California,Associate,Non-Binary,76,No,4,2024-05-30,2024-09-30,121.79,304
CUST10801,Tyler Peterson,Ohio,Bachelor,Non-Binary,53,No,3,2023-10-28,2025-06-16,234.01,45
CUST10236,Tonya Brady,Texas,High School,Female,77,Yes,1,2023-12-24,2025-01-14,596.14,198
CUST10054,Taylor Cook,California,Master,Male,40,Yes,0,2024-07-15,2024-12-11,220.88,232
CUST10163,Scott Mitchell,California,Associate,Non-Binary,28,Yes,2,2020-10-22,2020-11-15,142.5,1719
CUST10586,Robert Peck,California,PhD,Female,68,No,2,2021-09-03,2023-07-05,545.18,757
CUST10420,Melissa Church,Arizona,Master,Female,64,Yes,0,2024-02-12,2024-09-01,730.34,333
CUST10336,Garrett Sanders,Florida,Master,Non-Binary,69,No,3,2021-10-17,2025-01-07,307.31,205
CUST10134,Travis Barber,Ohio,Bachelor,Male,67,Yes,0,2020-11-15,2022-06-30,892.28,1127
CUST10512,Sean Butler,Illinois,Bachelor,Male,73,Yes,3,2022-02-10,2023-10-07,111.07,663
CUST10521,Ms. Maria Garrett,Florida,High School,Female,23,Yes,1,2020-12-30,2022-09-20,467.42,1045
CUST10109,Thomas Gilbert,Florida,Master,Non-Binary,51,Yes,3,2023-03-12,2024-10-12,129.94,292
CUST10979,Carol Paul,Illinois,PhD,Female,55,Yes,1,2022-03-05,2025-04-04,358.27,118
CUST10537,Lori Hall,Arizona,PhD,Non-Binary,45,No,4,2021-12-19,2022-03-26,215.9,1223
CUST10486,James Wells,Georgia,Master,Female,21,Yes,4,2023-11-20,2024-12-20,185.27,223
CUST10863,Sara Tanner,Texas,Bachelor,Female,64,Yes,2,2024-03-08,2025-06-03,59.07,58
CUST10521,Ms. Maria Garrett,Florida,High School,Female,23,Yes,1,2020-12-30,2025-07-05,129.65,26
CUST10200,Nicole Maynard,Texas,Bachelor,Female,51,Yes,1,2021-08-30,2023-06-13,525.23,779
CUST10659,Andrew Lang,Florida,PhD,Male,58,Yes,1,2022-11-29,2024-11-23,45.88,250
CUST10654,Austin Schultz,Colorado,Bachelor,Non-Binary,59,Yes,2,2021-03-22,2024-09-13,286.47,321
CUST10590,Nicholas Gilmore,Ohio,Master,Non-Binary,37,No,0,2021-09-24,2022-11-05,278.74,999
CUST10214,Philip Taylor,California,High School,Male,46,No,1,2022-11-02,2025-02-21,398.5,160
CUST10708,Amber Boyer,Texas,Associate,Female,67,No,1,2021-07-09,2023-02-27,460.91,885
CUST10576,Laura Miller,Texas,PhD,Female,29,No,3,2023-05-18,2024-06-22,237.3,404
CUST10826,Elizabeth Mason,Washington,Associate,Non-Binary,75,Yes,1,2020-08-04,2022-06-30,280.36,1127
CUST10857,Wayne Brown,Illinois,PhD,Male,41,Yes,1,2024-01-11,2024-04-17,191.32,470
CUST10145,Miranda Velazquez,Ohio,Master,Non-Binary,47,Yes,0,2024-05-02,2024-06-03,275.38,423
CUST10574,David Jensen,New York,Bachelor,Non-Binary,51,No,4,2021-05-11,2021-11-22,834.97,1347
CUST10219,Karen Johns,Texas,High School,Female,28,Yes,1,2021-12-06,2022-04-08,234.71,1210
CUST10320,Tina Duncan,New York,Bachelor,Female,70,Yes,3,2023-10-07,2025-01-22,531.05,190
CUST10693,Sarah Snyder,California,Master,Non-Binary,29,Yes,3,2021-07-04,2022-08-30,56.83,1066
CUST10963,Tyler Snyder,Colorado,Bachelor,Non-Binary,23,No,0,2021-06-12,2021-11-15,612.22,1354
CUST10250,Alicia Higgins,Texas,Master,Female,74,Yes,1,2023-10-15,2025-07-13,242.11,18
CUST10978,Kenneth Vang,Texas,Master,Non-Binary,75,No,0,2021-05-08,2022-01-30,202.8,1278
CUST10197,Nicole Alvarez,Washington,Master,Male,46,Yes,1,2021-08-26,2024-12-13,78.61,230
CUST10538,Lindsay Jones,Arizona,PhD,Male,23,Yes,0,2021-03-19,2021-07-12,744.5,1480
CUST10137,Brian Meyer Jr.,Washington,Master,Non-Binary,61,No,3,2022-10-24,2025-04-03,86.37,119
CUST10672,Stephen Wright,Florida,Associate,Non-Binary,75,Yes,0,2021-05-24,2023-10-27,366.83,643
CUST10605,Cynthia Schroeder,Ohio,PhD,Non-Binary,33,No,4,2021-11-28,2023-06-30,729.72,762
CUST10793,Austin Willis,Arizona,PhD,Male,71,No,0,2024-04-02,2025-05-13,498.93,79
CUST10615,Frank Bowman,New York,Master,Non-Binary,59,No,3,2024-01-25,2024-08-06,187.15,359
CUST10928,Jessica Pierce,Texas,Associate,Male,42,No,0,2022-10-21,2025-05-17,249.15,75
CUST10628,Joseph Mcbride,Ohio,Master,Non-Binary,66,Yes,3,2024-01-27,2024-03-09,607.78,509
CUST10389,Sean Smith,California,High School,Male,59,No,0,2022-08-10,2025-03-05,615.88,148
CUST10935,Scott Wood MD,California,High School,Male,78,No,0,2023-02-05,2023-07-26,221.06,736
CUST10058,Jennifer Anderson MD,Florida,PhD,Non-Binary,49,No,3,2021-10-20,2022-09-25,653.42,1040
CUST10139,Julie Preston,Colorado,PhD,Non-Binary,18,Yes,3,2024-03-29,2024-07-20,222.89,376
CUST10641,Joshua Mccormick,Texas,PhD,Male,52,No,3,2022-12-15,2024-11-27,10.53,246
CUST10219,Karen Johns,Texas,High School,Female,28,Yes,1,2021-12-06,2024-01-15,602.24,563
CUST10582,Adrian Henry,Texas,Master,Non-Binary,26,No,2,2021-12-14,2022-07-08,195.1,1119
CUST10639,Mike Crawford,Colorado,PhD,Male,42,Yes,1,2024-07-02,2024-10-27,685.2,277
CUST10999,Virginia Torres,Arizona,Bachelor,Male,76,Yes,2,2022-09-01,2022-10-17,169.73,1018
CUST10941,Natasha Walker,California,Associate,Non-Binary,40,Yes,1,2024-06-06,2024-10-20,292.84,284
CUST10769,Jason Morales,California,Master,Non-Binary,48,No,1,2022-11-04,2023-06-10,39.86,782
CUST10981,Olivia Smith,Arizona,Associate,Male,25,Yes,1,2024-03-20,2024-12-27,82.58,216
CUST10460,Vanessa Smith,Washington,PhD,Male,27,No,3,2024-04-04,2024-10-11,126.0,293
CUST10256,Ashley Nunez,California,Bachelor,Male,51,No,0,2021-07-13,2025-05-13,778.26,79
CUST10899,Megan Olson,Georgia,Associate,Female,50,Yes,0,2023-03-26,2023-09-18,89.49,682
CUST10972,Meghan Oliver,Washington,Master,Female,41,Yes,0,2022-02-24,2023-01-26,245.76,917
CUST10123,Lauren Wilkerson,California,Associate,Non-Binary,53,Yes,1,2021-03-10,2022-09-17,318.84,1048
CUST10845,Jennifer Khan,Washington,PhD,Female,78,Yes,1,2023-10-27,2025-02-07,531.0,174
CUST10127,Courtney Cuevas,Illinois,High School,Non-Binary,58,Yes,0,2020-09-04,2022-02-20,336.85,1257
CUST10069,Patricia Santana,California,PhD,Male,70,No,0,2022-07-11,2023-11-10,505.8,629
CUST10189,Madison Watts,California,PhD,Non-Binary,19,Yes,2,2021-04-29,2024-04-09,169.12,478
CUST10368,Benjamin Weber,Washington,Associate,Male,34,Yes,2,2021-01-11,2023-07-25,264.4,737
CUST10090,Cameron Bowen,Arizona,Master,Female,32,No,2,2022-10-29,2024-05-16,561.91,441
CUST10908,Adam Ellison,Washington,High School,Female,77,Yes,1,2021-07-12,2024-10-26,347.4,278
CUST10334,Luis Davies,Arizona,Bachelor,Non-Binary,68,No,1,2024-06-26,2025-03-15,385.26,138
CUST10534,Matthew Smith,Texas,Associate,Female,76,No,1,2024-03-23,2025-04-27,71.84,95
CUST10867,Alexander Koch,Georgia,Bachelor,Male,53,No,4,2022-12-10,2025-06-21,201.66,40
CUST10998,Nicole Cunningham,Ohio,Bachelor,Non-Binary,37,Yes,1,2020-09-23,2022-01-18,172.14,1290
CUST10813,Brandon Santiago,Arizona,Master,Non-Binary,42,No,0,2023-01-27,2023-04-30,366.09,823
CUST10070,Veronica Horn,Florida,Master,Female,80,No,0,2020-10-24,2025-04-12,306.3,110
CUST10413,Sarah Nelson,Georgia,Master,Male,20,Yes,1,2020-12-14,2022-08-05,161.35,1091
CUST10365,Yesenia Johnson,Illinois,Bachelor,Non-Binary,27,Yes,0,2023-04-21,2024-07-14,52.03,382
CUST10777,Andrew Walker,Georgia,Master,Female,46,Yes,1,2022-10-28,2025-06-01,259.92,60
CUST10902,Matthew Knox,Florida,High School,Male,32,Yes,0,2024-07-27,2024-09-12,349.58,322
CUST10796,Sarah Larsen,Ohio,Bachelor,Female,74,Yes,1,2024-05-17,2025-07-21,193.12,10
CUST10779,Tiffany Clements,Arizona,Master,Male,71,No,1,2021-07-23,2021-08-05,59.73,1456
CUST10907,Matthew Graham,Ohio,PhD,Female,31,No,2,2021-02-26,2022-10-31,151.39,1004
CUST10569,Brandon Castro,Illinois,Master,Non-Binary,35,Yes,2,2022-06-29,2022-09-28,669.64,1037
CUST10231,Carrie Williams,Ohio,PhD,Male,28,No,1,2020-10-08,2023-02-07,386.2,905
CUST10514,Kristen Eaton,New York,Associate,Male,33,Yes,1,2021-01-03,2023-05-09,265.7,814
CUST10026,Joseph Mcbride,Washington,High School,Male,27,Yes,0,2021-12-07,2023-09-15,205.09,685
CUST10250,Alicia Higgins,Texas,Master,Female,74,Yes,1,2023-10-15,2024-01-17,354.69,561
CUST10557,Shane Ross,Texas,Associate,Male,23,Yes,3,2021-03-15,2023-03-28,293.65,856
CUST10881,Charles Roach,Illinois,Master,Non-Binary,63,Yes,2,2024-01-24,2025-05-28,242.03,64
CUST10451,Dominique Hughes,New York,High School,Female,26,No,2,2024-03-27,2024-07-05,577.06,391
CUST10794,Whitney Nichols,Georgia,Bachelor,Female,43,No,1,2021-03-07,2024-08-03,454.21,362
CUST10923,Justin Drake,Colorado,PhD,Female,25,Yes,2,2022-12-25,2023-07-17,281.12,745
CUST10679,Ann Rose,Arizona,Associate,Male,54,Yes,0,2022-10-04,2023-04-30,108.4,823
CUST10169,Jessica Figueroa,Washington,PhD,Male,78,No,0,2023-05-24,2025-06-04,566.19,57
CUST10430,Sandra King,Texas,Bachelor,Non-Binary,46,No,0,2021-10-24,2024-07-27,412.9,369
CUST10749,Bradley Hicks,Washington,PhD,Non-Binary,24,Yes,2,2023-12-11,2024-08-14,753.34,351
CUST10775,Luis Huffman,Ohio,Master,Non-Binary,39,No,4,2023-09-03,2024-05-17,161.65,440
CUST10923,Justin Drake,Colorado,PhD,Female,25,Yes,2,2022-12-25,2023-01-01,71.3,942
CUST10516,Anna Fleming,New York,Master,Female,36,No,2,2021-07-13,2023-10-07,62.75,663
CUST10753,Alison Mccarthy,Georgia,Associate,Male,56,Yes,1,2021-02-25,2022-03-14,533.51,1235
CUST10333,Wendy Ponce,Ohio,Master,Male,60,Yes,4,2024-05-12,2025-02-13,208.23,168
CUST10863,Sara Tanner,Texas,Bachelor,Female,64,Yes,2,2024-03-08,2024-12-31,431.06,212
CUST10949,Craig Cook,Ohio,Master,Female,39,Yes,0,2022-04-28,2022-12-04,214.25,970
CUST10374,Jennifer Jones,Arizona,Master,Non-Binary,40,No,2,2021-07-22,2021-10-21,511.9,1379
CUST10409,Gwendolyn Brooks,Illinois,High School,Female,26,Yes,0,2021-04-01,2023-09-28,1020.3,672
CUST10241,Logan Garcia,Georgia,High School,Non-Binary,69,Yes,1,2022-03-23,2024-05-07,124.78,450
CUST10883,Susan Larson,Texas,PhD,Female,58,No,0,2022-01-06,2024-04-01,41.7,486
CUST10599,Laura Charles,Arizona,Associate,Male,20,No,2,2022-08-30,2022-09-08,106.68,1057
CUST10637,Emily Schneider,Florida,Associate,Non-Binary,68,No,1,2022-03-01,2022-08-02,527.95,1094
CUST10670,Logan Cohen,Illinois,Bachelor,Non-Binary,75,No,1,2024-03-10,2025-02-19,90.54,162
CUST10793,Austin Willis,Arizona,PhD,Male,71,No,0,2024-04-02,2024-07-05,101.52,391
CUST10422,Kyle Garcia,Washington,PhD,Non-Binary,54,No,3,2023-05-25,2024-03-20,975.83,498
CUST10379,Angela Johnson,Georgia,Associate,Female,44,Yes,0,2023-03-29,2024-01-22,451.59,556
CUST10284,Diane Bowen,California,Associate,Non-Binary,20,No,1,2024-06-26,2025-07-02,487.7,29
CUST10088,Michael Brooks,California,Bachelor,Female,20,Yes,1,2024-02-16,2025-03-05,249.17,148
CUST10434,Megan Hughes,Ohio,PhD,Male,24,Yes,2,2023-10-05,2025-05-04,1173.37,88
CUST10065,Mr. Donald Johnson,Washington,PhD,Female,65,No,2,2024-06-09,2025-01-30,357.45,182
CUST10136,Jennifer Moore,Florida,Master,Male,64,No,0,2021-07-15,2022-07-02,417.12,1125
CUST10106,Kenneth Martinez Jr.,Arizona,High School,Male,73,No,1,2024-05-29,2024-10-21,432.43,283
CUST10022,Chris Collins,Georgia,PhD,Female,59,Yes,2,2022-03-04,2023-10-05,332.26,665
CUST10217,Sara Patton MD,Georgia,Master,Male,49,Yes,3,2021-07-28,2021-11-24,258.08,1345
CUST10710,Derek Smith,Illinois,PhD,Male,63,Yes,0,2021-05-02,2024-05-15,242.17,442
CUST10053,Melinda Beard,Illinois,High School,Male,60,Yes,1,2021-01-09,2022-11-01,352.6,1003
CUST10474,John Graham,Washington,Bachelor,Female,73,No,2,2023-02-06,2025-03-04,457.07,149
CUST10730,Willie Chandler,Georgia,Associate,Male,27,No,2,2022-06-21,2024-04-10,133.73,477
CUST10549,Brett Campbell,Colorado,Master,Male,22,No,3,2020-11-01,2024-10-10,607.59,294
CUST10850,Elizabeth Edwards,Colorado,Bachelor,Male,34,Yes,1,2022-01-29,2023-12-09,118.62,600
CUST10540,Michael Rose,Georgia,Master,Non-Binary,21,No,0,2021-12-29,2023-01-07,139.74,936
CUST10385,Stephen Gray,New York,Associate,Female,25,No,4,2022-04-10,2024-07-11,108.45,385
CUST10798,Sharon Schneider,Washington,High School,Non-Binary,45,No,2,2021-04-30,2023-02-04,123.39,908
CUST10462,Billy Thompson,Ohio,Associate,Male,37,Yes,4,2023-12-14,2024-03-28,329.83,490
CUST10082,Chad Ramos,Georgia,High School,Non-Binary,57,No,2,2020-11-06,2024-04-01,739.2,486
CUST10672,Stephen Wright,Florida,Associate,Non-Binary,75,Yes,0,2021-05-24,2022-08-18,328.31,1078
CUST10809,Pamela Carey,Colorado,PhD,Female,46,No,0,2023-03-22,2025-01-10,145.21,202
CUST10508,Stacy Mckenzie,Texas,Bachelor,Non-Binary,46,No,0,2021-08-05,2025-07-06,226.82,25
CUST10518,Heather Mendoza,Arizona,Associate,Male,55,Yes,1,2023-11-28,2024-04-07,32.62,480
CUST10291,Jeffrey Johnson,Arizona,Bachelor,Male,45,Yes,1,2024-03-28,2024-11-07,366.43,266
CUST10606,Patrick Peterson,Florida,Bachelor,Female,27,No,3,2022-09-14,2022-12-21,354.76,953
CUST10515,Brian White,Florida,Master,Female,32,Yes,0,2023-10-10,2025-03-07,503.2,146
CUST10483,Robert Oconnell,Illinois,Associate,Female,57,Yes,1,2022-04-22,2022-12-02,391.48,972
CUST10161,Barbara Jones,Ohio,High School,Male,54,Yes,1,2024-04-21,2024-06-02,110.62,424
CUST10652,William Underwood,Colorado,Associate,Female,36,No,0,2022-05-12,2022-10-16,626.85,1019
CUST10021,Kimberly Hester,Ohio,Associate,Male,35,Yes,0,2021-03-03,2024-08-20,1461.7,345
CUST10347,Kristine Phillips,Washington,Master,Non-Binary,37,No,2,2020-12-25,2021-12-24,274.36,1315
CUST10984,David Cowan,Washington,Master,Female,18,Yes,1,2021-02-25,2025-05-02,375.74,90
CUST10612,Sophia Harrell,Georgia,High School,Male,30,No,0,2023-11-29,2025-05-18,110.92,74
CUST10387,Jamie Anderson,California,High School,Male,77,Yes,2,2021-03-25,2021-12-06,175.92,1333
CUST10486,James Wells,Georgia,Master,Female,21,Yes,4,2023-11-20,2024-03-07,194.59,511
CUST10542,Catherine Haynes,Texas,PhD,Female,18,No,0,2023-10-17,2025-03-18,623.59,135
CUST10487,Theresa Crawford,Georgia,PhD,Male,18,Yes,1,2023-11-04,2024-10-24,397.34,280
CUST10462,Billy Thompson,Ohio,Associate,Male,37,Yes,4,2023-12-14,2024-11-27,170.0,246
CUST10048,Jennifer Baker,New York,Master,Male,56,Yes,1,2021-08-04,2024-12-25,559.12,218
CUST10259,Nicholas Carter,Texas,High School,Non-Binary,32,Yes,3,2023-03-31,2024-07-30,255.77,366
CUST10346,Maria Johnson,California,Associate,Male,58,No,1,2022-08-26,2024-10-23,666.25,281
CUST10885,Cody Pierce,New York,Bachelor,Male,36,Yes,1,2023-03-28,2024-04-14,32.91,473
CUST10418,Lee Young,Ohio,Bachelor,Male,44,Yes,4,2023-12-30,2024-02-18,276.97,529
CUST10717,Ashley Lee,New York,Master,Female,76,Yes,0,2024-06-25,2024-11-09,1069.88,264
CUST10802,April Davis,Arizona,Bachelor,Non-Binary,30,No,4,2023-02-06,2023-12-01,392.92,608
CUST10180,Julia Dennis,Washington,PhD,Non-Binary,45,No,0,2021-03-02,2021-07-17,565.97,1475
CUST10940,Alexandria Potter,New York,High School,Male,72,Yes,3,2022-04-30,2022-10-15,157.01,1020
CUST10521,Ms. Maria Garrett,Florida,High School,Female,23,Yes,1,2020-12-30,2025-05-26,830.04,66
CUST10833,Steven Burns,Georgia,PhD,Female,60,No,1,2023-08-24,2025-04-05,117.59,117
CUST10565,Matthew Stone,Washington,High School,Female,59,Yes,3,2023-01-12,2023-08-20,431.74,711
CUST10280,Gina May,Florida,Master,Female,36,Yes,0,2024-07-23,2025-07-09,382.63,22
CUST10635,Sherry Stanley,Washington,Associate,Female,39,No,1,2023-12-28,2024-07-06,697.26,390
CUST10398,Teresa Gardner,Illinois,High School,Male,72,Yes,3,2023-12-01,2024-03-08,746.07,510
CUST10234,Chelsea Reynolds,Illinois,Master,Non-Binary,73,Yes,1,2023-07-02,2024-12-15,463.34,228
CUST10513,Jacob Hamilton,Arizona,Bachelor,Non-Binary,73,No,2,2023-04-26,2024-11-05,249.42,268
CUST10277,Jason Terry,Washington,Master,Male,60,Yes,0,2020-11-08,2021-04-19,101.27,1564
CUST10879,Kristina Pineda,Washington,PhD,Non-Binary,41,Yes,1,2022-11-07,2023-06-04,374.5,788
CUST10045,Amanda Berg,Illinois,Bachelor,Male,28,No,2,2023-02-23,2025-02-20,380.6,161
CUST10964,Carla Johnson,Washington,PhD,Non-Binary,19,Yes,1,2023-08-04,2024-08-17,98.62,348
CUST10674,Robert Turner,Ohio,Associate,Female,78,No,1,2021-10-06,2022-08-15,547.72,1081
CUST10411,Whitney Lucas,Colorado,Associate,Non-Binary,39,No,2,2022-09-04,2023-06-15,383.82,777
CUST10189,Madison Watts,California,PhD,Non-Binary,19,Yes,2,2021-04-29,2023-09-14,354.86,686
CUST10834,Cathy Sanders,Colorado,Associate,Female,78,Yes,0,2021-11-26,2022-03-28,522.91,1221
CUST10306,Brittany Huff,Florida,Master,Female,54,No,2,2022-10-10,2024-03-29,352.7,489
CUST10436,Sean Santos,Georgia,Bachelor,Non-Binary,68,Yes,2,2021-12-19,2023-04-01,572.0,852
CUST10652,William Underwood,Colorado,Associate,Female,36,No,0,2022-05-12,2024-06-01,367.73,425
CUST10259,Nicholas Carter,Texas,High School,Non-Binary,32,Yes,3,2023-03-31,2025-01-26,320.06,186
CUST10340,Elizabeth Phillips,California,Bachelor,Non-Binary,80,No,0,2020-08-30,2021-08-02,646.77,1459
CUST10973,Sherri Pearson,Illinois,Associate,Female,76,No,0,2024-02-20,2024-10-19,520.98,285
CUST10049,Mathew Schmidt,Arizona,Associate,Female,66,Yes,2,2021-07-25,2021-10-13,274.11,1387
CUST10329,Gary Campbell,California,PhD,Male,43,No,1,2024-03-14,2025-06-28,110.84,33
CUST10204,Jacob Perkins,Colorado,Bachelor,Male,47,Yes,3,2023-04-26,2023-12-27,970.93,582
CUST10462,Billy Thompson,Ohio,Associate,Male,37,Yes,4,2023-12-14,2024-03-06,506.28,512
CUST10225,James Walker,Georgia,PhD,Male,49,No,2,2021-10-08,2022-01-01,838.61,1307
CUST10360,Michael Wright,Illinois,Associate,Non-Binary,18,Yes,1,2021-04-25,2025-06-30,296.08,31
CUST10198,Joseph Wilson,Florida,Associate,Male,38,No,0,2020-10-06,2024-06-11,273.5,415
CUST10476,Brad Jones,Illinois,Bachelor,Male,56,No,0,2024-01-21,2025-01-24,353.8,188
CUST10694,Lauren Williams,Ohio,PhD,Non-Binary,29,Yes,1,2023-06-18,2024-06-28,699.65,398
CUST10068,Mary Schneider,Colorado,Associate,Non-Binary,54,Yes,0,2023-06-24,2024-05-10,344.87,447
CUST10920,Barbara Jackson,Arizona,Master,Female,70,No,1,2021-05-17,2023-04-30,53.98,823
CUST10827,Christopher Daniels,Illinois,PhD,Male,64,Yes,1,2021-07-18,2024-07-13,240.51,383
CUST10686,Dennis Kane,Washington,PhD,Female,75,No,3,2023-08-24,2024-12-31,91.29,212
CUST10897,Richard Becker,Washington,High School,Male,27,Yes,4,2022-04-22,2025-05-04,635.95,88
CUST10961,Charles Mayer,New York,Bachelor,Female,65,No,0,2021-09-04,2024-09-02,309.26,332
CUST10807,Matthew Hopkins,Illinois,Bachelor,Male,43,No,0,2021-06-19,2021-12-18,169.07,1321
CUST10223,Mr. Jason Jones,Washington,High School,Female,20,No,1,2020-12-03,2023-10-07,547.99,663
CUST10458,Jennifer Cook,California,Associate,Female,36,No,0,2022-08-07,2024-05-14,85.38,443
CUST10148,Erin Mason,Florida,PhD,Male,37,Yes,2,2020-11-28,2024-11-25,140.68,248
CUST10508,Stacy Mckenzie,Texas,Bachelor,Non-Binary,46,No,0,2021-08-05,2025-06-29,370.37,32
CUST10567,Kelsey Hughes,Colorado,Master,Male,65,Yes,0,2021-10-31,2022-11-28,183.39,976
CUST10343,Laura Atkins,Arizona,Bachelor,Non-Binary,52,Yes,1,2023-05-26,2024-07-05,168.49,391
CUST10189,Madison Watts,California,PhD,Non-Binary,19,Yes,2,2021-04-29,2022-08-12,239.19,1084
CUST10320,Tina Duncan,New York,Bachelor,Female,70,Yes,3,2023-10-07,2024-07-03,1201.46,393
CUST10920,Barbara Jackson,Arizona,Master,Female,70,No,1,2021-05-17,2024-01-24,503.02,554
CUST10888,James Wilkins,Florida,Associate,Non-Binary,52,Yes,3,2023-04-16,2025-04-03,365.16,119
CUST10649,Michael Bailey,Florida,PhD,Female,79,No,0,2023-06-18,2023-10-12,517.42,658
CUST10514,Kristen Eaton,New York,Associate,Male,33,Yes,1,2021-01-03,2022-07-06,585.42,1121
CUST10102,Tyler Black,Texas,PhD,Male,34,No,1,2022-05-16,2023-08-21,404.93,710
CUST10927,Paul Garcia,Texas,Bachelor,Male,54,No,3,2021-02-13,2022-08-30,130.84,1066
CUST10509,Andrew Griffith,Washington,PhD,Male,32,No,0,2023-08-20,2025-05-21,245.22,71
CUST10354,Jennifer Marshall,New York,Master,Non-Binary,45,No,1,2021-05-19,2022-12-30,817.64,944
CUST10294,Connor Young,New York,High School,Male,66,Yes,1,2021-06-01,2022-05-31,151.93,1157
CUST10852,Gary Coleman,Georgia,Master,Male,58,No,0,2022-12-28,2024-04-23,309.5,464
CUST10428,Tonya White,Colorado,High School,Male,41,No,2,2024-03-14,2024-08-15,462.26,350
CUST10065,Mr. Donald Johnson,Washington,PhD,Female,65,No,2,2024-06-09,2024-09-27,459.42,307
CUST10819,Philip Wilcox,Florida,Master,Male,39,Yes,2,2023-10-17,2024-02-24,382.77,523
CUST10466,James Pope,New York,Master,Female,50,No,1,2021-07-28,2021-12-26,399.1,1313
CUST10948,Patricia Koch,Texas,PhD,Male,28,Yes,2,2021-01-07,2021-05-03,291.28,1550
CUST10482,Mark Clark,Arizona,Bachelor,Male,39,No,1,2020-08-15,2024-02-12,343.75,535
CUST10508,Stacy Mckenzie,Texas,Bachelor,Non-Binary,46,No,0,2021-08-05,2022-03-16,309.16,1233
CUST10198,Joseph Wilson,Florida,Associate,Male,38,No,0,2020-10-06,2024-02-14,503.41,533
CUST10351,Terri Newman,Georgia,Master,Non-Binary,51,No,1,2020-10-11,2022-05-27,416.08,1161
CUST10996,Cody Harper,New York,High School,Female,62,No,2,2022-02-02,2025-01-19,749.04,193
CUST10879,Kristina Pineda,Washington,PhD,Non-Binary,41,Yes,1,2022-11-07,2024-01-23,155.0,555
CUST10431,Daniel Fernandez,California,Associate,Female,36,Yes,0,2021-07-04,2023-07-09,207.94,753
CUST10430,Sandra King,Texas,Bachelor,Non-Binary,46,No,0,2021-10-24,2024-02-19,364.02,528
CUST10939,Brian Carson,Georgia,PhD,Female,22,No,3,2021-07-28,2021-12-06,316.94,1333
CUST10199,David Nguyen,Colorado,Associate,Female,70,Yes,1,2023-09-10,2024-06-18,661.58,408
CUST10968,Bradley Blake,Ohio,PhD,Non-Binary,73,Yes,4,2023-07-07,2024-10-03,454.39,301
CUST10999,Virginia Torres,Arizona,Bachelor,Male,76,Yes,2,2022-09-01,2025-03-27,122.27,126
CUST10162,Mark Erickson,Texas,Master,Female,43,Yes,2,2023-12-06,2024-11-05,726.33,268
CUST10996,Cody Harper,New York,High School,Female,62,No,2,2022-02-02,2024-01-31,612.37,547
CUST10759,Christine Adkins,New York,Bachelor,Non-Binary,40,No,0,2024-01-28,2024-04-30,174.76,457
CUST10928,Jessica Pierce,Texas,Associate,Male,42,No,0,2022-10-21,2023-01-23,415.6,920
CUST10559,Lauren White,Florida,Associate,Male,68,Yes,2,2020-09-11,2025-04-07,460.78,115
CUST10294,Connor Young,New York,High School,Male,66,Yes,1,2021-06-01,2024-03-11,788.19,507
CUST10368,Benjamin Weber,Washington,Associate,Male,34,Yes,2,2021-01-11,2021-11-06,318.63,1363
CUST10143,Catherine Church,Georgia,PhD,Non-Binary,74,No,2,2023-09-12,2024-04-27,643.37,460
CUST10952,Courtney Jimenez,California,Associate,Non-Binary,76,No,4,2024-05-30,2025-02-13,394.35,168
CUST10622,Andre Dennis,Illinois,Bachelor,Male,34,Yes,0,2022-09-17,2024-02-03,210.24,544
CUST10741,Dr. Erica Perez,California,Master,Male,73,No,0,2022-03-19,2022-03-19,89.29,1230
CUST10940,Alexandria Potter,New York,High School,Male,72,Yes,3,2022-04-30,2023-01-01,442.83,942
CUST10400,Daniel Gregory,Colorado,Associate,Female,38,Yes,2,2022-09-20,2025-07-17,281.92,14
CUST10277,Jason Terry,Washington,Master,Male,60,Yes,0,2020-11-08,2021-08-03,103.38,1458
CUST10582,Adrian Henry,Texas,Master,Non-Binary,26,No,2,2021-12-14,2024-02-11,238.72,536
CUST10007,Lori Murphy,Georgia,Associate,Female,22,No,2,2024-03-25,2024-10-30,592.69,274
CUST10718,Jessica Whitaker,California,Bachelor,Male,68,No,1,2022-06-02,2024-09-23,622.18,311
CUST10062,Taylor Cook,Texas,Master,Male,57,No,0,2020-09-18,2025-04-21,119.54,101
CUST10403,Kristine Hernandez,Arizona,Bachelor,Male,65,No,3,2021-01-26,2022-10-27,222.68,1008
CUST10782,Keith Alvarez,Illinois,Associate,Non-Binary,51,No,0,2022-07-27,2025-03-21,474.14,132
CUST10893,Jeff Miller,California,High School,Male,26,Yes,3,2022-09-11,2023-01-23,115.54,920
CUST10186,John Marshall,Texas,Associate,Male,80,Yes,1,2023-04-01,2024-04-29,20.45,458
CUST10014,Matthew Alvarez,Texas,High School,Non-Binary,40,No,2,2022-09-12,2023-09-03,245.99,697
CUST10283,Adam Davis,Illinois,High School,Male,51,No,0,2022-06-13,2022-10-26,159.08,1009
CUST10903,Catherine Bautista,Arizona,Bachelor,Male,59,No,0,2021-11-06,2023-01-13,403.24,930
CUST10850,Elizabeth Edwards,Colorado,Bachelor,Male,34,Yes,1,2022-01-29,2022-07-09,23.69,1118
CUST10086,Perry Cooke,Florida,High School,Female,47,Yes,1,2022-11-13,2023-01-29,156.42,914
CUST10618,Kelly Beard,Colorado,Bachelor,Non-Binary,58,Yes,1,2021-03-17,2021-12-22,257.61,1317
CUST10188,Jennifer Hart,Washington,Bachelor,Non-Binary,44,Yes,0,2024-04-27,2025-07-22,303.78,9
CUST10528,Mr. Gary Graham DDS,Georgia,Master,Male,35,Yes,0,2024-03-04,2024-07-15,402.7,381
CUST10539,Richard Price,Texas,Associate,Female,19,Yes,2,2021-01-04,2021-02-14,599.91,1628
CUST10979,Carol Paul,Illinois,PhD,Female,55,Yes,1,2022-03-05,2023-06-19,749.5,773
CUST10355,Wendy Diaz,Ohio,High School,Male,22,Yes,2,2022-06-05,2024-12-02,256.04,241
CUST10449,John Lloyd,Arizona,Master,Non-Binary,31,Yes,0,2022-07-03,2022-09-01,421.97,1064
CUST10436,Sean Santos,Georgia,Bachelor,Non-Binary,68,Yes,2,2021-12-19,2024-12-02,200.35,241
CUST10858,Lisa Wong,Arizona,Master,Female,75,Yes,2,2021-02-19,2022-09-02,230.85,1063
CUST10332,Susan Garner,New York,Associate,Female,30,No,0,2023-11-14,2024-12-08,221.48,235
CUST10715,Nicholas Bond,California,Associate,Male,75,Yes,2,2020-08-24,2021-03-26,522.22,1588
CUST10528,Mr. Gary Graham DDS,Georgia,Master,Male,35,Yes,0,2024-03-04,2024-11-26,252.18,247
CUST10695,Jennifer Burton,Washington,Master,Male,72,Yes,0,2024-04-05,2025-01-06,121.17,206
CUST10418,Lee Young,Ohio,Bachelor,Male,44,Yes,4,2023-12-30,2025-03-20,57.95,133
CUST10659,Andrew Lang,Florida,PhD,Male,58,Yes,1,2022-11-29,2025-07-04,415.87,27
CUST10295,Lisa Ball,Arizona,Master,Male,26,No,3,2024-02-05,2024-12-26,226.26,217
CUST10054,Taylor Cook,California,Master,Male,40,Yes,0,2024-07-15,2024-12-07,206.45,236
CUST10147,Jay James,Colorado,PhD,Female,63,Yes,2,2024-01-26,2025-07-29,133.71,2
CUST10815,Carol Peterson MD,Washington,Master,Non-Binary,46,Yes,3,2024-06-17,2025-01-24,477.65,188
CUST10855,Samantha Burns,Florida,Bachelor,Female,79,No,2,2020-10-18,2024-09-24,238.48,310
CUST10679,Ann Rose,Arizona,Associate,Male,54,Yes,0,2022-10-04,2023-11-12,103.28,627
CUST10669,Jeff Diaz,Ohio,Master,Non-Binary,46,No,0,2023-07-24,2025-02-13,186.0,168
CUST10407,Robert Anderson,Arizona,High School,Non-Binary,66,Yes,3,2021-09-18,2021-09-25,295.74,1405
CUST10365,Yesenia Johnson,Illinois,Bachelor,Non-Binary,27,Yes,0,2023-04-21,2025-03-16,433.78,137
CUST10966,Lauren Taylor,New York,Associate,Non-Binary,30,No,2,2023-12-14,2024-01-26,102.65,552
CUST10890,Lucas Smith,Colorado,High School,Female,26,No,1,2022-06-07,2023-11-23,391.87,616
CUST10999,Virginia Torres,Arizona,Bachelor,Male,76,Yes,2,2022-09-01,2023-08-24,69.23,707
CUST10600,Mark Thompson,Ohio,Associate,Female,49,Yes,0,2020-10-21,2024-09-30,137.2,304
CUST10862,James Blake,Texas,Associate,Non-Binary,26,No,0,2021-03-20,2021-04-24,126.48,1559
CUST10740,Alisha Miles,Arizona,PhD,Female,63,Yes,0,2023-08-22,2024-06-02,410.96,424
CUST10124,Luis Villa,Illinois,High School,Female,39,Yes,2,2023-03-06,2024-07-30,106.82,366
CUST10958,Brandon Moore,Ohio,Associate,Female,31,No,3,2022-05-19,2023-01-16,90.1,927
CUST10246,Michael Wilson,New York,High School,Non-Binary,78,No,1,2023-12-29,2024-10-19,468.29,285
CUST10624,Kelly Ramos,Georgia,High School,Female,35,Yes,2,2021-06-16,2023-10-09,124.21,661
CUST10490,Nathan Johnson,Arizona,High School,Male,27,No,2,2021-11-27,2024-01-06,146.8,572
CUST10334,Luis Davies,Arizona,Bachelor,Non-Binary,68,No,1,2024-06-26,2024-07-11,259.51,385
CUST10759,Christine Adkins,New York,Bachelor,Non-Binary,40,No,0,2024-01-28,2024-02-18,457.02,529
CUST10086,Perry Cooke,Florida,High School,Female,47,Yes,1,2022-11-13,2023-11-08,394.7,631
CUST10450,Denise Ray,Florida,Associate,Non-Binary,43,Yes,2,2023-11-13,2024-12-11,95.56,232
CUST10607,Adrienne Thomas,Georgia,Bachelor,Male,24,Yes,1,2023-08-01,2024-11-11,270.46,262
CUST10918,Thomas Mccormick,Washington,Bachelor,Non-Binary,63,No,1,2022-11-17,2024-07-04,412.33,392
CUST10571,Frederick Chandler,New York,High School,Male,73,No,0,2021-07-13,2022-07-03,413.42,1124
CUST10651,Joanna Sullivan,Georgia,Master,Female,61,No,1,2022-03-08,2022-09-22,97.13,1043
CUST10055,Bethany Keller,Georgia,Associate,Female,43,Yes,3,2024-06-08,2024-07-11,388.15,385
CUST10212,Joseph Williams,Arizona,Associate,Female,39,No,1,2021-03-13,2022-01-28,633.58,1280
CUST10855,Samantha Burns,Florida,Bachelor,Female,79,No,2,2020-10-18,2021-05-29,270.35,1524
CUST10895,William Baker,Arizona,High School,Female,63,Yes,1,2022-08-30,2023-06-07,424.52,785
CUST10401,Jason Miller DDS,Texas,Bachelor,Male,37,No,2,2024-07-08,2025-06-07,403.14,54
CUST10006,Jeffrey Torres,Colorado,Bachelor,Non-Binary,72,No,1,2021-01-18,2025-05-20,264.47,72
CUST10138,Chelsea James,Texas,PhD,Male,69,No,2,2024-06-14,2024-12-25,545.93,218
CUST10005,Cynthia Moody,Texas,Master,Female,37,Yes,0,2022-05-17,2023-01-29,76.84,914
CUST10933,Jonathan Lewis,Texas,Associate,Male,37,Yes,3,2022-02-16,2025-05-16,118.0,76
CUST10052,William Kemp,Arizona,PhD,Female,72,Yes,1,2023-08-15,2025-04-04,175.25,118
CUST10352,Kevin Rowland,Texas,Associate,Female,20,No,1,2023-05-08,2024-03-09,211.18,509
CUST10584,Jennifer Bryan,Ohio,PhD,Male,62,No,1,2021-11-06,2022-06-06,529.44,1151
CUST10043,Timothy Contreras,Colorado,PhD,Non-Binary,23,No,1,2023-11-08,2024-04-29,394.73,458
CUST10107,Shelley Mcdowell,Florida,High School,Male,61,No,0,2020-08-17,2020-12-07,280.62,1697
CUST10269,Elizabeth Salazar,Colorado,High School,Female,55,Yes,0,2021-03-17,2025-01-19,138.48,193
CUST10903,Catherine Bautista,Arizona,Bachelor,Male,59,No,0,2021-11-06,2025-03-07,201.91,146
CUST10122,Brandy Robertson,Florida,PhD,Female,76,No,2,2021-09-19,2024-07-26,182.26,370
CUST10311,Dennis Moss,Ohio,Bachelor,Female,53,Yes,2,2023-06-15,2024-07-18,406.78,378
CUST10537,Lori Hall,Arizona,PhD,Non-Binary,45,No,4,2021-12-19,2023-06-07,293.09,785
CUST10426,Jessica Anderson,Washington,High School,Female,38,Yes,2,2023-05-10,2025-01-12,115.44,200
CUST10081,Lisa Taylor,Georgia,High School,Female,29,Yes,1,2022-08-14,2024-10-12,384.65,292
CUST10281,Kayla Estes,Washington,Master,Non-Binary,76,Yes,2,2024-07-10,2025-04-22,110.08,100
CUST10466,James Pope,New York,Master,Female,50,No,1,2021-07-28,2023-07-21,316.39,741
CUST10619,Henry Martinez,Colorado,High School,Male,37,No,0,2021-11-24,2024-07-12,446.44,384
CUST10337,William Cohen,Illinois,PhD,Non-Binary,20,No,0,2021-08-14,2022-10-10,231.02,1025
CUST10898,Heather Chavez,New York,Associate,Non-Binary,21,Yes,2,2024-04-21,2024-06-27,380.74,399
CUST10233,Mark Macdonald,Texas,Bachelor,Male,45,No,0,2021-07-06,2023-01-28,551.09,915
CUST10117,Jeffrey Miles,Arizona,High School,Male,21,Yes,2,2020-09-28,2020-11-12,953.51,1722
CUST10942,Christie Rodriguez,Washington,PhD,Female,66,No,1,2023-01-23,2024-03-28,967.11,490
CUST10398,Teresa Gardner,Illinois,High School,Male,72,Yes,3,2023-12-01,2025-05-28,536.04,64
CUST10140,Sean Becker,Texas,Associate,Male,41,No,2,2024-06-10,2024-12-28,583.76,215
CUST10429,Steven Simmons,Florida,PhD,Male,71,Yes,1,2021-03-24,2022-08-21,379.41,1075
CUST10454,Kimberly Flores,Florida,PhD,Male,46,Yes,0,2023-11-02,2024-05-22,360.21,435
CUST10525,Michelle Campbell,Colorado,PhD,Female,72,Yes,1,2021-10-04,2022-12-22,223.56,952
CUST10268,Michelle Martinez,New York,Bachelor,Female,55,Yes,1,2022-03-29,2023-04-04,334.31,849
CUST10889,Andrew Lopez,Colorado,High School,Male,27,No,2,2021-11-05,2025-01-19,418.51,193
CUST10541,Joan Smith,Washington,Master,Male,77,No,2,2022-01-29,2023-01-10,187.99,933
CUST10339,Denise Thompson,Colorado,Associate,Non-Binary,68,No,3,2022-05-15,2023-07-03,100.81,759
CUST10912,Diana Clark,Florida,High School,Non-Binary,46,Yes,1,2024-03-23,2024-12-31,356.58,212
CUST10093,Samantha Wilson,Colorado,High School,Male,57,No,2,2021-03-16,2022-08-27,709.13,1069
CUST10656,William Kim,Florida,PhD,Non-Binary,25,Yes,2,2023-09-11,2023-11-25,270.24,614
CUST10921,Rhonda Sanchez,California,Associate,Female,44,Yes,0,2023-01-14,2023-04-13,262.02,840
CUST10789,Chelsea Jenkins,Florida,PhD,Female,30,No,1,2022-12-11,2025-02-05,104.74,176
CUST10315,Patty Wood,Colorado,Associate,Male,34,Yes,0,2023-10-21,2025-07-25,302.56,6
CUST10635,Sherry Stanley,Washington,Associate,Female,39,No,1,2023-12-28,2024-05-25,116.22,432
CUST10156,Daniel Mullins,Arizona,PhD,Non-Binary,63,No,0,2021-08-20,2022-08-25,180.07,1071
CUST10480,Anthony Brown,New York,High School,Female,77,Yes,1,2021-01-12,2023-09-13,412.96,687
CUST10763,Melissa Harrison,Arizona,Bachelor,Non-Binary,64,No,0,2023-10-03,2025-06-17,292.61,44
CUST10924,Christopher Craig,Florida,PhD,Female,23,No,1,2024-02-23,2024-09-25,272.8,309
CUST10345,Crystal Richards,California,Associate,Female,21,Yes,2,2021-05-12,2022-02-20,159.01,1257
CUST10671,Michael Edwards,Illinois,Bachelor,Non-Binary,63,No,1,2022-03-30,2024-12-21,365.65,222
CUST10389,Sean Smith,California,High School,Male,59,No,0,2022-08-10,2022-10-16,541.06,1019
CUST10763,Melissa Harrison,Arizona,Bachelor,Non-Binary,64,No,0,2023-10-03,2025-07-14,229.19,17
CUST10459,Michael Williams,Ohio,High School,Non-Binary,43,No,2,2022-07-21,2023-09-27,137.52,673
CUST10074,James Garcia DDS,Florida,Master,Male,58,Yes,1,2022-05-14,2023-02-23,142.21,889
CUST10854,Brittany Fox,New York,Master,Male,74,Yes,0,2023-04-12,2024-05-26,143.49,431
CUST10407,Robert Anderson,Arizona,High School,Non-Binary,66,Yes,3,2021-09-18,2022-07-01,476.37,1126
CUST10860,Evelyn Li,Colorado,Master,Non-Binary,45,Yes,2,2022-07-18,2025-06-22,496.41,39
CUST10874,Shannon Clayton,Arizona,PhD,Female,53,No,2,2022-09-11,2022-11-21,882.95,983
CUST10783,Patrick Douglas,Colorado,Master,Male,76,No,1,2022-01-04,2022-10-13,398.28,1022
CUST10591,Barbara Hanson,Colorado,PhD,Non-Binary,40,Yes,1,2020-09-18,2025-04-30,310.97,92
CUST10921,Rhonda Sanchez,California,Associate,Female,44,Yes,0,2023-01-14,2023-05-14,503.7,809
CUST10839,Samuel Barron,California,Master,Non-Binary,54,Yes,2,2021-05-27,2025-03-24,615.59,129
CUST10319,Scott Perez,Florida,High School,Non-Binary,47,Yes,1,2021-09-19,2023-08-05,144.99,726
CUST10214,Philip Taylor,California,High School,Male,46,No,1,2022-11-02,2024-12-04,709.4,239
CUST10390,Dr. Phillip Brooks,Florida,High School,Male,53,Yes,2,2022-05-29,2024-12-07,80.26,236
CUST10924,Christopher Craig,Florida,PhD,Female,23,No,1,2024-02-23,2024-10-02,298.91,302
CUST10742,Kayla Hunter,Colorado,Bachelor,Female,65,Yes,0,2023-11-08,2025-07-16,220.52,15
CUST10952,Courtney Jimenez,California,Associate,Non-Binary,76,No,4,2024-05-30,2024-12-02,286.77,241
CUST10750,Cheryl Morgan,Texas,Associate,Female,20,Yes,1,2023-11-30,2024-10-16,98.11,288
CUST10360,Michael Wright,Illinois,Associate,Non-Binary,18,Yes,1,2021-04-25,2023-08-17,107.44,714
CUST10637,Emily Schneider,Florida,Associate,Non-Binary,68,No,1,2022-03-01,2024-11-16,56.36,257
CUST10686,Dennis Kane,Washington,PhD,Female,75,No,3,2023-08-24,2024-03-08,576.47,510
CUST10719,Christopher Williams,Ohio,High School,Female,49,Yes,2,2023-09-14,2023-10-18,136.98,652
CUST10885,Cody Pierce,New York,Bachelor,Male,36,Yes,1,2023-03-28,2025-05-12,47.62,80
CUST10731,Daniel Salas,Florida,High School,Male,54,Yes,1,2020-12-05,2022-02-17,113.57,1260
CUST10252,Danielle Roberts,Texas,High School,Female,38,No,0,2024-06-18,2024-11-24,299.51,249
CUST10237,Tracy Salazar,California,PhD,Male,58,No,4,2022-06-30,2024-01-07,390.44,571
CUST10127,Courtney Cuevas,Illinois,High School,Non-Binary,58,Yes,0,2020-09-04,2025-02-28,326.27,153
CUST10652,William Underwood,Colorado,Associate,Female,36,No,0,2022-05-12,2025-01-29,372.5,183
CUST10383,Willie Green,Colorado,PhD,Non-Binary,74,Yes,1,2022-01-22,2024-10-29,318.48,275
CUST10592,Suzanne Mclaughlin,Florida,High School,Female,57,No,0,2022-01-02,2024-03-12,173.79,506
CUST10693,Sarah Snyder,California,Master,Non-Binary,29,Yes,3,2021-07-04,2024-01-14,395.61,564
CUST10137,Brian Meyer Jr.,Washington,Master,Non-Binary,61,No,3,2022-10-24,2023-03-22,239.71,862
CUST10038,Cynthia Graham,Washington,High School,Male,64,Yes,2,2022-07-06,2025-04-27,361.04,95
CUST10361,Tammy Lawrence,Washington,Master,Male,48,No,4,2024-05-27,2024-09-14,129.03,320
CUST10601,Eric Norris,New York,Bachelor,Male,67,Yes,2,2024-02-10,2024-12-02,312.51,241
CUST10071,Eric Thompson,Florida,Associate,Female,45,No,2,2020-08-31,2021-07-18,210.33,1474
CUST10029,Amanda Rogers,Washington,PhD,Female,37,No,2,2023-12-10,2025-07-24,65.33,7
CUST10718,Jessica Whitaker,California,Bachelor,Male,68,No,1,2022-06-02,2022-10-19,262.75,1016
CUST10345,Crystal Richards,California,Associate,Female,21,Yes,2,2021-05-12,2022-01-18,300.46,1290
CUST10660,Erin Pham,California,Master,Female,26,No,2,2024-02-11,2025-04-06,264.91,116
CUST10422,Kyle Garcia,Washington,PhD,Non-Binary,54,No,3,2023-05-25,2025-05-04,58.89,88
CUST10489,Tony Thomas,Colorado,Bachelor,Female,77,No,0,2021-03-11,2021-06-18,537.23,1504
CUST10046,Melissa Davila,Georgia,Associate,Non-Binary,66,No,2,2023-12-21,2024-10-31,1009.11,273
CUST10699,Brandi Olson,Georgia,Master,Female,79,No,4,2020-10-02,2023-02-12,211.84,900
CUST10429,Steven Simmons,Florida,PhD,Male,71,Yes,1,2021-03-24,2022-02-26,355.0,1251
CUST10974,Mr. Wesley Martin Jr.,Ohio,Bachelor,Non-Binary,68,Yes,1,2024-04-27,2025-04-24,448.15,98
CUST10374,Jennifer Jones,Arizona,Master,Non-Binary,40,No,2,2021-07-22,2023-01-26,220.21,917
CUST10670,Logan Cohen,Illinois,Bachelor,Non-Binary,75,No,1,2024-03-10,2024-03-14,185.36,504
CUST10025,Timothy Wright,Ohio,Master,Female,58,Yes,2,2021-06-12,2023-01-12,1172.52,931
CUST10370,Brandi Black,California,High School,Female,42,Yes,1,2023-05-31,2025-03-16,324.64,137
CUST10398,Teresa Gardner,Illinois,High School,Male,72,Yes,3,2023-12-01,2024-03-30,676.74,488
CUST10375,Renee Simpson,Georgia,PhD,Non-Binary,29,Yes,1,2024-06-20,2025-02-24,380.73,157
CUST10810,Richard Bailey,Illinois,High School,Non-Binary,77,Yes,0,2023-01-08,2023-06-25,380.54,767
CUST10703,Gregory Perry,New York,High School,Non-Binary,55,No,2,2022-01-21,2023-04-04,157.25,849
CUST10956,Richard Mercado,New York,Bachelor,Non-Binary,74,No,1,2021-05-25,2021-09-22,70.39,1408
CUST10228,Victor Johnston DDS,Colorado,High School,Male,47,No,4,2022-10-07,2025-03-15,659.22,138
CUST10953,Bobby Reed,Colorado,PhD,Female,38,No,0,2021-10-19,2024-07-23,105.44,373
CUST10235,Ashley Olson,Arizona,Master,Non-Binary,48,Yes,3,2020-08-25,2022-11-24,65.72,980
CUST10931,Cathy Brown,Florida,Bachelor,Female,21,No,0,2022-01-21,2022-10-31,331.57,1004
CUST10655,Tammy Stevens,Illinois,PhD,Female,80,No,0,2022-03-10,2025-07-10,49.33,21
CUST10219,Karen Johns,Texas,High School,Female,28,Yes,1,2021-12-06,2022-10-14,565.45,1021
CUST10007,Lori Murphy,Georgia,Associate,Female,22,No,2,2024-03-25,2024-09-23,206.78,311
CUST10975,Max Carson,Ohio,Master,Male,34,No,0,2021-03-10,2024-10-03,410.7,301
CUST10209,Richard Brown,New York,High School,Male,71,Yes,2,2023-04-06,2024-11-27,189.86,246
CUST10904,Katie Riggs,Georgia,Associate,Non-Binary,76,No,1,2023-10-23,2024-03-22,92.96,496
CUST10721,Mark Watkins,Arizona,High School,Non-Binary,54,Yes,1,2023-02-26,2025-02-18,181.84,163
CUST10231,Carrie Williams,Ohio,PhD,Male,28,No,1,2020-10-08,2024-12-18,211.45,225
CUST10149,Kayla Ortiz,Washington,PhD,Non-Binary,73,No,2,2022-11-09,2023-11-28,415.22,611
CUST10778,Jillian Bauer PhD,Texas,PhD,Non-Binary,57,Yes,4,2023-05-20,2025-03-23,312.53,130
CUST10329,Gary Campbell,California,PhD,Male,43,No,1,2024-03-14,2024-04-11,809.57,476
CUST10458,Jennifer Cook,California,Associate,Female,36,No,0,2022-08-07,2024-05-13,220.1,444
CUST10754,Brian Harris,California,Master,Male,28,Yes,1,2021-05-02,2024-11-05,518.69,268
CUST10545,Alexander Ramirez,Illinois,Master,Female,67,No,0,2022-11-11,2023-08-03,842.35,728
CUST10734,Christine Baker,Ohio,Associate,Female,34,Yes,3,2022-08-05,2025-07-21,102.24,10
CUST10477,Caleb Perry,Ohio,High School,Female,63,No,0,2022-12-27,2025-01-29,229.63,183
CUST10738,Tanya Wilkinson,New York,Associate,Non-Binary,62,Yes,0,2023-02-09,2024-01-05,602.48,573
CUST10798,Sharon Schneider,Washington,High School,Non-Binary,45,No,2,2021-04-30,2022-01-29,247.52,1279
CUST10907,Matthew Graham,Ohio,PhD,Female,31,No,2,2021-02-26,2022-12-23,79.29,951
CUST10193,Willie Riley,Texas,PhD,Non-Binary,46,Yes,1,2023-08-19,2024-01-28,202.68,550
CUST10552,Margaret Mcfarland,Georgia,Associate,Non-Binary,36,No,2,2024-01-20,2024-12-19,576.62,224
CUST10115,Jon Chang,Arizona,Associate,Male,62,Yes,0,2023-04-13,2024-09-05,344.12,329
CUST10325,Valerie Shelton,New York,Associate,Male,21,No,0,2022-03-17,2022-04-03,63.25,1215
CUST10050,Marilyn Jackson,New York,Bachelor,Male,32,No,1,2024-06-22,2024-07-15,569.58,381
CUST10854,Brittany Fox,New York,Master,Male,74,Yes,0,2023-04-12,2023-05-03,180.89,820
CUST10785,Mr. Joshua Martinez,New York,High School,Female,19,No,0,2021-08-26,2022-12-31,361.58,943
CUST10412,James Gonzalez,California,PhD,Male,33,No,0,2024-05-06,2024-10-16,351.48,288
CUST10678,Nancy Rogers,Ohio,High School,Male,40,Yes,0,2022-06-09,2023-04-20,365.83,833
CUST10636,Shannon Gardner,Colorado,Master,Male,23,No,1,2021-10-26,2024-01-17,672.29,561
CUST10649,Michael Bailey,Florida,PhD,Female,79,No,0,2023-06-18,2025-03-20,114.06,133
CUST10986,Catherine Choi,Texas,PhD,Female,40,No,2,2022-05-23,2025-01-29,287.43,183
CUST10521,Ms. Maria Garrett,Florida,High School,Female,23,Yes,1,2020-12-30,2022-02-14,339.99,1263
CUST10759,Christine Adkins,New York,Bachelor,Non-Binary,40,No,0,2024-01-28,2024-10-09,125.08,295
CUST10271,Andrea Williams,New York,Master,Female,33,No,0,2022-01-22,2024-07-06,441.08,390
CUST10416,Robin Baker,California,Associate,Female,40,Yes,1,2023-07-10,2025-05-08,149.99,84
CUST10883,Susan Larson,Texas,PhD,Female,58,No,0,2022-01-06,2023-11-23,80.54,616
CUST10088,Michael Brooks,California,Bachelor,Female,20,Yes,1,2024-02-16,2024-10-30,327.95,274
CUST10873,Heather Strong,Arizona,High School,Male,19,Yes,3,2022-12-14,2025-01-25,57.58,187
CUST10366,Sherri Webster,California,Bachelor,Male,80,Yes,2,2022-05-29,2022-06-16,210.8,1141
CUST10261,Richard Thomas,Texas,Master,Male,45,Yes,0,2021-08-06,2023-08-30,571.36,701
CUST10383,Willie Green,Colorado,PhD,Non-Binary,74,Yes,1,2022-01-22,2023-03-03,92.61,881
CUST10508,Stacy Mckenzie,Texas,Bachelor,Non-Binary,46,No,0,2021-08-05,2022-05-02,564.56,1186
CUST10185,Randy Buchanan,Texas,Associate,Female,70,No,3,2022-09-03,2023-12-12,542.91,597
CUST10730,Willie Chandler,Georgia,Associate,Male,27,No,2,2022-06-21,2024-05-25,599.95,432
CUST10077,James Chang,Georgia,Associate,Non-Binary,76,Yes,2,2022-10-10,2024-09-06,714.44,328
CUST10147,Jay James,Colorado,PhD,Female,63,Yes,2,2024-01-26,2024-01-29,747.61,549
CUST10191,Dr. Katie Lamb,Ohio,High School,Non-Binary,32,Yes,2,2020-12-22,2022-10-17,130.4,1018
CUST10076,Roberto Lewis,Colorado,Bachelor,Female,79,No,1,2023-02-11,2024-04-25,184.92,462
CUST10922,Tammie Lopez,Washington,Associate,Male,73,No,0,2021-10-10,2023-10-26,683.49,644
CUST10597,Carolyn Kirk,Ohio,PhD,Female,66,Yes,1,2023-05-25,2024-04-13,651.72,474
CUST10647,Jennifer Acevedo,New York,Bachelor,Female,19,Yes,2,2021-03-18,2021-10-29,395.15,1371
CUST10313,Jamie Harrison,Georgia,PhD,Female,33,Yes,1,2021-04-12,2021-05-27,344.97,1526
CUST10847,Rebecca Mitchell,Illinois,Bachelor,Non-Binary,42,Yes,2,2022-10-22,2023-04-10,356.06,843
CUST10429,Steven Simmons,Florida,PhD,Male,71,Yes,1,2021-03-24,2023-12-17,154.81,592
CUST10666,Matthew Lopez,Illinois,Master,Female,43,No,1,2023-12-27,2024-07-07,355.56,389
CUST10317,Travis Hubbard,Texas,Associate,Male,74,No,1,2022-04-16,2024-05-23,296.19,434
CUST10429,Steven Simmons,Florida,PhD,Male,71,Yes,1,2021-03-24,2022-12-02,681.37,972
CUST10817,Veronica Davidson,Ohio,PhD,Male,74,Yes,2,2022-12-15,2024-01-05,321.58,573
CUST10724,Mark Anderson,Georgia,High School,Non-Binary,42,No,0,2020-09-06,2024-03-01,187.18,517
CUST10084,Michael Nelson,Florida,High School,Female,41,Yes,2,2022-01-18,2025-07-16,932.8,15
CUST10232,Erin Wyatt,Illinois,Bachelor,Female,60,No,1,2020-12-26,2023-08-06,342.08,725
CUST10300,Jennifer Williams,California,Associate,Male,61,Yes,1,2022-06-25,2024-02-28,90.25,519
CUST10565,Matthew Stone,Washington,High School,Female,59,Yes,3,2023-01-12,2023-10-27,140.51,643
CUST10823,Courtney Meyer,Georgia,High School,Non-Binary,35,Yes,0,2021-12-21,2022-07-24,164.49,1103
CUST10281,Kayla Estes,Washington,Master,Non-Binary,76,Yes,2,2024-07-10,2024-12-06,270.55,237
CUST10145,Miranda Velazquez,Ohio,Master,Non-Binary,47,Yes,0,2024-05-02,2025-07-25,451.56,6
CUST10036,Matthew Pierce,Arizona,Bachelor,Non-Binary,64,Yes,0,2021-02-13,2025-03-04,1046.6,149
CUST10224,Jacob Yates,Washington,Master,Non-Binary,60,No,0,2023-03-30,2025-01-24,148.35,188
CUST10632,Fernando Fuller,Illinois,Associate,Non-Binary,75,No,2,2022-03-13,2024-08-22,229.12,343
CUST10746,Tonya Gross,Texas,PhD,Male,30,Yes,1,2021-09-06,2025-02-07,24.77,174
CUST10544,Todd Allen,Arizona,Master,Male,32,No,0,2020-08-03,2022-02-03,555.71,1274
CUST10254,Dean Wright,Florida,PhD,Male,80,No,0,2021-05-30,2025-03-07,41.69,146
CUST10767,Miranda Brown,Georgia,PhD,Non-Binary,78,No,0,2021-04-03,2023-03-31,184.75,853
CUST10125,Erik Campbell,Arizona,PhD,Non-Binary,64,Yes,1,2022-12-31,2024-11-08,393.5,265
CUST10545,Alexander Ramirez,Illinois,Master,Female,67,No,0,2022-11-11,2025-06-04,62.65,57
CUST10528,Mr. Gary Graham DDS,Georgia,Master,Male,35,Yes,0,2024-03-04,2025-04-05,369.17,117
CUST10708,Amber Boyer,Texas,Associate,Female,67,No,1,2021-07-09,2025-06-11,474.2,50
CUST10474,John Graham,Washington,Bachelor,Female,73,No,2,2023-02-06,2024-08-16,111.33,349
CUST10338,Charles Davis,Arizona,Master,Female,50,Yes,3,2023-07-14,2024-02-11,619.05,536
CUST10983,Sean Galloway,Colorado,High School,Non-Binary,66,Yes,1,2022-02-10,2023-11-04,253.67,635
CUST10800,Michael Tate,Colorado,Associate,Male,39,Yes,0,2023-10-30,2024-09-07,295.98,327
CUST10294,Connor Young,New York,High School,Male,66,Yes,1,2021-06-01,2025-02-17,231.87,164
CUST10729,James Jackson,Illinois,Bachelor,Male,75,No,0,2024-02-08,2024-05-29,216.59,428
CUST10147,Jay James,Colorado,PhD,Female,63,Yes,2,2024-01-26,2024-12-16,189.97,227
CUST10464,Edwin Woodward,Colorado,Master,Non-Binary,40,No,0,2022-11-07,2024-10-01,401.97,303
CUST10664,Kathleen Bailey,California,High School,Male,25,No,2,2022-12-06,2025-04-07,193.97,115
CUST10473,Christopher Daniels,Georgia,Associate,Male,63,No,2,2024-05-20,2025-01-26,390.29,186
CUST10968,Bradley Blake,Ohio,PhD,Non-Binary,73,Yes,4,2023-07-07,2024-11-07,211.66,266
CUST10072,Scott Williams,Florida,Bachelor,Male,54,No,0,2022-03-18,2025-02-13,315.39,168
CUST10202,Whitney Marshall,California,Bachelor,Non-Binary,37,No,2,2020-10-28,2023-02-26,502.11,886
CUST10716,John Lopez,Georgia,High School,Non-Binary,79,No,0,2020-12-29,2024-02-03,43.87,544
CUST10226,Darren Bishop,Ohio,Associate,Male,64,Yes,1,2022-01-09,2024-05-25,157.49,432
CUST10966,Lauren Taylor,New York,Associate,Non-Binary,30,No,2,2023-12-14,2025-03-29,165.79,124
CUST10306,Brittany Huff,Florida,Master,Female,54,No,2,2022-10-10,2023-12-10,259.72,599
CUST10741,Dr. Erica Perez,California,Master,Male,73,No,0,2022-03-19,2024-07-05,377.68,391
CUST10146,Beverly Webb,Georgia,Master,Female,78,No,2,2023-09-06,2023-12-20,257.82,589
CUST10534,Matthew Smith,Texas,Associate,Female,76,No,1,2024-03-23,2024-12-24,236.35,219
CUST10531,Mary Padilla,Georgia,Bachelor,Non-Binary,23,No,0,2021-04-09,2022-11-19,42.22,985
CUST10057,Shelley Austin,New York,PhD,Female,72,No,0,2020-12-18,2023-04-14,290.27,839
CUST10462,Billy Thompson,Ohio,Associate,Male,37,Yes,4,2023-12-14,2023-12-26,125.46,583
CUST10622,Andre Dennis,Illinois,Bachelor,Male,34,Yes,0,2022-09-17,2025-05-29,104.75,63
CUST10320,Tina Duncan,New York,Bachelor,Female,70,Yes,3,2023-10-07,2023-12-22,894.43,587
CUST10708,Amber Boyer,Texas,Associate,Female,67,No,1,2021-07-09,2022-09-21,126.87,1044
CUST10011,Ian Baker,Florida,Master,Non-Binary,64,No,3,2024-01-23,2025-02-16,533.6,165
CUST10433,Shannon Simpson,Georgia,PhD,Female,30,Yes,1,2020-10-21,2024-02-01,649.89,546
CUST10928,Jessica Pierce,Texas,Associate,Male,42,No,0,2022-10-21,2024-04-28,396.8,459
CUST10842,Jordan Wilson,New York,Bachelor,Male,77,No,1,2024-06-05,2025-05-25,678.09,67
CUST10186,John Marshall,Texas,Associate,Male,80,Yes,1,2023-04-01,2024-10-01,308.25,303
CUST10445,Richard Copeland,Georgia,Associate,Non-Binary,72,Yes,2,2023-12-19,2024-10-20,355.41,284
CUST10073,Anthony Smith,California,High School,Female,20,Yes,0,2021-02-09,2022-10-23,433.46,1012
CUST10418,Lee Young,Ohio,Bachelor,Male,44,Yes,4,2023-12-30,2024-05-28,564.25,429
CUST10733,Jean Reed,Florida,Associate,Male,68,Yes,4,2023-07-27,2023-10-16,447.53,654
CUST10907,Matthew Graham,Ohio,PhD,Female,31,No,2,2021-02-26,2023-09-08,125.07,692
CUST10121,Daniel Bridges,California,High School,Male,63,Yes,0,2021-06-09,2023-09-08,350.57,692
CUST10426,Jessica Anderson,Washington,High School,Female,38,Yes,2,2023-05-10,2025-01-25,244.82,187
CUST10565,Matthew Stone,Washington,High School,Female,59,Yes,3,2023-01-12,2025-01-11,175.76,201
CUST10779,Tiffany Clements,Arizona,Master,Male,71,No,1,2021-07-23,2023-02-07,477.28,905
CUST10625,Jonathan Fernandez II,Ohio,Master,Male,72,No,3,2021-10-24,2024-06-20,594.7,406
CUST10663,Jacob Morrison,California,PhD,Male,19,Yes,1,2020-12-12,2024-12-21,197.95,222
CUST10655,Tammy Stevens,Illinois,PhD,Female,80,No,0,2022-03-10,2022-05-24,216.7,1164
CUST10889,Andrew Lopez,Colorado,High School,Male,27,No,2,2021-11-05,2023-11-23,479.23,616
CUST10296,Felicia Ward,New York,High School,Male,71,Yes,4,2022-09-20,2023-05-09,389.96,814
CUST10758,Nicolas Cruz,Illinois,Master,Male,66,No,1,2022-02-25,2023-01-01,239.5,942
CUST10491,David Vazquez,Florida,Associate,Non-Binary,30,No,1,2024-06-11,2025-06-10,123.72,51
CUST10498,Derek Greene,Colorado,Associate,Non-Binary,52,No,1,2024-07-26,2024-07-28,359.58,368
CUST10430,Sandra King,Texas,Bachelor,Non-Binary,46,No,0,2021-10-24,2022-11-20,593.88,984
CUST10067,Peter Brooks,Illinois,Associate,Non-Binary,26,No,1,2021-08-29,2022-02-23,291.48,1254
CUST10083,Marc Olson,Florida,Associate,Non-Binary,73,No,2,2022-11-17,2023-11-05,305.4,634
CUST10970,Francisco Alvarez,New York,High School,Male,36,Yes,2,2021-11-01,2025-01-03,94.23,209
CUST10272,Ray Lopez,Arizona,Master,Female,24,No,2,2022-10-23,2025-05-10,328.77,82
CUST10995,Patrick Harris,California,Associate,Male,56,No,1,2023-04-13,2023-07-03,424.41,759
CUST10652,William Underwood,Colorado,Associate,Female,36,No,0,2022-05-12,2022-06-02,295.47,1155
CUST10691,John Velasquez,Ohio,Associate,Female,66,No,0,2021-11-22,2022-01-21,97.77,1287
CUST10948,Patricia Koch,Texas,PhD,Male,28,Yes,2,2021-01-07,2025-04-09,207.98,113
CUST10902,Matthew Knox,Florida,High School,Male,32,Yes,0,2024-07-27,2025-06-01,579.57,60
CUST10950,Monica Smith,Washington,Bachelor,Female,55,Yes,3,2022-07-17,2023-03-21,1355.36,863
CUST10519,Angela Smith,Georgia,Associate,Male,25,No,0,2023-09-23,2025-02-18,347.59,163
CUST10584,Jennifer Bryan,Ohio,PhD,Male,62,No,1,2021-11-06,2024-10-03,484.13,301
CUST10287,Megan Leon,Illinois,High School,Female,78,No,0,2023-01-09,2023-07-19,599.15,743
CUST10124,Luis Villa,Illinois,High School,Female,39,Yes,2,2023-03-06,2024-04-29,608.35,458
CUST10859,Tyler Garza,Illinois,Bachelor,Female,30,Yes,2,2023-01-16,2024-02-08,191.02,539
CUST10809,Pamela Carey,Colorado,PhD,Female,46,No,0,2023-03-22,2023-09-18,566.54,682
CUST10251,Adam Weaver,Ohio,Associate,Female,44,No,0,2023-12-17,2024-03-14,253.35,504
CUST10597,Carolyn Kirk,Ohio,PhD,Female,66,Yes,1,2023-05-25,2024-05-17,271.59,440
CUST10322,Sheila Holmes,New York,Bachelor,Female,18,Yes,0,2021-12-26,2023-06-17,219.13,775
CUST10839,Samuel Barron,California,Master,Non-Binary,54,Yes,2,2021-05-27,2024-01-21,346.36,557
CUST10546,Wendy Barker,Colorado,Bachelor,Male,75,No,0,2020-12-31,2023-04-29,61.66,824
CUST10897,Richard Becker,Washington,High School,Male,27,Yes,4,2022-04-22,2024-02-05,339.31,542
CUST10170,Mark Perez,California,Master,Non-Binary,22,No,0,2023-12-26,2025-06-19,169.63,42
CUST10592,Suzanne Mclaughlin,Florida,High School,Female,57,No,0,2022-01-02,2022-02-23,181.11,1254
CUST10558,Andrew Rivera,Colorado,High School,Male,69,No,2,2024-06-13,2025-03-30,139.12,123
CUST10274,Tracy Tate,Illinois,Master,Female,51,Yes,0,2023-07-05,2025-05-25,50.82,67
CUST10278,Brenda Conway,Arizona,Bachelor,Non-Binary,55,Yes,1,2022-12-16,2024-06-23,266.95,403
CUST10396,Jessica Wang,Florida,PhD,Male,29,No,2,2021-03-29,2024-07-12,178.47,384
CUST10995,Patrick Harris,California,Associate,Male,56,No,1,2023-04-13,2024-06-15,328.87,411
CUST10330,Jeffrey Wells,Georgia,Bachelor,Male,63,Yes,1,2023-09-08,2024-02-27,247.94,520
CUST10078,Elizabeth Hall,California,Master,Male,51,No,2,2024-04-24,2024-12-11,586.8,232
CUST10069,Patricia Santana,California,PhD,Male,70,No,0,2022-07-11,2024-03-24,394.39,494
CUST10487,Theresa Crawford,Georgia,PhD,Male,18,Yes,1,2023-11-04,2024-03-03,41.81,515
CUST10579,Johnathan Berry,Georgia,Associate,Female,78,Yes,1,2022-05-07,2022-12-10,169.13,964
CUST10946,Amber Shaw,Illinois,PhD,Male,29,No,0,2022-09-08,2024-02-02,443.59,545
CUST10687,Deborah Gibson,Texas,High School,Male,48,Yes,2,2024-06-21,2025-07-06,91.19,25
CUST10427,Jesse Robinson,Washington,Master,Male,75,No,0,2022-02-14,2022-06-28,315.06,1129
CUST10207,Audrey Jones,Washington,High School,Non-Binary,60,No,1,2020-12-26,2025-02-09,613.49,172
CUST10864,Travis Christensen,California,Bachelor,Non-Binary,65,No,1,2024-07-26,2025-03-14,923.56,139
CUST10607,Adrienne Thomas,Georgia,Bachelor,Male,24,Yes,1,2023-08-01,2024-12-26,103.65,217
CUST10468,Parker Lewis,Texas,PhD,Female,40,No,1,2021-07-23,2024-08-13,387.92,352
CUST10466,James Pope,New York,Master,Female,50,No,1,2021-07-28,2024-11-21,195.28,252
CUST10875,Jennifer Morales,New York,Bachelor,Female,63,No,2,2023-06-25,2025-07-01,235.05,30
CUST10431,Daniel Fernandez,California,Associate,Female,36,Yes,0,2021-07-04,2021-12-21,493.54,1318
CUST10078,Elizabeth Hall,California,Master,Male,51,No,2,2024-04-24,2024-10-18,149.11,286
CUST10706,Ronald Becker,California,PhD,Non-Binary,22,No,2,2024-03-08,2024-04-06,590.36,481
CUST10546,Wendy Barker,Colorado,Bachelor,Male,75,No,0,2020-12-31,2022-04-29,93.35,1189
CUST10253,Mrs. Lisa Jennings DDS,Illinois,Master,Male,61,Yes,0,2022-03-25,2024-07-31,247.28,365
CUST10600,Mark Thompson,Ohio,Associate,Female,49,Yes,0,2020-10-21,2021-08-24,143.68,1437
CUST10973,Sherri Pearson,Illinois,Associate,Female,76,No,0,2024-02-20,2024-07-05,688.66,391
CUST10695,Jennifer Burton,Washington,Master,Male,72,Yes,0,2024-04-05,2024-08-05,378.94,360
CUST10065,Mr. Donald Johnson,Washington,PhD,Female,65,No,2,2024-06-09,2025-02-06,365.86,175
CUST10846,Donna Carlson,Georgia,Master,Female,50,Yes,1,2022-01-12,2024-07-22,315.43,374
CUST10569,Brandon Castro,Illinois,Master,Non-Binary,35,Yes,2,2022-06-29,2024-10-23,88.41,281
CUST10831,Monica Martinez,Washington,Associate,Male,79,Yes,1,2022-06-27,2024-03-10,1264.52,508
CUST10596,Gary James,Georgia,Associate,Non-Binary,39,Yes,1,2024-03-12,2024-03-27,119.7,491
CUST10117,Jeffrey Miles,Arizona,High School,Male,21,Yes,2,2020-09-28,2021-07-08,945.42,1484
CUST10885,Cody Pierce,New York,Bachelor,Male,36,Yes,1,2023-03-28,2024-07-09,218.64,387
CUST10636,Shannon Gardner,Colorado,Master,Male,23,No,1,2021-10-26,2023-12-18,401.46,591
CUST10337,William Cohen,Illinois,PhD,Non-Binary,20,No,0,2021-08-14,2022-04-28,154.95,1190
CUST10177,Dr. Regina King PhD,Texas,Associate,Female,58,Yes,0,2020-09-24,2020-12-11,260.85,1693
CUST10851,Robert Arnold,Ohio,Associate,Male,43,No,1,2024-01-09,2024-04-26,669.58,461
CUST10215,Daniel Bishop,Washington,Master,Non-Binary,40,No,2,2021-01-25,2024-08-05,338.12,360
CUST10603,Joseph Lee MD,California,Associate,Non-Binary,65,No,0,2021-04-07,2022-06-05,519.99,1152
CUST10843,Matthew Thompson,Ohio,High School,Non-Binary,56,No,2,2024-03-28,2025-06-13,86.96,48
CUST10671,Michael Edwards,Illinois,Bachelor,Non-Binary,63,No,1,2022-03-30,2024-02-23,173.44,524
CUST10554,Danielle Davis,Georgia,Bachelor,Non-Binary,41,Yes,3,2022-04-15,2022-08-01,818.67,1095
CUST10227,William Mclean,California,PhD,Female,64,Yes,0,2023-12-20,2024-09-04,49.2,330
CUST10412,James Gonzalez,California,PhD,Male,33,No,0,2024-05-06,2025-02-01,275.28,180
CUST10574,David Jensen,New York,Bachelor,Non-Binary,51,No,4,2021-05-11,2021-10-19,274.44,1381
CUST10239,Paul Davis,New York,Bachelor,Female,72,Yes,1,2021-04-24,2025-06-28,192.72,33
CUST10638,Douglas Moore,Arizona,Master,Female,80,No,0,2022-02-19,2025-03-23,365.56,130
CUST10369,Matthew Coleman,New York,Associate,Female,73,Yes,1,2024-07-26,2025-01-11,119.82,201
CUST10534,Matthew Smith,Texas,Associate,Female,76,No,1,2024-03-23,2024-04-18,138.97,469
CUST10991,Kevin Beck,Florida,Bachelor,Female,80,No,4,2024-02-13,2024-04-30,881.37,457
CUST10722,Jerry Castaneda,California,Associate,Female,29,No,1,2023-08-24,2025-03-13,486.01,140
CUST10898,Heather Chavez,New York,Associate,Non-Binary,21,Yes,2,2024-04-21,2024-07-03,218.26,393
CUST10381,Jeffrey Cook,Arizona,Master,Female,21,No,1,2021-06-16,2024-02-13,344.31,534
CUST10176,Phyllis Mason,California,PhD,Female,38,No,3,2021-05-02,2023-12-24,290.68,585
CUST10434,Megan Hughes,Ohio,PhD,Male,24,Yes,2,2023-10-05,2024-10-31,149.53,273
CUST10181,Kimberly Aguirre,Arizona,Master,Non-Binary,65,Yes,0,2023-06-27,2024-12-27,333.97,216
CUST10395,Mary Mcneil,Ohio,Bachelor,Male,33,No,0,2022-08-06,2023-08-10,567.7,721
CUST10121,Daniel Bridges,California,High School,Male,63,Yes,0,2021-06-09,2021-09-23,210.48,1407
CUST10741,Dr. Erica Perez,California,Master,Male,73,No,0,2022-03-19,2024-05-08,333.26,449
CUST10372,Jennifer Sullivan,Ohio,PhD,Female,50,No,0,2023-05-30,2025-03-04,241.49,149
CUST10758,Nicolas Cruz,Illinois,Master,Male,66,No,1,2022-02-25,2024-12-16,879.39,227
CUST10941,Natasha Walker,California,Associate,Non-Binary,40,Yes,1,2024-06-06,2024-06-20,110.9,406
CUST10637,Emily Schneider,Florida,Associate,Non-Binary,68,No,1,2022-03-01,2024-06-09,246.53,417
CUST10057,Shelley Austin,New York,PhD,Female,72,No,0,2020-12-18,2024-09-29,343.73,305
CUST10813,Brandon Santiago,Arizona,Master,Non-Binary,42,No,0,2023-01-27,2023-04-08,46.0,845
CUST10830,Kenneth Frost,New York,Master,Female,32,Yes,1,2024-04-17,2024-08-16,190.71,349
CUST10094,Dr. Clinton Lopez,Colorado,Bachelor,Female,54,No,2,2022-09-13,2024-05-06,85.84,451
CUST10945,Stephanie Ramos,Ohio,Associate,Male,62,No,0,2021-10-22,2023-12-21,1639.0,588
CUST10206,Michelle Schmidt,Ohio,Associate,Female,67,Yes,0,2020-11-29,2024-11-19,931.53,254
CUST10678,Nancy Rogers,Ohio,High School,Male,40,Yes,0,2022-06-09,2023-10-11,921.17,659
CUST10577,Brandon Williams,California,Associate,Non-Binary,19,Yes,3,2024-05-25,2024-10-25,176.35,279
CUST10681,Linda Wilson,New York,High School,Non-Binary,80,Yes,2,2022-05-05,2024-05-13,393.61,444
CUST10172,Donna Cain,California,Bachelor,Male,19,No,0,2021-10-08,2024-01-17,780.03,561
CUST10528,Mr. Gary Graham DDS,Georgia,Master,Male,35,Yes,0,2024-03-04,2024-12-08,145.56,235
CUST10487,Theresa Crawford,Georgia,PhD,Male,18,Yes,1,2023-11-04,2024-09-17,679.51,317
CUST10356,Gabrielle Wilson,Arizona,High School,Non-Binary,44,No,2,2022-01-24,2024-11-21,188.81,252
CUST10015,Kayla Oneill,Texas,PhD,Non-Binary,69,No,2,2021-05-07,2021-06-30,357.35,1492
CUST10460,Vanessa Smith,Washington,PhD,Male,27,No,3,2024-04-04,2025-04-05,786.13,117
CUST10410,Jay Mercer,Illinois,Master,Male,45,Yes,0,2022-02-01,2023-02-09,272.54,903
CUST10902,Matthew Knox,Florida,High School,Male,32,Yes,0,2024-07-27,2024-09-20,851.8,314
CUST10658,Matthew Flowers,Illinois,Bachelor,Male,60,No,0,2022-09-19,2022-12-28,669.33,946
CUST10471,Brian Mullins,Arizona,PhD,Female,77,Yes,1,2020-09-18,2023-06-23,163.88,769
CUST10666,Matthew Lopez,Illinois,Master,Female,43,No,1,2023-12-27,2024-03-04,372.53,514
CUST10998,Nicole Cunningham,Ohio,Bachelor,Non-Binary,37,Yes,1,2020-09-23,2022-07-03,479.12,1124
CUST10378,Molly Campbell,California,PhD,Female,27,Yes,1,2021-08-01,2025-07-14,242.34,17
CUST10762,Shannon Ross,Texas,Associate,Non-Binary,75,No,4,2023-03-22,2024-01-30,280.3,548
CUST10483,Robert Oconnell,Illinois,Associate,Female,57,Yes,1,2022-04-22,2025-07-12,300.46,19
CUST10036,Matthew Pierce,Arizona,Bachelor,Non-Binary,64,Yes,0,2021-02-13,2024-06-02,589.62,424
CUST10393,Marie Wells,Georgia,Bachelor,Female,35,No,0,2021-01-27,2022-09-07,214.49,1058
CUST10826,Elizabeth Mason,Washington,Associate,Non-Binary,75,Yes,1,2020-08-04,2022-09-28,298.6,1037
CUST10669,Jeff Diaz,Ohio,Master,Non-Binary,46,No,0,2023-07-24,2023-08-16,516.46,715
CUST10000,Chloe Sanford,Colorado,Associate,Non-Binary,77,No,1,2024-07-04,2025-07-20,228.4,11
CUST10870,Joshua Anthony,Illinois,Master,Non-Binary,33,Yes,0,2023-03-17,2023-07-09,314.07,753
CUST10604,Bethany Sanders,Colorado,Associate,Female,38,Yes,2,2023-08-20,2025-03-25,9.55,128
CUST10224,Jacob Yates,Washington,Master,Non-Binary,60,No,0,2023-03-30,2025-04-05,425.17,117
CUST10381,Jeffrey Cook,Arizona,Master,Female,21,No,1,2021-06-16,2022-09-19,117.04,1046
CUST10305,Heather Russell,Washington,Master,Female,21,Yes,2,2021-12-11,2024-11-25,65.52,248
CUST10108,Luke Mason,Florida,Bachelor,Non-Binary,64,Yes,1,2023-10-04,2025-01-27,335.56,185
CUST10708,Amber Boyer,Texas,Associate,Female,67,No,1,2021-07-09,2022-03-22,130.92,1227
CUST10678,Nancy Rogers,Ohio,High School,Male,40,Yes,0,2022-06-09,2024-09-06,163.77,328
CUST10328,Ariel Love,California,Master,Female,79,No,0,2024-07-24,2024-08-17,1393.8,348
CUST10600,Mark Thompson,Ohio,Associate,Female,49,Yes,0,2020-10-21,2023-07-11,88.91,751
CUST10816,Victoria Smith,Colorado,Bachelor,Non-Binary,38,No,2,2023-12-26,2024-04-03,591.04,484
CUST10546,Wendy Barker,Colorado,Bachelor,Male,75,No,0,2020-12-31,2024-02-14,433.41,533
CUST10803,Nicole Berry,Ohio,PhD,Female,36,Yes,2,2023-09-17,2024-09-04,412.16,330
CUST10334,Luis Davies,Arizona,Bachelor,Non-Binary,68,No,1,2024-06-26,2025-04-14,341.15,108
CUST10000,Chloe Sanford,Colorado,Associate,Non-Binary,77,No,1,2024-07-04,2025-04-23,242.43,99
CUST10146,Beverly Webb,Georgia,Master,Female,78,No,2,2023-09-06,2023-09-12,320.47,688
CUST10798,Sharon Schneider,Washington,High School,Non-Binary,45,No,2,2021-04-30,2023-02-26,79.57,886
CUST10404,Brian Reynolds,Florida,PhD,Female,21,Yes,1,2023-11-04,2025-06-19,276.66,42
CUST10803,Nicole Berry,Ohio,PhD,Female,36,Yes,2,2023-09-17,2025-02-26,376.29,155
CUST10162,Mark Erickson,Texas,Master,Female,43,Yes,2,2023-12-06,2025-04-12,269.64,110
CUST10787,Louis Gibson,Colorado,Associate,Non-Binary,47,No,1,2024-07-04,2025-04-22,217.23,100
CUST10511,Tiffany Hayes,Colorado,Associate,Non-Binary,34,No,0,2022-04-26,2024-07-12,339.9,384
CUST10394,Stuart Young,California,Bachelor,Female,33,No,1,2021-02-10,2024-08-27,187.2,338
CUST10008,Jennifer Gray,Georgia,High School,Female,31,Yes,1,2022-05-18,2025-04-16,178.34,106
CUST10441,Erin Gutierrez,Texas,Associate,Female,56,Yes,1,2021-12-06,2025-07-26,180.75,5
CUST10266,Robert Murphy,Ohio,Bachelor,Male,42,No,0,2020-08-27,2024-12-16,529.14,227
CUST10776,Christopher Smith,Washington,Master,Male,60,Yes,0,2024-05-03,2025-07-27,288.57,4
CUST10195,Barbara Hernandez,Georgia,High School,Female,39,No,1,2023-12-23,2025-03-16,191.98,137
CUST10398,Teresa Gardner,Illinois,High School,Male,72,Yes,3,2023-12-01,2025-05-19,92.88,73
CUST10570,Jennifer Williams,Ohio,High School,Male,28,Yes,1,2022-11-07,2023-11-02,84.64,637
CUST10634,Jane Rocha,Ohio,Associate,Female,26,No,2,2023-03-24,2025-04-23,75.54,99
CUST10207,Audrey Jones,Washington,High School,Non-Binary,60,No,1,2020-12-26,2021-08-26,281.95,1435
CUST10382,Crystal Hines,Ohio,High School,Male,41,Yes,1,2022-06-10,2023-10-13,1160.38,657
CUST10742,Kayla Hunter,Colorado,Bachelor,Female,65,Yes,0,2023-11-08,2024-11-27,105.4,246
CUST10064,Chris Martin,Georgia,Associate,Male,53,Yes,3,2022-06-12,2022-07-29,135.85,1098
CUST10522,Sean Williams,New York,Associate,Non-Binary,73,No,1,2023-07-21,2024-05-16,171.79,441
CUST10975,Max Carson,Ohio,Master,Male,34,No,0,2021-03-10,2024-02-03,31.74,544
CUST10596,Gary James,Georgia,Associate,Non-Binary,39,Yes,1,2024-03-12,2025-01-22,250.57,190
CUST10543,Amber Lewis,Georgia,High School,Male,46,Yes,3,2023-07-09,2025-06-12,910.27,49
CUST10430,Sandra King,Texas,Bachelor,Non-Binary,46,No,0,2021-10-24,2023-05-10,414.78,813
CUST10478,Samantha Lowe,California,Associate,Non-Binary,44,Yes,2,2021-12-24,2023-02-01,473.21,911
CUST10419,Gina Klein,Arizona,Bachelor,Male,36,No,2,2020-11-28,2021-09-06,122.32,1424
CUST10268,Michelle Martinez,New York,Bachelor,Female,55,Yes,1,2022-03-29,2023-03-15,128.74,869
CUST10555,Andrew Watson,California,PhD,Female,64,No,0,2022-09-10,2023-01-30,278.0,913
CUST10394,Stuart Young,California,Bachelor,Female,33,No,1,2021-02-10,2022-09-24,430.73,1041
CUST10264,Gabriel Garrison,Colorado,PhD,Non-Binary,45,Yes,1,2020-08-08,2021-11-19,275.53,1350
CUST10229,Andrea Roberts,Illinois,High School,Male,76,No,1,2022-02-01,2024-07-18,829.72,378
CUST10128,Zachary Gonzalez,California,Associate,Female,48,No,1,2023-10-25,2025-01-18,102.12,194
CUST10042,William Weeks,Arizona,Associate,Male,25,Yes,1,2020-10-28,2020-12-31,295.25,1673
CUST10128,Zachary Gonzalez,California,Associate,Female,48,No,1,2023-10-25,2025-07-11,280.78,20
CUST10997,Cameron Potts,New York,High School,Male,57,Yes,0,2023-04-22,2024-08-19,95.48,346
CUST10081,Lisa Taylor,Georgia,High School,Female,29,Yes,1,2022-08-14,2022-10-09,194.95,1026
CUST10623,Dennis Howell,Georgia,PhD,Male,77,No,2,2024-01-06,2024-10-12,216.93,292
CUST10278,Brenda Conway,Arizona,Bachelor,Non-Binary,55,Yes,1,2022-12-16,2025-04-16,464.3,106
CUST10103,Brooke Hendricks,Texas,Master,Male,27,Yes,0,2023-08-12,2025-04-21,353.52,101
CUST10872,Paige Rubio,Georgia,Associate,Male,51,No,0,2023-10-19,2024-09-06,44.19,328
CUST10840,Amy Moore,Illinois,High School,Non-Binary,53,Yes,1,2023-11-25,2025-01-07,368.85,205
CUST10176,Phyllis Mason,California,PhD,Female,38,No,3,2021-05-02,2022-05-13,156.68,1175
CUST10794,Whitney Nichols,Georgia,Bachelor,Female,43,No,1,2021-03-07,2023-06-09,364.8,783
CUST10566,Renee Reed,Florida,Associate,Female,54,No,1,2023-09-18,2024-02-05,95.1,542
CUST10038,Cynthia Graham,Washington,High School,Male,64,Yes,2,2022-07-06,2025-02-07,675.1,174
CUST10878,Ruth Johnson,Texas,Bachelor,Non-Binary,36,No,1,2023-03-10,2023-10-09,296.01,661
CUST10992,Sheila Gonzales,Arizona,Associate,Female,48,Yes,1,2022-07-07,2024-06-28,131.6,398
CUST10588,Joanna Howe,Washington,Bachelor,Non-Binary,47,No,1,2023-08-13,2024-06-18,152.83,408
CUST10584,Jennifer Bryan,Ohio,PhD,Male,62,No,1,2021-11-06,2021-12-03,351.67,1336
CUST10381,Jeffrey Cook,Arizona,Master,Female,21,No,1,2021-06-16,2021-07-15,241.05,1477
CUST10536,Stephanie Munoz,California,Bachelor,Female,59,Yes,0,2020-08-28,2022-08-05,119.16,1091
CUST10256,Ashley Nunez,California,Bachelor,Male,51,No,0,2021-07-13,2022-01-21,425.23,1287
CUST10712,Matthew Keller,Washington,Bachelor,Female,42,Yes,3,2021-01-05,2024-10-31,205.33,273
CUST10728,Barbara Baker,Florida,Associate,Male,60,Yes,1,2021-10-04,2022-10-19,794.94,1016
CUST10742,Kayla Hunter,Colorado,Bachelor,Female,65,Yes,0,2023-11-08,2024-03-28,353.56,490
CUST10619,Henry Martinez,Colorado,High School,Male,37,No,0,2021-11-24,2023-06-03,635.99,789
CUST10056,Brian Williams,Florida,Master,Non-Binary,60,No,0,2023-03-06,2024-07-16,70.75,380
CUST10618,Kelly Beard,Colorado,Bachelor,Non-Binary,58,Yes,1,2021-03-17,2023-11-23,331.2,616
CUST10112,Jasmin Duarte,Texas,High School,Non-Binary,19,No,0,2022-09-21,2025-01-11,197.06,201
CUST10224,Jacob Yates,Washington,Master,Non-Binary,60,No,0,2023-03-30,2024-02-18,464.7,529
CUST10149,Kayla Ortiz,Washington,PhD,Non-Binary,73,No,2,2022-11-09,2023-09-19,364.9,681
CUST10470,Jill Stone,Georgia,Master,Non-Binary,42,Yes,2,2023-01-06,2023-02-05,260.35,907
CUST10508,Stacy Mckenzie,Texas,Bachelor,Non-Binary,46,No,0,2021-08-05,2024-03-28,246.0,490
CUST10136,Jennifer Moore,Florida,Master,Male,64,No,0,2021-07-15,2022-02-27,390.99,1250
CUST10825,Gary Marshall,New York,Bachelor,Non-Binary,54,No,0,2022-08-19,2024-01-29,195.77,549
CUST10978,Kenneth Vang,Texas,Master,Non-Binary,75,No,0,2021-05-08,2022-03-16,190.97,1233
CUST10155,Gavin Olson,Ohio,Associate,Non-Binary,50,No,1,2021-02-05,2025-01-05,251.13,207
CUST10030,Matthew Tran,New York,Master,Male,47,No,2,2022-11-08,2025-04-30,405.77,92
CUST10180,Julia Dennis,Washington,PhD,Non-Binary,45,No,0,2021-03-02,2022-08-04,307.87,1092
CUST10144,Jennifer Santiago,Florida,Master,Female,61,Yes,0,2022-05-16,2024-09-28,837.86,306
CUST10761,Richard Thomas,Georgia,Bachelor,Female,58,No,1,2023-01-01,2025-07-08,210.44,23
CUST10372,Jennifer Sullivan,Ohio,PhD,Female,50,No,0,2023-05-30,2024-07-10,93.79,386
CUST10251,Adam Weaver,Ohio,Associate,Female,44,No,0,2023-12-17,2024-07-31,77.27,365
CUST10923,Justin Drake,Colorado,PhD,Female,25,Yes,2,2022-12-25,2023-05-22,368.51,801
CUST10116,Ellen Alexander,Colorado,High School,Male,37,Yes,1,2020-11-14,2022-10-14,815.78,1021
CUST10221,Susan Reed,Texas,Bachelor,Male,25,Yes,1,2023-04-03,2024-10-22,211.23,282
CUST10683,Richard Erickson,California,Associate,Female,22,No,1,2022-09-26,2025-02-05,72.5,176
CUST10575,Beth Jensen,Colorado,Bachelor,Non-Binary,59,Yes,2,2024-07-27,2025-02-16,124.02,165
CUST10183,Casey Arnold,Florida,PhD,Female,24,No,1,2023-08-22,2024-11-14,299.83,259
CUST10972,Meghan Oliver,Washington,Master,Female,41,Yes,0,2022-02-24,2022-09-18,144.96,1047
CUST10911,William Kelley,Florida,Associate,Male,35,No,1,2020-10-20,2021-12-05,55.01,1334
CUST10618,Kelly Beard,Colorado,Bachelor,Non-Binary,58,Yes,1,2021-03-17,2022-08-24,356.53,1072
CUST10778,Jillian Bauer PhD,Texas,PhD,Non-Binary,57,Yes,4,2023-05-20,2024-10-05,63.79,299
CUST10944,Elizabeth Burton,Georgia,Bachelor,Male,65,No,0,2022-01-21,2024-09-30,262.53,304
CUST10859,Tyler Garza,Illinois,Bachelor,Female,30,Yes,2,2023-01-16,2025-01-05,58.54,207
CUST10923,Justin Drake,Colorado,PhD,Female,25,Yes,2,2022-12-25,2023-05-14,747.59,809
CUST10176,Phyllis Mason,California,PhD,Female,38,No,3,2021-05-02,2022-05-04,223.12,1184
CUST10862,James Blake,Texas,Associate,Non-Binary,26,No,0,2021-03-20,2023-05-11,999.28,812
CUST10321,Micheal Davis,Texas,High School,Female,39,Yes,3,2023-12-30,2024-05-22,49.38,435
CUST10814,Kristin Beard,Texas,Master,Non-Binary,47,Yes,2,2022-01-08,2025-04-11,404.13,111
CUST10354,Jennifer Marshall,New York,Master,Non-Binary,45,No,1,2021-05-19,2022-04-25,602.46,1193
CUST10862,James Blake,Texas,Associate,Non-Binary,26,No,0,2021-03-20,2023-11-14,497.68,625
CUST10691,John Velasquez,Ohio,Associate,Female,66,No,0,2021-11-22,2025-07-26,650.86,5
CUST10751,Bonnie Buchanan,New York,Master,Male,26,No,1,2020-12-20,2023-09-24,322.95,676
CUST10305,Heather Russell,Washington,Master,Female,21,Yes,2,2021-12-11,2023-04-22,381.25,831
CUST10372,Jennifer Sullivan,Ohio,PhD,Female,50,No,0,2023-05-30,2023-06-21,555.02,771
CUST10792,Richard Henry,Texas,PhD,Male,54,Yes,3,2022-10-06,2024-03-07,134.3,511
CUST10345,Crystal Richards,California,Associate,Female,21,Yes,2,2021-05-12,2024-05-24,485.19,433
CUST10528,Mr. Gary Graham DDS,Georgia,Master,Male,35,Yes,0,2024-03-04,2024-05-24,377.82,433
CUST10835,Riley Torres,New York,PhD,Non-Binary,49,Yes,1,2020-11-28,2024-10-15,436.83,289
CUST10983,Sean Galloway,Colorado,High School,Non-Binary,66,Yes,1,2022-02-10,2024-05-03,327.87,454
CUST10859,Tyler Garza,Illinois,Bachelor,Female,30,Yes,2,2023-01-16,2023-09-17,296.94,683
CUST10772,Dorothy Fox,California,High School,Non-Binary,50,Yes,0,2022-01-28,2023-01-26,340.33,917
CUST10891,Miss Alyssa Garcia,Washington,Master,Male,78,Yes,0,2021-07-20,2022-07-27,186.56,1100
CUST10609,Joseph Wallace,Washington,Bachelor,Male,45,No,3,2020-12-28,2022-09-05,435.83,1060
CUST10159,Anthony Floyd,New York,High School,Male,58,No,4,2024-03-26,2025-06-03,383.64,58
CUST10061,Robert Humphrey,Florida,Bachelor,Female,33,Yes,2,2023-08-04,2025-06-21,92.29,40
CUST10537,Lori Hall,Arizona,PhD,Non-Binary,45,No,4,2021-12-19,2024-01-23,176.84,555
CUST10197,Nicole Alvarez,Washington,Master,Male,46,Yes,1,2021-08-26,2024-07-04,128.69,392
CUST10674,Robert Turner,Ohio,Associate,Female,78,No,1,2021-10-06,2023-10-15,230.05,655
CUST10296,Felicia Ward,New York,High School,Male,71,Yes,4,2022-09-20,2024-09-15,337.64,319
CUST10624,Kelly Ramos,Georgia,High School,Female,35,Yes,2,2021-06-16,2022-11-26,360.66,978
CUST10124,Luis Villa,Illinois,High School,Female,39,Yes,2,2023-03-06,2023-09-17,532.89,683
CUST10566,Renee Reed,Florida,Associate,Female,54,No,1,2023-09-18,2025-01-03,537.51,209
CUST10008,Jennifer Gray,Georgia,High School,Female,31,Yes,1,2022-05-18,2024-02-23,190.78,524
CUST10750,Cheryl Morgan,Texas,Associate,Female,20,Yes,1,2023-11-30,2023-12-17,206.34,592
CUST10201,Debra Chavez,Washington,Master,Non-Binary,70,Yes,1,2023-08-07,2025-06-02,429.53,59
CUST10060,Nathaniel Price,California,Master,Female,47,No,2,2022-12-14,2023-10-26,354.44,644
CUST10948,Patricia Koch,Texas,PhD,Male,28,Yes,2,2021-01-07,2025-05-31,110.89,61
CUST10799,Dwayne Harper,Arizona,PhD,Female,19,Yes,2,2022-06-02,2025-07-09,1083.38,22
CUST10281,Kayla Estes,Washington,Master,Non-Binary,76,Yes,2,2024-07-10,2025-03-30,250.37,123
CUST10282,Jordan Tapia,Washington,High School,Non-Binary,41,Yes,2,2021-12-31,2025-07-27,389.8,4
CUST10426,Jessica Anderson,Washington,High School,Female,38,Yes,2,2023-05-10,2025-06-24,140.47,37
CUST10125,Erik Campbell,Arizona,PhD,Non-Binary,64,Yes,1,2022-12-31,2024-12-13,321.27,230
CUST10244,Patricia Garrison,Florida,High School,Female,57,No,2,2024-01-25,2024-07-06,432.85,390
CUST10646,Michael Flores,New York,PhD,Female,21,No,1,2022-01-09,2024-08-31,233.1,334
CUST10131,Daniel Park,New York,PhD,Non-Binary,39,Yes,3,2022-10-29,2022-12-17,543.72,957
CUST10662,Pamela Mckinney,Colorado,High School,Non-Binary,20,Yes,2,2024-02-10,2025-04-03,327.18,119
CUST10410,Jay Mercer,Illinois,Master,Male,45,Yes,0,2022-02-01,2024-05-21,803.51,436
CUST10134,Travis Barber,Ohio,Bachelor,Male,67,Yes,0,2020-11-15,2021-04-25,747.9,1558
CUST10137,Brian Meyer Jr.,Washington,Master,Non-Binary,61,No,3,2022-10-24,2023-03-18,400.88,866
CUST10691,John Velasquez,Ohio,Associate,Female,66,No,0,2021-11-22,2022-01-13,343.44,1295
CUST10489,Tony Thomas,Colorado,Bachelor,Female,77,No,0,2021-03-11,2022-03-01,414.74,1248
CUST10664,Kathleen Bailey,California,High School,Male,25,No,2,2022-12-06,2023-02-02,290.94,910
CUST10326,Melissa Price,Texas,Bachelor,Non-Binary,65,No,2,2020-09-11,2022-08-02,193.35,1094
CUST10339,Denise Thompson,Colorado,Associate,Non-Binary,68,No,3,2022-05-15,2024-12-09,65.29,234
CUST10005,Cynthia Moody,Texas,Master,Female,37,Yes,0,2022-05-17,2023-01-04,213.34,939
CUST10537,Lori Hall,Arizona,PhD,Non-Binary,45,No,4,2021-12-19,2024-05-15,26.57,442
CUST10126,Charles Powers,Florida,Associate,Non-Binary,46,No,3,2022-10-12,2024-11-15,94.34,258
CUST10365,Yesenia Johnson,Illinois,Bachelor,Non-Binary,27,Yes,0,2023-04-21,2025-06-11,389.76,50
CUST10393,Marie Wells,Georgia,Bachelor,Female,35,No,0,2021-01-27,2023-09-20,111.92,680
CUST10145,Miranda Velazquez,Ohio,Master,Non-Binary,47,Yes,0,2024-05-02,2024-08-04,168.69,361
CUST10060,Nathaniel Price,California,Master,Female,47,No,2,2022-12-14,2023-04-11,126.92,842
CUST10570,Jennifer Williams,Ohio,High School,Male,28,Yes,1,2022-11-07,2023-08-12,346.91,719
CUST10300,Jennifer Williams,California,Associate,Male,61,Yes,1,2022-06-25,2023-05-21,660.35,802
CUST10511,Tiffany Hayes,Colorado,Associate,Non-Binary,34,No,0,2022-04-26,2023-05-28,388.91,795
CUST10538,Lindsay Jones,Arizona,PhD,Male,23,Yes,0,2021-03-19,2021-09-09,184.64,1421
CUST10006,Jeffrey Torres,Colorado,Bachelor,Non-Binary,72,No,1,2021-01-18,2023-04-07,432.04,846
CUST10102,Tyler Black,Texas,PhD,Male,34,No,1,2022-05-16,2024-10-25,114.52,279
CUST10961,Charles Mayer,New York,Bachelor,Female,65,No,0,2021-09-04,2022-12-14,290.86,960
CUST10457,Debra Schroeder,Colorado,High School,Non-Binary,52,No,4,2023-09-14,2025-04-02,283.02,120
CUST10124,Luis Villa,Illinois,High School,Female,39,Yes,2,2023-03-06,2024-10-16,555.28,288
CUST10953,Bobby Reed,Colorado,PhD,Female,38,No,0,2021-10-19,2022-04-12,282.8,1206
CUST10198,Joseph Wilson,Florida,Associate,Male,38,No,0,2020-10-06,2024-03-10,285.38,508
CUST10197,Nicole Alvarez,Washington,Master,Male,46,Yes,1,2021-08-26,2024-01-13,162.08,565
CUST10673,Michael Wilson,Georgia,PhD,Non-Binary,78,Yes,3,2021-03-23,2024-03-09,323.28,509
CUST10669,Jeff Diaz,Ohio,Master,Non-Binary,46,No,0,2023-07-24,2024-06-13,459.13,413
CUST10732,David Cooper,Illinois,High School,Male,41,Yes,0,2023-04-30,2024-08-12,688.48,353
CUST10489,Tony Thomas,Colorado,Bachelor,Female,77,No,0,2021-03-11,2021-06-12,355.73,1510
CUST10890,Lucas Smith,Colorado,High School,Female,26,No,1,2022-06-07,2024-06-15,458.2,411
CUST10505,Maria Berry,Georgia,PhD,Male,66,No,1,2023-12-27,2024-05-24,199.72,433
CUST10761,Richard Thomas,Georgia,Bachelor,Female,58,No,1,2023-01-01,2025-05-18,397.47,74
CUST10310,Luke Duffy,Illinois,PhD,Male,39,Yes,0,2021-11-26,2025-05-07,411.36,85
CUST10232,Erin Wyatt,Illinois,Bachelor,Female,60,No,1,2020-12-26,2023-01-28,370.8,915
CUST10192,Jeffrey Stewart,Georgia,High School,Female,34,Yes,0,2024-04-09,2024-07-10,200.83,386
CUST10382,Crystal Hines,Ohio,High School,Male,41,Yes,1,2022-06-10,2025-01-07,679.9,205
CUST10078,Elizabeth Hall,California,Master,Male,51,No,2,2024-04-24,2024-08-17,542.86,348
CUST10731,Daniel Salas,Florida,High School,Male,54,Yes,1,2020-12-05,2023-07-21,277.72,741
CUST10928,Jessica Pierce,Texas,Associate,Male,42,No,0,2022-10-21,2024-10-07,149.4,297
CUST10218,Jason Austin,Ohio,PhD,Female,67,Yes,1,2023-03-02,2024-02-13,98.56,534
CUST10499,Kathryn Campbell,Florida,Associate,Female,34,No,1,2023-11-13,2024-02-20,631.4,527
CUST10434,Megan Hughes,Ohio,PhD,Male,24,Yes,2,2023-10-05,2025-03-28,342.31,125
CUST10870,Joshua Anthony,Illinois,Master,Non-Binary,33,Yes,0,2023-03-17,2023-06-16,507.67,776
CUST10991,Kevin Beck,Florida,Bachelor,Female,80,No,4,2024-02-13,2024-04-29,120.36,458
CUST10474,John Graham,Washington,Bachelor,Female,73,No,2,2023-02-06,2023-07-15,155.79,747
CUST10448,Charles Waters,Arizona,Bachelor,Non-Binary,43,No,2,2024-04-26,2024-05-08,166.64,449
CUST10246,Michael Wilson,New York,High School,Non-Binary,78,No,1,2023-12-29,2024-09-25,181.68,309
CUST10543,Amber Lewis,Georgia,High School,Male,46,Yes,3,2023-07-09,2024-04-13,70.86,474
CUST10425,Scott Thompson,Washington,High School,Female,53,No,1,2021-06-20,2025-03-29,284.24,124
CUST10139,Julie Preston,Colorado,PhD,Non-Binary,18,Yes,3,2024-03-29,2024-09-04,522.37,330
CUST10409,Gwendolyn Brooks,Illinois,High School,Female,26,Yes,0,2021-04-01,2024-12-30,405.55,213
CUST10297,Michelle Rogers,Arizona,Master,Female,40,Yes,2,2024-07-24,2025-07-04,532.63,27
CUST10435,Ralph Brown,Florida,Bachelor,Female,37,Yes,2,2020-11-18,2024-02-06,161.23,541
CUST10943,Olivia Morgan,Colorado,Master,Non-Binary,18,Yes,0,2024-07-02,2025-05-12,384.79,80
CUST10173,David Sanchez,Arizona,PhD,Non-Binary,54,Yes,1,2022-01-11,2022-10-08,102.44,1027
CUST10296,Felicia Ward,New York,High School,Male,71,Yes,4,2022-09-20,2024-07-13,337.55,383
CUST10064,Chris Martin,Georgia,Associate,Male,53,Yes,3,2022-06-12,2023-02-10,555.58,902
CUST10678,Nancy Rogers,Ohio,High School,Male,40,Yes,0,2022-06-09,2025-07-30,638.57,1
CUST10850,Elizabeth Edwards,Colorado,Bachelor,Male,34,Yes,1,2022-01-29,2023-07-21,195.91,741
CUST10148,Erin Mason,Florida,PhD,Male,37,Yes,2,2020-11-28,2024-12-18,423.6,225
CUST10055,Bethany Keller,Georgia,Associate,Female,43,Yes,3,2024-06-08,2024-10-01,384.58,303
CUST10103,Brooke Hendricks,Texas,Master,Male,27,Yes,0,2023-08-12,2024-12-17,244.12,226
CUST10417,Mason Tate,Florida,High School,Non-Binary,55,Yes,3,2023-11-24,2025-02-06,378.6,175
CUST10120,Robert Gray,Colorado,Master,Male,77,No,2,2021-07-11,2024-02-29,631.58,518
CUST10557,Shane Ross,Texas,Associate,Male,23,Yes,3,2021-03-15,2023-10-03,219.81,667
CUST10503,Laurie Hall,Illinois,High School,Female,27,No,0,2021-08-05,2022-03-15,438.17,1234
CUST10912,Diana Clark,Florida,High School,Non-Binary,46,Yes,1,2024-03-23,2024-10-18,630.19,286
CUST10706,Ronald Becker,California,PhD,Non-Binary,22,No,2,2024-03-08,2025-01-14,360.76,198
CUST10769,Jason Morales,California,Master,Non-Binary,48,No,1,2022-11-04,2022-11-20,533.56,984
CUST10084,Michael Nelson,Florida,High School,Female,41,Yes,2,2022-01-18,2023-01-08,38.62,935
CUST10142,Savannah Williams,Georgia,Associate,Male,79,No,1,2024-07-22,2025-06-18,247.39,43
CUST10683,Richard Erickson,California,Associate,Female,22,No,1,2022-09-26,2023-03-08,256.3,876
CUST10469,Rick Oconnell,Florida,Associate,Male,19,No,2,2023-05-24,2023-06-23,328.26,769
CUST10460,Vanessa Smith,Washington,PhD,Male,27,No,3,2024-04-04,2024-05-13,201.23,444
CUST10817,Veronica Davidson,Ohio,PhD,Male,74,Yes,2,2022-12-15,2024-12-09,80.51,234
CUST10758,Nicolas Cruz,Illinois,Master,Male,66,No,1,2022-02-25,2024-06-29,143.53,397
CUST10321,Micheal Davis,Texas,High School,Female,39,Yes,3,2023-12-30,2025-06-17,76.06,44
CUST10520,Crystal Horton,Georgia,Master,Non-Binary,18,No,1,2020-11-09,2023-10-29,399.85,641
CUST10253,Mrs. Lisa Jennings DDS,Illinois,Master,Male,61,Yes,0,2022-03-25,2024-08-04,316.76,361
CUST10066,Richard Walker,California,Bachelor,Non-Binary,71,Yes,0,2022-10-24,2023-11-06,166.87,633
CUST10181,Kimberly Aguirre,Arizona,Master,Non-Binary,65,Yes,0,2023-06-27,2024-10-17,465.92,287
CUST10935,Scott Wood MD,California,High School,Male,78,No,0,2023-02-05,2023-02-26,56.1,886
CUST10196,Kristin Pearson,Colorado,Master,Non-Binary,64,No,1,2022-11-30,2023-03-20,237.99,864
CUST10045,Amanda Berg,Illinois,Bachelor,Male,28,No,2,2023-02-23,2024-12-03,309.26,240
CUST10921,Rhonda Sanchez,California,Associate,Female,44,Yes,0,2023-01-14,2023-02-21,316.22,891
CUST10111,Samantha Patton,Florida,Master,Male,42,No,2,2021-04-23,2022-02-18,365.74,1259
CUST10530,Dana Smith,New York,High School,Female,41,Yes,2,2024-01-12,2024-12-29,188.98,214
CUST10778,Jillian Bauer PhD,Texas,PhD,Non-Binary,57,Yes,4,2023-05-20,2025-05-21,183.67,71
CUST10145,Miranda Velazquez,Ohio,Master,Non-Binary,47,Yes,0,2024-05-02,2025-03-23,581.49,130
CUST10926,Amy Smith,Colorado,PhD,Female,36,No,1,2023-07-27,2025-05-25,124.39,67
CUST10252,Danielle Roberts,Texas,High School,Female,38,No,0,2024-06-18,2025-01-29,290.81,183
CUST10129,Christopher Mccann,Washington,Bachelor,Male,69,No,4,2024-04-20,2025-04-07,740.39,115
CUST10701,Megan Garrett,Georgia,Associate,Non-Binary,80,Yes,1,2022-05-12,2022-12-23,512.26,951
CUST10684,David Roy,Illinois,High School,Male,27,No,0,2021-09-22,2021-11-07,510.5,1362
CUST10922,Tammie Lopez,Washington,Associate,Male,73,No,0,2021-10-10,2022-06-06,286.45,1151
CUST10662,Pamela Mckinney,Colorado,High School,Non-Binary,20,Yes,2,2024-02-10,2025-07-16,163.24,15
CUST10368,Benjamin Weber,Washington,Associate,Male,34,Yes,2,2021-01-11,2023-01-13,371.71,930
CUST10053,Melinda Beard,Illinois,High School,Male,60,Yes,1,2021-01-09,2022-08-25,125.51,1071
CUST10137,Brian Meyer Jr.,Washington,Master,Non-Binary,61,No,3,2022-10-24,2024-12-06,315.06,237
CUST10480,Anthony Brown,New York,High School,Female,77,Yes,1,2021-01-12,2023-05-30,169.06,793
CUST10500,Sandra Matthews,Ohio,Master,Non-Binary,72,Yes,2,2023-01-20,2025-04-06,635.17,116
CUST10206,Michelle Schmidt,Ohio,Associate,Female,67,Yes,0,2020-11-29,2023-04-13,52.54,840
CUST10187,Craig Eaton,New York,Master,Non-Binary,66,Yes,0,2022-11-24,2025-03-25,127.14,128
CUST10855,Samantha Burns,Florida,Bachelor,Female,79,No,2,2020-10-18,2021-01-11,336.9,1662
CUST10286,Nicole Porter DVM,New York,Master,Male,46,Yes,0,2024-02-09,2024-12-22,69.2,221
CUST10081,Lisa Taylor,Georgia,High School,Female,29,Yes,1,2022-08-14,2024-01-10,490.83,568
CUST10353,Michelle Goodwin,Ohio,PhD,Male,76,No,3,2022-06-03,2022-12-01,23.11,973
CUST10308,John Bell,Georgia,Master,Female,69,No,1,2020-08-03,2024-04-17,120.45,470
CUST10909,Daniel Contreras,Colorado,Associate,Non-Binary,18,Yes,2,2023-08-15,2025-05-19,358.88,73
CUST10495,Andrew Hogan,Florida,High School,Non-Binary,49,No,3,2022-03-10,2023-06-03,234.69,789
CUST10440,Linda Merritt,Colorado,Master,Non-Binary,40,Yes,1,2022-04-19,2022-11-17,350.82,987
CUST10111,Samantha Patton,Florida,Master,Male,42,No,2,2021-04-23,2023-03-21,165.3,863
CUST10951,George Hill,Washington,High School,Female,20,No,0,2020-07-31,2023-10-30,63.96,640
CUST10957,Stephanie Mills,Colorado,Associate,Non-Binary,73,Yes,1,2023-06-02,2025-02-17,333.12,164
CUST10319,Scott Perez,Florida,High School,Non-Binary,47,Yes,1,2021-09-19,2023-09-04,376.28,696
CUST10053,Melinda Beard,Illinois,High School,Male,60,Yes,1,2021-01-09,2022-07-02,419.71,1125
CUST10798,Sharon Schneider,Washington,High School,Non-Binary,45,No,2,2021-04-30,2023-06-21,1104.6,771
CUST10886,Elizabeth Brown,Washington,Bachelor,Female,79,No,0,2022-09-05,2024-01-08,293.86,570
CUST10622,Andre Dennis,Illinois,Bachelor,Male,34,Yes,0,2022-09-17,2023-01-13,402.65,930
CUST10162,Mark Erickson,Texas,Master,Female,43,Yes,2,2023-12-06,2024-11-21,433.97,252
CUST10110,Christopher Mccormick,New York,Associate,Male,48,Yes,2,2022-12-10,2023-06-26,134.71,766
CUST10056,Brian Williams,Florida,Master,Non-Binary,60,No,0,2023-03-06,2024-03-03,399.22,515
CUST10926,Amy Smith,Colorado,PhD,Female,36,No,1,2023-07-27,2024-03-27,365.77,491
CUST10503,Laurie Hall,Illinois,High School,Female,27,No,0,2021-08-05,2023-01-20,81.97,923
CUST10747,Sean Gonzalez,Ohio,Associate,Male,27,No,3,2022-10-08,2023-09-23,242.78,677
CUST10443,Andrew Thomas,Illinois,Master,Male,61,Yes,2,2021-10-24,2023-02-17,227.04,895
CUST10486,James Wells,Georgia,Master,Female,21,Yes,4,2023-11-20,2024-09-03,336.32,331
CUST10496,Haley Dyer,Florida,Bachelor,Female,53,No,0,2023-11-17,2024-08-06,232.54,359
CUST10423,Danielle Miller,Arizona,PhD,Female,51,No,0,2023-05-31,2023-12-14,497.19,595
CUST10470,Jill Stone,Georgia,Master,Non-Binary,42,Yes,2,2023-01-06,2023-05-07,175.02,816
CUST10719,Christopher Williams,Ohio,High School,Female,49,Yes,2,2023-09-14,2025-01-04,87.54,208
CUST10653,Angelica Martinez,Arizona,PhD,Non-Binary,80,No,0,2022-05-28,2023-01-12,91.63,931
CUST10730,Willie Chandler,Georgia,Associate,Male,27,No,2,2022-06-21,2023-07-03,205.22,759
CUST10721,Mark Watkins,Arizona,High School,Non-Binary,54,Yes,1,2023-02-26,2025-06-02,595.21,59
CUST10120,Robert Gray,Colorado,Master,Male,77,No,2,2021-07-11,2023-09-19,167.39,681
CUST10342,Melissa Johnston,Arizona,Bachelor,Female,80,No,0,2021-09-10,2024-07-08,43.45,388
CUST10426,Jessica Anderson,Washington,High School,Female,38,Yes,2,2023-05-10,2025-03-27,109.21,126
CUST10982,Annette Martin,New York,Master,Female,66,Yes,4,2021-05-12,2023-10-09,114.68,661
CUST10729,James Jackson,Illinois,Bachelor,Male,75,No,0,2024-02-08,2024-08-25,195.08,340
CUST10840,Amy Moore,Illinois,High School,Non-Binary,53,Yes,1,2023-11-25,2024-08-31,544.22,334
CUST10480,Anthony Brown,New York,High School,Female,77,Yes,1,2021-01-12,2022-04-20,249.8,1198
CUST10938,John Price,California,PhD,Male,44,No,2,2020-08-31,2024-01-25,796.07,553
CUST10259,Nicholas Carter,Texas,High School,Non-Binary,32,Yes,3,2023-03-31,2025-03-20,288.9,133
CUST10732,David Cooper,Illinois,High School,Male,41,Yes,0,2023-04-30,2024-12-24,200.92,219
CUST10872,Paige Rubio,Georgia,Associate,Male,51,No,0,2023-10-19,2024-06-30,232.5,396
CUST10267,Melissa Marshall,Arizona,Associate,Non-Binary,57,Yes,1,2023-04-03,2024-03-30,312.43,488
CUST10155,Gavin Olson,Ohio,Associate,Non-Binary,50,No,1,2021-02-05,2022-03-23,492.73,1226
CUST10356,Gabrielle Wilson,Arizona,High School,Non-Binary,44,No,2,2022-01-24,2024-12-08,225.74,235
CUST10647,Jennifer Acevedo,New York,Bachelor,Female,19,Yes,2,2021-03-18,2022-07-19,296.48,1108
CUST10473,Christopher Daniels,Georgia,Associate,Male,63,No,2,2024-05-20,2024-07-18,647.84,378
CUST10153,Michele Brown,Ohio,PhD,Female,70,Yes,1,2024-06-22,2025-01-11,311.5,201
CUST10180,Julia Dennis,Washington,PhD,Non-Binary,45,No,0,2021-03-02,2022-11-22,616.75,982
CUST10304,Adrian Gallagher,Washington,Master,Non-Binary,58,No,2,2023-10-30,2024-05-05,634.69,452
CUST10829,Phillip Johnson,California,Master,Female,78,No,1,2020-08-02,2023-05-13,638.66,810
CUST10185,Randy Buchanan,Texas,Associate,Female,70,No,3,2022-09-03,2024-03-01,504.78,517
CUST10844,Nancy Wood,California,High School,Female,40,Yes,1,2023-04-02,2024-08-28,301.79,337
CUST10389,Sean Smith,California,High School,Male,59,No,0,2022-08-10,2022-11-13,344.61,991
CUST10240,Travis Herring,Colorado,High School,Non-Binary,34,Yes,0,2024-07-02,2024-07-25,202.53,371
CUST10318,Matthew Ruiz,Washington,Associate,Female,31,Yes,1,2021-08-09,2023-12-27,104.98,582
CUST10719,Christopher Williams,Ohio,High School,Female,49,Yes,2,2023-09-14,2025-01-15,449.6,197
CUST10888,James Wilkins,Florida,Associate,Non-Binary,52,Yes,3,2023-04-16,2025-04-17,527.4,105
CUST10203,Kim Bennett,Florida,High School,Female,43,No,0,2021-03-25,2022-12-13,125.66,961
CUST10145,Miranda Velazquez,Ohio,Master,Non-Binary,47,Yes,0,2024-05-02,2024-12-30,310.14,213
CUST10946,Amber Shaw,Illinois,PhD,Male,29,No,0,2022-09-08,2023-01-04,411.64,939
CUST10931,Cathy Brown,Florida,Bachelor,Female,21,No,0,2022-01-21,2024-11-14,250.23,259
CUST10172,Donna Cain,California,Bachelor,Male,19,No,0,2021-10-08,2022-08-04,926.06,1092
CUST10099,Danielle Huffman,New York,High School,Non-Binary,18,No,2,2021-12-09,2024-11-26,284.06,247
CUST10608,David Deleon,Washington,High School,Male,42,Yes,0,2023-08-27,2024-11-05,596.5,268
CUST10038,Cynthia Graham,Washington,High School,Male,64,Yes,2,2022-07-06,2023-10-01,289.65,669
CUST10420,Melissa Church,Arizona,Master,Female,64,Yes,0,2024-02-12,2024-10-24,274.56,280
CUST10147,Jay James,Colorado,PhD,Female,63,Yes,2,2024-01-26,2024-09-13,296.83,321
CUST10625,Jonathan Fernandez II,Ohio,Master,Male,72,No,3,2021-10-24,2023-03-31,277.91,853
CUST10597,Carolyn Kirk,Ohio,PhD,Female,66,Yes,1,2023-05-25,2024-12-27,301.64,216
CUST10656,William Kim,Florida,PhD,Non-Binary,25,Yes,2,2023-09-11,2024-12-13,72.51,230
CUST10825,Gary Marshall,New York,Bachelor,Non-Binary,54,No,0,2022-08-19,2022-09-27,181.92,1038
CUST10740,Alisha Miles,Arizona,PhD,Female,63,Yes,0,2023-08-22,2025-02-08,204.71,173
CUST10404,Brian Reynolds,Florida,PhD,Female,21,Yes,1,2023-11-04,2023-12-14,1340.31,595
CUST10579,Johnathan Berry,Georgia,Associate,Female,78,Yes,1,2022-05-07,2023-08-02,335.82,729
CUST10820,David Ramirez,Florida,Associate,Non-Binary,74,Yes,1,2022-03-16,2024-02-26,171.07,521
CUST10195,Barbara Hernandez,Georgia,High School,Female,39,No,1,2023-12-23,2024-09-26,464.47,308
CUST10713,Charles Travis,New York,PhD,Male,23,No,3,2023-10-08,2024-08-05,620.53,360
CUST10675,Benjamin Daniel,Washington,Bachelor,Non-Binary,19,No,0,2022-10-13,2024-09-13,579.86,321
CUST10291,Jeffrey Johnson,Arizona,Bachelor,Male,45,Yes,1,2024-03-28,2024-10-29,105.56,275
CUST10484,Jason Richardson,Texas,PhD,Female,52,Yes,1,2022-02-06,2023-01-07,507.47,936
CUST10559,Lauren White,Florida,Associate,Male,68,Yes,2,2020-09-11,2022-12-21,449.32,953
CUST10086,Perry Cooke,Florida,High School,Female,47,Yes,1,2022-11-13,2023-11-09,479.33,630
CUST10372,Jennifer Sullivan,Ohio,PhD,Female,50,No,0,2023-05-30,2024-10-15,262.96,289
CUST10599,Laura Charles,Arizona,Associate,Male,20,No,2,2022-08-30,2023-04-08,216.53,845
CUST10618,Kelly Beard,Colorado,Bachelor,Non-Binary,58,Yes,1,2021-03-17,2022-01-26,323.37,1282
CUST10863,Sara Tanner,Texas,Bachelor,Female,64,Yes,2,2024-03-08,2024-09-29,88.97,305
CUST10442,Michelle Smith,New York,High School,Female,76,No,1,2022-01-05,2022-04-12,94.82,1206
CUST10480,Anthony Brown,New York,High School,Female,77,Yes,1,2021-01-12,2023-06-20,442.85,772
CUST10123,Lauren Wilkerson,California,Associate,Non-Binary,53,Yes,1,2021-03-10,2024-03-07,227.16,511
CUST10062,Taylor Cook,Texas,Master,Male,57,No,0,2020-09-18,2023-12-24,433.26,585
CUST10699,Brandi Olson,Georgia,Master,Female,79,No,4,2020-10-02,2022-03-21,83.27,1228
CUST10550,Derrick Daniel,Colorado,Bachelor,Male,77,No,2,2022-03-07,2023-04-04,89.07,849
CUST10668,Mary Hill,California,Associate,Non-Binary,23,Yes,1,2023-12-17,2025-03-17,159.15,136
CUST10724,Mark Anderson,Georgia,High School,Non-Binary,42,No,0,2020-09-06,2022-01-04,292.57,1304
CUST10098,Madeline Gamble,Washington,Bachelor,Male,40,Yes,2,2024-04-01,2024-08-25,300.34,340
CUST10301,Chloe Morrison,Florida,Master,Female,23,Yes,3,2021-06-18,2022-12-31,455.31,943
CUST10801,Tyler Peterson,Ohio,Bachelor,Non-Binary,53,No,3,2023-10-28,2025-05-06,74.88,86
CUST10342,Melissa Johnston,Arizona,Bachelor,Female,80,No,0,2021-09-10,2024-11-15,212.71,258
CUST10332,Susan Garner,New York,Associate,Female,30,No,0,2023-11-14,2025-02-05,247.21,176
CUST10000,Chloe Sanford,Colorado,Associate,Non-Binary,77,No,1,2024-07-04,2024-08-07,212.71,358
CUST10162,Mark Erickson,Texas,Master,Female,43,Yes,2,2023-12-06,2024-05-02,354.02,455
CUST10679,Ann Rose,Arizona,Associate,Male,54,Yes,0,2022-10-04,2024-03-13,279.57,505
CUST10088,Michael Brooks,California,Bachelor,Female,20,Yes,1,2024-02-16,2025-06-04,1025.09,57
CUST10894,Jared Williamson,California,PhD,Non-Binary,60,No,1,2023-07-18,2023-12-14,151.54,595
CUST10520,Crystal Horton,Georgia,Master,Non-Binary,18,No,1,2020-11-09,2023-12-28,307.84,581
CUST10289,Sean Henson,Illinois,Associate,Male,35,Yes,0,2021-12-15,2024-11-28,142.7,245
CUST10556,Ashley Roberts,California,Associate,Non-Binary,50,No,4,2023-01-22,2024-11-01,114.17,272
CUST10552,Margaret Mcfarland,Georgia,Associate,Non-Binary,36,No,2,2024-01-20,2025-01-11,37.81,201
CUST10210,Jon Rich,Illinois,PhD,Non-Binary,34,No,3,2021-08-28,2024-04-11,468.67,476
CUST10638,Douglas Moore,Arizona,Master,Female,80,No,0,2022-02-19,2024-08-17,306.08,348
CUST10088,Michael Brooks,California,Bachelor,Female,20,Yes,1,2024-02-16,2024-12-01,321.85,242
CUST10791,Leon Austin,Texas,Bachelor,Male,40,No,1,2024-02-12,2024-05-10,412.12,447
CUST10260,Karen Kim,California,Master,Non-Binary,54,No,0,2024-03-27,2024-07-25,159.62,371
CUST10234,Chelsea Reynolds,Illinois,Master,Non-Binary,73,Yes,1,2023-07-02,2025-03-21,195.29,132
CUST10089,Alexandria Scott,Colorado,Bachelor,Male,21,Yes,2,2023-08-16,2024-03-21,433.04,497
CUST10285,Miranda Stone,Arizona,Associate,Female,45,No,2,2023-09-09,2023-11-01,439.38,638
CUST10106,Kenneth Martinez Jr.,Arizona,High School,Male,73,No,1,2024-05-29,2025-07-27,359.13,4
CUST10051,Mary Mccullough,California,Master,Male,34,No,2,2022-06-27,2023-11-16,354.58,623
CUST10092,Melissa Lee,Illinois,Bachelor,Non-Binary,24,Yes,1,2020-10-17,2023-11-04,146.05,635
CUST10595,Maria Jackson,California,Master,Female,72,No,2,2023-09-08,2024-03-16,150.68,502
CUST10739,Evelyn Buckley,Washington,Bachelor,Non-Binary,55,Yes,3,2022-05-04,2023-05-28,539.38,795
CUST10176,Phyllis Mason,California,PhD,Female,38,No,3,2021-05-02,2024-01-16,122.83,562
CUST10873,Heather Strong,Arizona,High School,Male,19,Yes,3,2022-12-14,2024-12-21,154.44,222
CUST10924,Christopher Craig,Florida,PhD,Female,23,No,1,2024-02-23,2025-05-23,252.72,69
CUST10013,Jennifer Ritter,Florida,PhD,Non-Binary,73,Yes,4,2024-02-06,2025-03-19,718.73,134
CUST10310,Luke Duffy,Illinois,PhD,Male,39,Yes,0,2021-11-26,2021-12-09,259.73,1330
CUST10601,Eric Norris,New York,Bachelor,Male,67,Yes,2,2024-02-10,2025-06-04,121.9,57
CUST10039,Nicole Sanchez,Florida,PhD,Non-Binary,65,Yes,1,2023-01-14,2023-09-25,712.8,675
CUST10891,Miss Alyssa Garcia,Washington,Master,Male,78,Yes,0,2021-07-20,2023-04-08,169.6,845
CUST10711,Tanya Moore,Arizona,PhD,Male,73,Yes,4,2023-08-30,2024-06-17,245.26,409
CUST10184,Stephen Miller,Colorado,PhD,Male,62,Yes,0,2020-08-25,2025-01-24,862.2,188
CUST10514,Kristen Eaton,New York,Associate,Male,33,Yes,1,2021-01-03,2023-10-11,307.51,659
CUST10070,Veronica Horn,Florida,Master,Female,80,No,0,2020-10-24,2024-10-02,301.06,302
CUST10352,Kevin Rowland,Texas,Associate,Female,20,No,1,2023-05-08,2024-12-07,753.4,236
CUST10985,Melanie Garcia,Florida,Master,Male,22,Yes,2,2020-08-07,2025-06-26,295.8,35
CUST10364,Douglas Sullivan DDS,Arizona,Master,Male,80,No,0,2023-01-30,2025-01-30,277.45,182
CUST10588,Joanna Howe,Washington,Bachelor,Non-Binary,47,No,1,2023-08-13,2023-08-24,225.37,707
CUST10813,Brandon Santiago,Arizona,Master,Non-Binary,42,No,0,2023-01-27,2025-01-22,507.25,190
CUST10625,Jonathan Fernandez II,Ohio,Master,Male,72,No,3,2021-10-24,2024-09-05,242.13,329
CUST10429,Steven Simmons,Florida,PhD,Male,71,Yes,1,2021-03-24,2022-06-01,173.49,1156
CUST10383,Willie Green,Colorado,PhD,Non-Binary,74,Yes,1,2022-01-22,2024-01-10,323.73,568
CUST10725,John Tyler,Arizona,Bachelor,Female,69,No,2,2023-06-18,2025-05-04,82.12,88
CUST10659,Andrew Lang,Florida,PhD,Male,58,Yes,1,2022-11-29,2025-06-16,311.32,45
CUST10292,William Jennings,Ohio,High School,Non-Binary,48,No,4,2022-04-18,2023-04-21,88.12,832
CUST10931,Cathy Brown,Florida,Bachelor,Female,21,No,0,2022-01-21,2022-04-20,259.1,1198
CUST10702,Nathan Brown,Ohio,Master,Non-Binary,18,Yes,1,2024-01-21,2025-03-29,161.73,124
CUST10473,Christopher Daniels,Georgia,Associate,Male,63,No,2,2024-05-20,2024-11-17,227.88,256
CUST10266,Robert Murphy,Ohio,Bachelor,Male,42,No,0,2020-08-27,2024-07-20,94.43,376
CUST10752,Paula Ross,Washington,Bachelor,Non-Binary,46,Yes,2,2021-04-04,2022-11-12,614.71,992
CUST10005,Cynthia Moody,Texas,Master,Female,37,Yes,0,2022-05-17,2024-06-19,1162.11,407
CUST10458,Jennifer Cook,California,Associate,Female,36,No,0,2022-08-07,2025-04-22,255.14,100
CUST10057,Shelley Austin,New York,PhD,Female,72,No,0,2020-12-18,2024-11-05,261.12,268
CUST10352,Kevin Rowland,Texas,Associate,Female,20,No,1,2023-05-08,2023-07-19,60.63,743
CUST10235,Ashley Olson,Arizona,Master,Non-Binary,48,Yes,3,2020-08-25,2023-02-14,182.16,898
CUST10474,John Graham,Washington,Bachelor,Female,73,No,2,2023-02-06,2023-10-02,509.78,668
CUST10886,Elizabeth Brown,Washington,Bachelor,Female,79,No,0,2022-09-05,2025-01-24,259.7,188
CUST10941,Natasha Walker,California,Associate,Non-Binary,40,Yes,1,2024-06-06,2024-09-28,141.37,306
CUST10011,Ian Baker,Florida,Master,Non-Binary,64,No,3,2024-01-23,2025-04-27,39.02,95
CUST10376,Cynthia Rogers,New York,High School,Male,59,Yes,1,2024-04-19,2025-04-08,377.02,114
CUST10338,Charles Davis,Arizona,Master,Female,50,Yes,3,2023-07-14,2023-09-10,95.98,690
CUST10895,William Baker,Arizona,High School,Female,63,Yes,1,2022-08-30,2023-03-16,212.4,868
CUST10159,Anthony Floyd,New York,High School,Male,58,No,4,2024-03-26,2025-05-31,284.75,61
CUST10389,Sean Smith,California,High School,Male,59,No,0,2022-08-10,2024-09-23,695.75,311
CUST10557,Shane Ross,Texas,Associate,Male,23,Yes,3,2021-03-15,2024-03-13,135.95,505
CUST10507,William Patel,California,Associate,Female,72,No,1,2022-01-14,2023-05-15,403.65,808
CUST10972,Meghan Oliver,Washington,Master,Female,41,Yes,0,2022-02-24,2022-12-16,633.12,958
CUST10020,Christopher Sparks,Florida,Bachelor,Female,31,No,0,2023-09-19,2024-09-11,421.52,323
CUST10872,Paige Rubio,Georgia,Associate,Male,51,No,0,2023-10-19,2025-03-29,588.69,124
CUST10027,Douglas Rowland,Texas,Bachelor,Male,46,Yes,2,2021-04-29,2023-06-27,653.8,765
CUST10797,Michael Cameron,Florida,Bachelor,Non-Binary,27,No,0,2021-05-26,2024-06-25,224.28,401
CUST10942,Christie Rodriguez,Washington,PhD,Female,66,No,1,2023-01-23,2023-11-06,353.04,633
CUST10836,Brandon Evans,Georgia,High School,Non-Binary,21,Yes,1,2023-03-18,2025-01-16,512.07,196
CUST10237,Tracy Salazar,California,PhD,Male,58,No,4,2022-06-30,2025-03-05,176.56,148
CUST10520,Crystal Horton,Georgia,Master,Non-Binary,18,No,1,2020-11-09,2023-07-16,224.34,746
CUST10617,Dr. Stacy Cervantes,California,Master,Male,54,No,3,2024-04-18,2024-08-01,421.88,364
CUST10392,Philip Moore,Illinois,Bachelor,Male,37,No,0,2021-01-13,2021-03-05,286.92,1609
CUST10234,Chelsea Reynolds,Illinois,Master,Non-Binary,73,Yes,1,2023-07-02,2024-06-07,729.04,419
CUST10130,Eric Nelson,Ohio,Bachelor,Female,44,Yes,1,2022-01-19,2024-08-21,310.62,344
CUST10044,Briana Burgess,Florida,High School,Male,36,Yes,4,2024-03-23,2024-12-08,682.26,235
CUST10105,Shelley King,Colorado,Bachelor,Male,65,No,2,2022-06-22,2024-01-22,548.61,556
CUST10073,Anthony Smith,California,High School,Female,20,Yes,0,2021-02-09,2024-08-26,274.9,339
CUST10845,Jennifer Khan,Washington,PhD,Female,78,Yes,1,2023-10-27,2024-04-21,335.84,466
CUST10185,Randy Buchanan,Texas,Associate,Female,70,No,3,2022-09-03,2023-03-01,116.76,883
CUST10882,Amber Watson,Arizona,High School,Non-Binary,61,No,3,2021-04-01,2023-04-08,481.15,845
CUST10521,Ms. Maria Garrett,Florida,High School,Female,23,Yes,1,2020-12-30,2023-03-24,402.71,860
CUST10806,Amanda Willis,Ohio,PhD,Non-Binary,66,Yes,4,2024-02-14,2024-10-26,95.22,278
CUST10257,Mary Wilkins,Washington,Associate,Non-Binary,41,No,0,2022-08-01,2023-05-23,217.73,800
CUST10169,Jessica Figueroa,Washington,PhD,Male,78,No,0,2023-05-24,2023-11-15,352.07,624
CUST10781,Michelle Wiley,Arizona,Master,Non-Binary,77,Yes,3,2024-07-14,2025-05-09,672.04,83
CUST10789,Chelsea Jenkins,Florida,PhD,Female,30,No,1,2022-12-11,2023-10-03,184.68,667
CUST10202,Whitney Marshall,California,Bachelor,Non-Binary,37,No,2,2020-10-28,2024-01-24,1041.73,554
CUST10973,Sherri Pearson,Illinois,Associate,Female,76,No,0,2024-02-20,2024-10-23,241.69,281
CUST10139,Julie Preston,Colorado,PhD,Non-Binary,18,Yes,3,2024-03-29,2024-05-18,296.22,439
CUST10959,Angela Huber,Arizona,PhD,Non-Binary,70,No,0,2021-10-14,2023-06-30,257.74,762
CUST10847,Rebecca Mitchell,Illinois,Bachelor,Non-Binary,42,Yes,2,2022-10-22,2023-04-12,187.04,841
CUST10228,Victor Johnston DDS,Colorado,High School,Male,47,No,4,2022-10-07,2023-05-12,130.28,811
CUST10037,Justin Evans,Georgia,High School,Female,18,Yes,1,2021-11-09,2022-06-10,822.23,1147
CUST10847,Rebecca Mitchell,Illinois,Bachelor,Non-Binary,42,Yes,2,2022-10-22,2024-07-19,816.17,377
CUST10767,Miranda Brown,Georgia,PhD,Non-Binary,78,No,0,2021-04-03,2021-04-17,133.57,1566
CUST10463,Thomas Reid,California,Associate,Non-Binary,33,No,0,2023-07-04,2024-04-18,354.17,469
CUST10802,April Davis,Arizona,Bachelor,Non-Binary,30,No,4,2023-02-06,2023-05-01,55.57,822
CUST10686,Dennis Kane,Washington,PhD,Female,75,No,3,2023-08-24,2025-01-30,436.16,182
CUST10914,Austin Sweeney,Ohio,Master,Non-Binary,56,Yes,2,2020-09-22,2023-01-15,1031.02,928
CUST10794,Whitney Nichols,Georgia,Bachelor,Female,43,No,1,2021-03-07,2022-12-11,37.34,963
CUST10263,Rodney James,Ohio,High School,Non-Binary,61,No,0,2023-11-20,2025-03-31,665.4,122
CUST10352,Kevin Rowland,Texas,Associate,Female,20,No,1,2023-05-08,2024-08-11,151.17,354
CUST10404,Brian Reynolds,Florida,PhD,Female,21,Yes,1,2023-11-04,2024-11-24,212.78,249
CUST10521,Ms. Maria Garrett,Florida,High School,Female,23,Yes,1,2020-12-30,2024-02-02,376.6,545
CUST10756,Melissa Roberts,Illinois,PhD,Male,24,No,2,2024-03-30,2024-06-10,685.93,416
CUST10476,Brad Jones,Illinois,Bachelor,Male,56,No,0,2024-01-21,2025-01-16,406.11,196
CUST10633,Cole Ward,Colorado,Master,Non-Binary,67,Yes,0,2023-11-04,2025-01-12,229.51,200
CUST10278,Brenda Conway,Arizona,Bachelor,Non-Binary,55,Yes,1,2022-12-16,2023-09-13,778.98,687
CUST10088,Michael Brooks,California,Bachelor,Female,20,Yes,1,2024-02-16,2024-07-25,420.38,371
CUST10376,Cynthia Rogers,New York,High School,Male,59,Yes,1,2024-04-19,2024-09-07,360.09,327
CUST10650,Phillip Taylor,Ohio,PhD,Non-Binary,70,Yes,1,2023-12-13,2024-12-15,117.06,228
CUST10921,Rhonda Sanchez,California,Associate,Female,44,Yes,0,2023-01-14,2023-10-09,305.9,661
CUST10014,Matthew Alvarez,Texas,High School,Non-Binary,40,No,2,2022-09-12,2023-01-07,220.14,936
CUST10924,Christopher Craig,Florida,PhD,Female,23,No,1,2024-02-23,2024-10-12,188.44,292
CUST10707,Steven Smith,Washington,Master,Non-Binary,74,No,0,2021-01-14,2023-02-27,70.82,885
CUST10283,Adam Davis,Illinois,High School,Male,51,No,0,2022-06-13,2023-05-11,493.56,812
CUST10985,Melanie Garcia,Florida,Master,Male,22,Yes,2,2020-08-07,2025-03-26,221.63,127
CUST10993,Dawn Williams,Arizona,Associate,Male,39,Yes,0,2020-10-10,2021-07-05,298.84,1487
CUST10718,Jessica Whitaker,California,Bachelor,Male,68,No,1,2022-06-02,2024-01-30,166.17,548
CUST10265,Richard Sims,Arizona,Master,Male,50,No,4,2022-12-08,2025-03-30,242.56,123
CUST10704,Sharon Cox,Ohio,High School,Non-Binary,37,No,1,2022-02-28,2022-09-04,426.42,1061
CUST10169,Jessica Figueroa,Washington,PhD,Male,78,No,0,2023-05-24,2025-07-28,566.46,3
CUST10267,Melissa Marshall,Arizona,Associate,Non-Binary,57,Yes,1,2023-04-03,2023-12-15,899.71,594
CUST10293,Susan Davis,Illinois,Master,Male,45,Yes,2,2021-09-22,2024-11-07,287.12,266
CUST10244,Patricia Garrison,Florida,High School,Female,57,No,2,2024-01-25,2024-08-05,236.1,360
CUST10772,Dorothy Fox,California,High School,Non-Binary,50,Yes,0,2022-01-28,2023-04-26,418.86,827
CUST10228,Victor Johnston DDS,Colorado,High School,Male,47,No,4,2022-10-07,2023-08-12,258.08,719
CUST10938,John Price,California,PhD,Male,44,No,2,2020-08-31,2023-09-26,219.21,674
CUST10272,Ray Lopez,Arizona,Master,Female,24,No,2,2022-10-23,2023-03-23,904.41,861
CUST10373,James White,Washington,Associate,Non-Binary,69,Yes,0,2021-03-08,2023-12-16,88.64,593
CUST10174,Michael Velazquez,Texas,Bachelor,Non-Binary,40,No,2,2022-10-23,2023-10-22,114.85,648
CUST10099,Danielle Huffman,New York,High School,Non-Binary,18,No,2,2021-12-09,2025-07-18,593.97,13
CUST10798,Sharon Schneider,Washington,High School,Non-Binary,45,No,2,2021-04-30,2023-08-12,134.73,719
CUST10058,Jennifer Anderson MD,Florida,PhD,Non-Binary,49,No,3,2021-10-20,2024-07-12,80.95,384
CUST10838,Derek Salinas,Ohio,Associate,Non-Binary,62,Yes,1,2021-12-06,2024-09-01,337.93,333
CUST10941,Natasha Walker,California,Associate,Non-Binary,40,Yes,1,2024-06-06,2025-06-06,459.47,55
CUST10723,Ann Brown,New York,High School,Non-Binary,66,Yes,2,2024-04-20,2024-09-10,202.48,324
CUST10673,Michael Wilson,Georgia,PhD,Non-Binary,78,Yes,3,2021-03-23,2023-08-02,448.31,729
CUST10696,Cheryl Payne,Ohio,Associate,Non-Binary,38,No,1,2023-09-07,2024-03-11,124.44,507
CUST10519,Angela Smith,Georgia,Associate,Male,25,No,0,2023-09-23,2025-07-11,529.52,20
CUST10848,Brandon Phillips,Washington,Bachelor,Male,55,No,4,2023-03-02,2025-03-22,61.31,131
CUST10196,Kristin Pearson,Colorado,Master,Non-Binary,64,No,1,2022-11-30,2024-07-08,160.05,388
CUST10244,Patricia Garrison,Florida,High School,Female,57,No,2,2024-01-25,2024-10-14,209.25,290
CUST10321,Micheal Davis,Texas,High School,Female,39,Yes,3,2023-12-30,2024-12-08,35.61,235
CUST10822,Laura Roy,Georgia,High School,Male,23,No,2,2024-06-16,2024-12-09,324.7,234
CUST10284,Diane Bowen,California,Associate,Non-Binary,20,No,1,2024-06-26,2025-01-10,182.41,202
CUST10187,Craig Eaton,New York,Master,Non-Binary,66,Yes,0,2022-11-24,2024-01-16,84.47,562
CUST10657,David Woods,Georgia,Associate,Non-Binary,76,No,0,2023-08-27,2023-12-01,141.16,608
CUST10883,Susan Larson,Texas,PhD,Female,58,No,0,2022-01-06,2022-02-23,308.6,1254
CUST10044,Briana Burgess,Florida,High School,Male,36,Yes,4,2024-03-23,2024-04-21,315.57,466
CUST10858,Lisa Wong,Arizona,Master,Female,75,Yes,2,2021-02-19,2021-11-30,273.14,1339
CUST10285,Miranda Stone,Arizona,Associate,Female,45,No,2,2023-09-09,2024-08-28,247.66,337
CUST10925,Dr. Joshua Patel,Arizona,PhD,Female,53,Yes,0,2022-11-10,2023-01-11,336.94,932
CUST10188,Jennifer Hart,Washington,Bachelor,Non-Binary,44,Yes,0,2024-04-27,2025-05-14,47.86,78
CUST10270,Stephen Rodriguez,Colorado,Associate,Female,42,Yes,0,2020-12-12,2021-02-15,285.58,1627
CUST10189,Madison Watts,California,PhD,Non-Binary,19,Yes,2,2021-04-29,2022-06-21,390.31,1136
CUST10705,Sarah Hodge,California,Bachelor,Female,25,No,2,2023-10-07,2024-01-09,833.06,569
CUST10047,Joseph Jones,New York,Bachelor,Female,75,Yes,1,2022-07-29,2024-04-12,97.17,475
CUST10185,Randy Buchanan,Texas,Associate,Female,70,No,3,2022-09-03,2023-08-26,89.98,705
CUST10654,Austin Schultz,Colorado,Bachelor,Non-Binary,59,Yes,2,2021-03-22,2023-01-21,27.15,922
CUST10555,Andrew Watson,California,PhD,Female,64,No,0,2022-09-10,2024-09-09,564.99,325
CUST10079,Amber Moreno,Florida,Bachelor,Male,46,No,3,2023-08-11,2024-06-29,344.33,397
CUST10920,Barbara Jackson,Arizona,Master,Female,70,No,1,2021-05-17,2023-12-03,665.52,606
CUST10451,Dominique Hughes,New York,High School,Female,26,No,2,2024-03-27,2025-04-28,675.84,94
CUST10503,Laurie Hall,Illinois,High School,Female,27,No,0,2021-08-05,2022-05-18,347.55,1170
CUST10608,David Deleon,Washington,High School,Male,42,Yes,0,2023-08-27,2023-11-13,128.55,626
CUST10292,William Jennings,Ohio,High School,Non-Binary,48,No,4,2022-04-18,2024-12-12,284.17,231
CUST10812,Alison Stanley,New York,Master,Non-Binary,45,No,2,2021-02-15,2025-02-08,473.97,173
CUST10746,Tonya Gross,Texas,PhD,Male,30,Yes,1,2021-09-06,2022-07-31,196.3,1096
CUST10885,Cody Pierce,New York,Bachelor,Male,36,Yes,1,2023-03-28,2024-01-14,127.09,564
CUST10990,Peter Kemp,California,High School,Non-Binary,29,Yes,2,2022-11-20,2025-03-25,142.72,128
CUST10651,Joanna Sullivan,Georgia,Master,Female,61,No,1,2022-03-08,2025-05-04,336.17,88
CUST10725,John Tyler,Arizona,Bachelor,Female,69,No,2,2023-06-18,2025-07-29,191.42,2
CUST10246,Michael Wilson,New York,High School,Non-Binary,78,No,1,2023-12-29,2024-12-09,795.48,234
CUST10424,John Anderson,Washington,Associate,Non-Binary,18,No,0,2024-04-24,2024-08-21,126.12,344
CUST10783,Patrick Douglas,Colorado,Master,Male,76,No,1,2022-01-04,2025-04-26,467.95,96
CUST10278,Brenda Conway,Arizona,Bachelor,Non-Binary,55,Yes,1,2022-12-16,2025-06-22,226.21,39
CUST10987,Victoria Wolf,Ohio,PhD,Male,22,Yes,4,2024-04-07,2025-04-11,307.28,111
CUST10841,Stephen Cooke,Texas,PhD,Female,55,Yes,2,2022-05-25,2022-06-28,30.74,1129
CUST10653,Angelica Martinez,Arizona,PhD,Non-Binary,80,No,0,2022-05-28,2025-02-20,312.73,161
CUST10259,Nicholas Carter,Texas,High School,Non-Binary,32,Yes,3,2023-03-31,2024-07-16,102.54,380
CUST10045,Amanda Berg,Illinois,Bachelor,Male,28,No,2,2023-02-23,2023-05-20,381.52,803
CUST10512,Sean Butler,Illinois,Bachelor,Male,73,Yes,3,2022-02-10,2022-09-23,191.17,1042
CUST10145,Miranda Velazquez,Ohio,Master,Non-Binary,47,Yes,0,2024-05-02,2025-06-23,474.12,38
CUST10588,Joanna Howe,Washington,Bachelor,Non-Binary,47,No,1,2023-08-13,2024-08-22,57.09,343
CUST10209,Richard Brown,New York,High School,Male,71,Yes,2,2023-04-06,2025-03-02,394.04,151
CUST10366,Sherri Webster,California,Bachelor,Male,80,Yes,2,2022-05-29,2023-12-18,362.77,591
CUST10540,Michael Rose,Georgia,Master,Non-Binary,21,No,0,2021-12-29,2023-08-17,627.23,714
CUST10655,Tammy Stevens,Illinois,PhD,Female,80,No,0,2022-03-10,2023-12-10,135.99,599
CUST10667,David Martinez,Arizona,Master,Female,63,No,0,2021-07-14,2022-10-26,571.48,1009
CUST10527,Jessica Green,California,Associate,Male,64,No,1,2021-09-29,2025-04-20,177.22,102
CUST10609,Joseph Wallace,Washington,Bachelor,Male,45,No,3,2020-12-28,2023-06-08,187.05,784
CUST10798,Sharon Schneider,Washington,High School,Non-Binary,45,No,2,2021-04-30,2023-12-05,215.31,604
CUST10782,Keith Alvarez,Illinois,Associate,Non-Binary,51,No,0,2022-07-27,2023-12-03,208.88,606
CUST10098,Madeline Gamble,Washington,Bachelor,Male,40,Yes,2,2024-04-01,2024-08-30,147.82,335
CUST10982,Annette Martin,New York,Master,Female,66,Yes,4,2021-05-12,2025-06-21,128.56,40
CUST10676,Ricardo Flores,Colorado,High School,Male,80,No,0,2022-08-05,2023-02-05,452.94,907
CUST10145,Miranda Velazquez,Ohio,Master,Non-Binary,47,Yes,0,2024-05-02,2025-01-02,85.94,210
CUST10391,Melissa Patrick,Florida,PhD,Non-Binary,76,No,2,2021-06-08,2022-05-19,105.13,1169
CUST10607,Adrienne Thomas,Georgia,Bachelor,Male,24,Yes,1,2023-08-01,2025-04-04,347.1,118
CUST10800,Michael Tate,Colorado,Associate,Male,39,Yes,0,2023-10-30,2025-01-29,220.9,183
CUST10105,Shelley King,Colorado,Bachelor,Male,65,No,2,2022-06-22,2025-07-27,562.84,4
CUST10780,James Ellis,Ohio,PhD,Male,77,No,2,2022-04-01,2022-06-14,301.47,1143
CUST10091,Sherry Whitney,Florida,PhD,Male,75,Yes,1,2022-12-05,2023-09-28,119.89,672
CUST10165,Ashley Kim,Illinois,Master,Non-Binary,32,Yes,0,2021-09-25,2021-12-05,104.98,1334
CUST10554,Danielle Davis,Georgia,Bachelor,Non-Binary,41,Yes,3,2022-04-15,2023-08-20,1032.05,711
CUST10468,Parker Lewis,Texas,PhD,Female,40,No,1,2021-07-23,2022-07-16,298.8,1111
CUST10032,Stephanie Morales,California,Bachelor,Non-Binary,63,Yes,4,2020-10-22,2025-03-16,138.31,137
CUST10415,Vincent Spencer,Texas,Bachelor,Non-Binary,43,Yes,0,2024-02-03,2024-04-21,245.32,466
CUST10284,Diane Bowen,California,Associate,Non-Binary,20,No,1,2024-06-26,2024-09-01,81.58,333
CUST10924,Christopher Craig,Florida,PhD,Female,23,No,1,2024-02-23,2024-10-20,178.06,284
CUST10871,Jessica Lee,California,Associate,Non-Binary,42,No,2,2022-10-16,2023-08-18,147.98,713
CUST10111,Samantha Patton,Florida,Master,Male,42,No,2,2021-04-23,2024-09-03,297.93,331
CUST10612,Sophia Harrell,Georgia,High School,Male,30,No,0,2023-11-29,2024-10-27,85.91,277
CUST10662,Pamela Mckinney,Colorado,High School,Non-Binary,20,Yes,2,2024-02-10,2025-07-24,611.04,7
CUST10477,Caleb Perry,Ohio,High School,Female,63,No,0,2022-12-27,2025-05-26,144.57,66
CUST10364,Douglas Sullivan DDS,Arizona,Master,Male,80,No,0,2023-01-30,2024-11-12,860.88,261
CUST10006,Jeffrey Torres,Colorado,Bachelor,Non-Binary,72,No,1,2021-01-18,2024-12-23,370.13,220
CUST10381,Jeffrey Cook,Arizona,Master,Female,21,No,1,2021-06-16,2022-11-12,537.88,992
CUST10950,Monica Smith,Washington,Bachelor,Female,55,Yes,3,2022-07-17,2024-11-13,179.02,260
CUST10719,Christopher Williams,Ohio,High School,Female,49,Yes,2,2023-09-14,2025-01-12,289.48,200
CUST10873,Heather Strong,Arizona,High School,Male,19,Yes,3,2022-12-14,2024-03-03,356.61,515
CUST10680,Samantha Johnson,Texas,PhD,Male,80,Yes,0,2022-10-05,2025-04-03,992.38,119
CUST10432,Tina Elliott,Washington,Master,Female,49,No,1,2024-05-19,2024-12-01,209.35,242
CUST10158,Heather Brown,New York,Bachelor,Male,21,Yes,2,2021-12-06,2024-07-12,221.06,384
CUST10328,Ariel Love,California,Master,Female,79,No,0,2024-07-24,2024-09-18,107.35,316
CUST10818,Melissa Hernandez,Ohio,High School,Female,56,No,1,2021-04-25,2023-05-01,652.32,822
CUST10110,Christopher Mccormick,New York,Associate,Male,48,Yes,2,2022-12-10,2025-07-02,434.12,29
CUST10289,Sean Henson,Illinois,Associate,Male,35,Yes,0,2021-12-15,2025-07-06,632.04,25
CUST10079,Amber Moreno,Florida,Bachelor,Male,46,No,3,2023-08-11,2024-10-27,1496.79,277
CUST10698,Nathan Long,Colorado,PhD,Male,65,No,2,2024-01-15,2024-10-12,535.51,292
CUST10867,Alexander Koch,Georgia,Bachelor,Male,53,No,4,2022-12-10,2024-02-21,373.35,526
CUST10586,Robert Peck,California,PhD,Female,68,No,2,2021-09-03,2022-08-30,520.07,1066
CUST10664,Kathleen Bailey,California,High School,Male,25,No,2,2022-12-06,2023-09-12,748.05,688
CUST10270,Stephen Rodriguez,Colorado,Associate,Female,42,Yes,0,2020-12-12,2023-05-09,528.02,814
CUST10900,Larry Long,Ohio,Associate,Male,41,No,0,2023-09-02,2024-03-17,622.26,501
CUST10186,John Marshall,Texas,Associate,Male,80,Yes,1,2023-04-01,2024-10-24,113.73,280
CUST10802,April Davis,Arizona,Bachelor,Non-Binary,30,No,4,2023-02-06,2023-11-16,394.61,623
CUST10206,Michelle Schmidt,Ohio,Associate,Female,67,Yes,0,2020-11-29,2021-08-25,140.44,1436
CUST10852,Gary Coleman,Georgia,Master,Male,58,No,0,2022-12-28,2023-03-14,447.3,870
CUST10240,Travis Herring,Colorado,High School,Non-Binary,34,Yes,0,2024-07-02,2025-05-27,621.9,65
CUST10429,Steven Simmons,Florida,PhD,Male,71,Yes,1,2021-03-24,2022-01-15,348.79,1293
CUST10396,Jessica Wang,Florida,PhD,Male,29,No,2,2021-03-29,2024-07-29,579.82,367
CUST10199,David Nguyen,Colorado,Associate,Female,70,Yes,1,2023-09-10,2025-03-13,318.84,140
CUST10476,Brad Jones,Illinois,Bachelor,Male,56,No,0,2024-01-21,2025-04-22,324.51,100
CUST10504,Neil Wilson,Colorado,Bachelor,Female,29,Yes,2,2020-12-17,2021-10-13,548.52,1387
CUST10253,Mrs. Lisa Jennings DDS,Illinois,Master,Male,61,Yes,0,2022-03-25,2022-03-28,171.91,1221
CUST10443,Andrew Thomas,Illinois,Master,Male,61,Yes,2,2021-10-24,2023-09-16,356.92,684
CUST10038,Cynthia Graham,Washington,High School,Male,64,Yes,2,2022-07-06,2022-09-14,329.71,1051
CUST10893,Jeff Miller,California,High School,Male,26,Yes,3,2022-09-11,2024-10-21,273.89,283
CUST10869,Olivia Ramirez,New York,Bachelor,Male,61,No,1,2020-09-02,2022-01-01,269.44,1307
CUST10425,Scott Thompson,Washington,High School,Female,53,No,1,2021-06-20,2023-06-09,125.55,783
CUST10846,Donna Carlson,Georgia,Master,Female,50,Yes,1,2022-01-12,2022-09-29,151.64,1036
CUST10175,David Russell,New York,PhD,Male,29,Yes,0,2023-02-08,2023-09-07,372.46,693
CUST10712,Matthew Keller,Washington,Bachelor,Female,42,Yes,3,2021-01-05,2025-07-20,91.31,11
CUST10504,Neil Wilson,Colorado,Bachelor,Female,29,Yes,2,2020-12-17,2022-10-01,713.69,1034
CUST10217,Sara Patton MD,Georgia,Master,Male,49,Yes,3,2021-07-28,2025-03-15,263.2,138
CUST10180,Julia Dennis,Washington,PhD,Non-Binary,45,No,0,2021-03-02,2024-06-02,251.32,424
CUST10219,Karen Johns,Texas,High School,Female,28,Yes,1,2021-12-06,2022-06-05,409.94,1152
CUST10213,Vicki Massey,Arizona,PhD,Non-Binary,25,No,0,2022-08-12,2023-04-06,278.66,847
CUST10440,Linda Merritt,Colorado,Master,Non-Binary,40,Yes,1,2022-04-19,2024-11-24,283.45,249
CUST10990,Peter Kemp,California,High School,Non-Binary,29,Yes,2,2022-11-20,2023-02-18,1067.01,894
CUST10336,Garrett Sanders,Florida,Master,Non-Binary,69,No,3,2021-10-17,2024-11-18,524.32,255
CUST10011,Ian Baker,Florida,Master,Non-Binary,64,No,3,2024-01-23,2024-06-07,987.94,419
CUST10031,Albert Anderson,New York,High School,Non-Binary,39,No,1,2022-01-17,2024-05-14,485.64,443
CUST10840,Amy Moore,Illinois,High School,Non-Binary,53,Yes,1,2023-11-25,2025-05-20,190.07,72
CUST10784,Connie Page,Georgia,High School,Female,51,No,0,2023-10-30,2025-06-27,234.74,34
CUST10014,Matthew Alvarez,Texas,High School,Non-Binary,40,No,2,2022-09-12,2024-04-16,349.87,471
CUST10973,Sherri Pearson,Illinois,Associate,Female,76,No,0,2024-02-20,2025-06-23,461.24,38
CUST10324,Stephanie Austin,Arizona,High School,Non-Binary,70,No,1,2020-10-24,2023-07-17,341.47,745
CUST10722,Jerry Castaneda,California,Associate,Female,29,No,1,2023-08-24,2023-12-31,163.66,578
CUST10639,Mike Crawford,Colorado,PhD,Male,42,Yes,1,2024-07-02,2024-09-06,317.9,328
CUST10215,Daniel Bishop,Washington,Master,Non-Binary,40,No,2,2021-01-25,2021-03-29,200.8,1585
CUST10207,Audrey Jones,Washington,High School,Non-Binary,60,No,1,2020-12-26,2025-02-25,200.13,156
CUST10536,Stephanie Munoz,California,Bachelor,Female,59,Yes,0,2020-08-28,2023-10-05,802.0,665
CUST10845,Jennifer Khan,Washington,PhD,Female,78,Yes,1,2023-10-27,2025-03-07,399.83,146
CUST10647,Jennifer Acevedo,New York,Bachelor,Female,19,Yes,2,2021-03-18,2024-09-15,38.77,319
CUST10825,Gary Marshall,New York,Bachelor,Non-Binary,54,No,0,2022-08-19,2022-11-15,111.32,989
CUST10807,Matthew Hopkins,Illinois,Bachelor,Male,43,No,0,2021-06-19,2024-10-07,110.58,297
CUST10135,Deanna Payne,Ohio,Associate,Female,51,Yes,0,2023-11-11,2025-03-22,224.73,131
CUST10846,Donna Carlson,Georgia,Master,Female,50,Yes,1,2022-01-12,2025-06-25,41.39,36
CUST10813,Brandon Santiago,Arizona,Master,Non-Binary,42,No,0,2023-01-27,2024-09-03,276.47,331
CUST10336,Garrett Sanders,Florida,Master,Non-Binary,69,No,3,2021-10-17,2025-05-23,412.07,69
CUST10590,Nicholas Gilmore,Ohio,Master,Non-Binary,37,No,0,2021-09-24,2022-07-28,363.19,1099
CUST10880,Aaron Weber,Georgia,Associate,Male,22,Yes,2,2022-05-08,2025-07-25,301.87,6
CUST10452,Timothy Robertson,Ohio,High School,Non-Binary,51,Yes,0,2024-06-04,2024-08-31,252.0,334
CUST10339,Denise Thompson,Colorado,Associate,Non-Binary,68,No,3,2022-05-15,2025-01-04,293.13,208
CUST10633,Cole Ward,Colorado,Master,Non-Binary,67,Yes,0,2023-11-04,2023-12-02,861.07,607
CUST10674,Robert Turner,Ohio,Associate,Female,78,No,1,2021-10-06,2024-09-01,384.7,333
CUST10726,Mary King,Arizona,High School,Female,55,No,1,2020-11-12,2023-08-19,558.25,712
CUST10509,Andrew Griffith,Washington,PhD,Male,32,No,0,2023-08-20,2024-09-13,73.34,321
CUST10994,Misty Davis,Colorado,Master,Non-Binary,36,Yes,3,2023-01-06,2024-06-24,124.82,402
CUST10011,Ian Baker,Florida,Master,Non-Binary,64,No,3,2024-01-23,2024-08-14,162.37,351
CUST10497,Elizabeth Mcbride,Washington,Associate,Male,32,No,1,2023-05-18,2024-04-05,34.39,482
CUST10267,Melissa Marshall,Arizona,Associate,Non-Binary,57,Yes,1,2023-04-03,2025-02-11,101.69,170
CUST10178,Ryan Diaz,Florida,Master,Female,18,Yes,3,2021-07-03,2023-04-21,103.26,832
CUST10307,Jennifer Wheeler,Ohio,Bachelor,Female,20,Yes,1,2021-10-13,2021-11-29,967.12,1340
CUST10464,Edwin Woodward,Colorado,Master,Non-Binary,40,No,0,2022-11-07,2023-11-24,222.4,615
CUST10459,Michael Williams,Ohio,High School,Non-Binary,43,No,2,2022-07-21,2022-08-30,165.02,1066
CUST10774,Brad Guzman,Texas,Associate,Female,43,Yes,2,2021-05-15,2021-08-15,316.42,1446
CUST10005,Cynthia Moody,Texas,Master,Female,37,Yes,0,2022-05-17,2023-07-27,37.68,735
CUST10622,Andre Dennis,Illinois,Bachelor,Male,34,Yes,0,2022-09-17,2023-05-19,231.35,804
CUST10218,Jason Austin,Ohio,PhD,Female,67,Yes,1,2023-03-02,2024-05-04,351.97,453
CUST10289,Sean Henson,Illinois,Associate,Male,35,Yes,0,2021-12-15,2023-11-08,95.28,631
CUST10492,Frank Wyatt,New York,PhD,Non-Binary,55,No,3,2022-11-21,2025-02-20,254.72,161
CUST10214,Philip Taylor,California,High School,Male,46,No,1,2022-11-02,2024-04-19,138.47,468
CUST10529,David Flores,Ohio,Associate,Female,64,No,3,2024-02-03,2025-03-31,174.83,122
CUST10914,Austin Sweeney,Ohio,Master,Non-Binary,56,Yes,2,2020-09-22,2021-01-23,250.07,1650
CUST10733,Jean Reed,Florida,Associate,Male,68,Yes,4,2023-07-27,2025-05-31,209.13,61
CUST10074,James Garcia DDS,Florida,Master,Male,58,Yes,1,2022-05-14,2025-05-03,510.54,89
CUST10969,Victor Johnson,Texas,PhD,Non-Binary,56,Yes,4,2022-03-11,2023-02-27,473.08,885
CUST10015,Kayla Oneill,Texas,PhD,Non-Binary,69,No,2,2021-05-07,2022-11-05,371.82,999
CUST10112,Jasmin Duarte,Texas,High School,Non-Binary,19,No,0,2022-09-21,2023-08-03,65.38,728
CUST10329,Gary Campbell,California,PhD,Male,43,No,1,2024-03-14,2025-04-28,352.23,94
CUST10894,Jared Williamson,California,PhD,Non-Binary,60,No,1,2023-07-18,2025-05-30,515.59,62
CUST10926,Amy Smith,Colorado,PhD,Female,36,No,1,2023-07-27,2023-10-19,500.85,651
CUST10255,Paul Smith,Florida,Master,Non-Binary,38,No,0,2022-03-20,2023-07-14,399.42,748
CUST10506,Nicholas Hurley,Arizona,Associate,Non-Binary,78,Yes,0,2022-03-19,2024-10-09,469.87,295
CUST10598,April Edwards,Georgia,Associate,Female,35,No,1,2023-09-18,2023-11-20,384.01,619
CUST10979,Carol Paul,Illinois,PhD,Female,55,Yes,1,2022-03-05,2025-05-22,311.26,70
CUST10979,Carol Paul,Illinois,PhD,Female,55,Yes,1,2022-03-05,2023-01-19,397.16,924
CUST10203,Kim Bennett,Florida,High School,Female,43,No,0,2021-03-25,2021-06-18,382.09,1504
CUST10254,Dean Wright,Florida,PhD,Male,80,No,0,2021-05-30,2021-09-22,312.43,1408
CUST10810,Richard Bailey,Illinois,High School,Non-Binary,77,Yes,0,2023-01-08,2023-12-24,506.74,585
CUST10764,Cassie Morgan,Florida,Bachelor,Non-Binary,67,Yes,1,2024-07-14,2025-01-25,360.53,187
CUST10724,Mark Anderson,Georgia,High School,Non-Binary,42,No,0,2020-09-06,2020-10-13,90.6,1752
CUST10419,Gina Klein,Arizona,Bachelor,Male,36,No,2,2020-11-28,2022-02-12,858.48,1265
CUST10841,Stephen Cooke,Texas,PhD,Female,55,Yes,2,2022-05-25,2024-08-04,398.39,361
CUST10314,Yolanda Wilson,Texas,Bachelor,Male,71,Yes,1,2022-03-25,2022-08-05,582.6,1091
CUST10404,Brian Reynolds,Florida,PhD,Female,21,Yes,1,2023-11-04,2024-04-22,426.56,465
CUST10190,John Wilson,California,PhD,Non-Binary,68,Yes,0,2024-05-06,2024-07-23,188.55,373
CUST10141,Paul Mcdaniel,Arizona,High School,Male,49,No,3,2023-03-14,2023-06-13,128.24,779
CUST10392,Philip Moore,Illinois,Bachelor,Male,37,No,0,2021-01-13,2024-06-04,204.36,422
CUST10592,Suzanne Mclaughlin,Florida,High School,Female,57,No,0,2022-01-02,2024-03-09,209.9,509
CUST10641,Joshua Mccormick,Texas,PhD,Male,52,No,3,2022-12-15,2025-07-21,243.13,10
CUST10986,Catherine Choi,Texas,PhD,Female,40,No,2,2022-05-23,2024-11-14,499.91,259
CUST10701,Megan Garrett,Georgia,Associate,Non-Binary,80,Yes,1,2022-05-12,2022-07-20,705.1,1107
CUST10487,Theresa Crawford,Georgia,PhD,Male,18,Yes,1,2023-11-04,2024-01-31,62.28,547
CUST10794,Whitney Nichols,Georgia,Bachelor,Female,43,No,1,2021-03-07,2024-12-07,9.19,236
CUST10439,Mrs. Traci Hernandez,Georgia,Master,Male,77,Yes,2,2023-10-17,2023-10-19,347.57,651
CUST10588,Joanna Howe,Washington,Bachelor,Non-Binary,47,No,1,2023-08-13,2024-10-06,283.9,298
CUST10824,Megan Perry,Illinois,High School,Non-Binary,74,Yes,2,2020-09-11,2022-05-02,627.71,1186
CUST10666,Matthew Lopez,Illinois,Master,Female,43,No,1,2023-12-27,2025-05-31,584.02,61
CUST10180,Julia Dennis,Washington,PhD,Non-Binary,45,No,0,2021-03-02,2023-05-13,316.75,810
CUST10907,Matthew Graham,Ohio,PhD,Female,31,No,2,2021-02-26,2024-04-07,11.03,480
CUST10697,John Butler,Ohio,High School,Non-Binary,25,Yes,3,2022-12-25,2023-08-10,529.14,721
CUST10524,Cassie Ray,California,Bachelor,Non-Binary,46,No,0,2024-06-25,2025-01-23,81.34,189
CUST10239,Paul Davis,New York,Bachelor,Female,72,Yes,1,2021-04-24,2025-05-06,335.23,86
CUST10447,Emily Conner,Florida,High School,Male,76,No,2,2022-06-14,2023-11-30,585.96,609
CUST10617,Dr. Stacy Cervantes,California,Master,Male,54,No,3,2024-04-18,2025-01-05,697.99,207
CUST10968,Bradley Blake,Ohio,PhD,Non-Binary,73,Yes,4,2023-07-07,2023-10-19,295.77,651
CUST10523,Angela Allen,California,Associate,Female,46,No,0,2020-09-21,2021-03-03,212.94,1611
CUST10944,Elizabeth Burton,Georgia,Bachelor,Male,65,No,0,2022-01-21,2024-09-13,325.04,321
CUST10367,Daniel Thompson,Illinois,High School,Male,38,No,3,2023-03-26,2025-03-28,172.86,125
CUST10279,Anthony Mcdonald,Georgia,Bachelor,Male,42,No,0,2021-04-07,2022-09-15,326.73,1050
CUST10416,Robin Baker,California,Associate,Female,40,Yes,1,2023-07-10,2025-05-04,114.54,88
CUST10881,Charles Roach,Illinois,Master,Non-Binary,63,Yes,2,2024-01-24,2024-08-18,326.21,347
CUST10901,Matthew Miller,Ohio,High School,Male,23,No,2,2022-02-09,2024-01-09,1063.36,569
CUST10855,Samantha Burns,Florida,Bachelor,Female,79,No,2,2020-10-18,2022-09-22,175.92,1043
CUST10413,Sarah Nelson,Georgia,Master,Male,20,Yes,1,2020-12-14,2025-04-18,496.17,104
CUST10894,Jared Williamson,California,PhD,Non-Binary,60,No,1,2023-07-18,2024-03-05,106.24,513
CUST10815,Carol Peterson MD,Washington,Master,Non-Binary,46,Yes,3,2024-06-17,2025-07-30,648.63,1
CUST10146,Beverly Webb,Georgia,Master,Female,78,No,2,2023-09-06,2024-08-02,987.8,363
CUST10429,Steven Simmons,Florida,PhD,Male,71,Yes,1,2021-03-24,2023-01-25,129.06,918
CUST10458,Jennifer Cook,California,Associate,Female,36,No,0,2022-08-07,2025-03-19,100.7,134
CUST10841,Stephen Cooke,Texas,PhD,Female,55,Yes,2,2022-05-25,2022-06-10,200.89,1147
CUST10562,Dustin Bell,Florida,High School,Male,19,Yes,1,2024-04-12,2025-07-27,210.8,4
CUST10331,Tiffany Washington,Ohio,High School,Male,36,Yes,0,2021-05-08,2021-10-25,148.1,1375
CUST10645,Scott Daniels,Ohio,Bachelor,Female,41,Yes,2,2023-05-24,2023-06-15,443.47,777
CUST10701,Megan Garrett,Georgia,Associate,Non-Binary,80,Yes,1,2022-05-12,2023-06-20,488.72,772
CUST10280,Gina May,Florida,Master,Female,36,Yes,0,2024-07-23,2025-03-09,665.27,144
CUST10373,James White,Washington,Associate,Non-Binary,69,Yes,0,2021-03-08,2024-07-04,486.53,392
CUST10571,Frederick Chandler,New York,High School,Male,73,No,0,2021-07-13,2023-07-10,166.32,752
CUST10621,Michelle Munoz,Georgia,Bachelor,Female,25,No,2,2024-04-11,2024-12-28,37.29,215
CUST10281,Kayla Estes,Washington,Master,Non-Binary,76,Yes,2,2024-07-10,2025-04-25,387.52,97
CUST10553,Matthew Levy,Ohio,Master,Male,28,No,2,2022-12-02,2025-02-21,382.65,160
CUST10139,Julie Preston,Colorado,PhD,Non-Binary,18,Yes,3,2024-03-29,2025-03-17,416.43,136
CUST10364,Douglas Sullivan DDS,Arizona,Master,Male,80,No,0,2023-01-30,2023-06-05,340.48,787
CUST10666,Matthew Lopez,Illinois,Master,Female,43,No,1,2023-12-27,2025-07-24,340.89,7
CUST10194,Frank Fletcher,Washington,High School,Non-Binary,61,No,0,2023-06-05,2025-05-05,252.32,87
CUST10279,Anthony Mcdonald,Georgia,Bachelor,Male,42,No,0,2021-04-07,2024-11-21,79.35,252
CUST10908,Adam Ellison,Washington,High School,Female,77,Yes,1,2021-07-12,2022-05-18,35.44,1170
CUST10016,Melinda Smith,Florida,Associate,Male,65,No,4,2020-12-07,2024-06-19,295.66,407
CUST10649,Michael Bailey,Florida,PhD,Female,79,No,0,2023-06-18,2025-05-28,277.4,64
CUST10100,Timothy Cook,Georgia,High School,Female,39,Yes,1,2024-07-28,2025-03-06,156.24,147
CUST10289,Sean Henson,Illinois,Associate,Male,35,Yes,0,2021-12-15,2022-01-23,126.65,1285
CUST10808,Mr. Dillon Gross,Washington,Bachelor,Female,45,No,0,2021-11-12,2022-08-04,111.06,1092
CUST10779,Tiffany Clements,Arizona,Master,Male,71,No,1,2021-07-23,2023-02-06,245.67,906
CUST10514,Kristen Eaton,New York,Associate,Male,33,Yes,1,2021-01-03,2023-09-07,695.79,693
CUST10394,Stuart Young,California,Bachelor,Female,33,No,1,2021-02-10,2021-11-16,844.65,1353
CUST10365,Yesenia Johnson,Illinois,Bachelor,Non-Binary,27,Yes,0,2023-04-21,2024-10-28,190.27,276
CUST10780,James Ellis,Ohio,PhD,Male,77,No,2,2022-04-01,2022-04-27,586.99,1191
CUST10467,Kaitlyn Hudson,New York,PhD,Female,55,No,2,2022-07-11,2024-03-18,817.9,500
CUST10861,Angela Johnson,California,High School,Non-Binary,32,No,0,2023-11-16,2024-12-29,165.63,214
CUST10362,Mark Hernandez,Ohio,PhD,Female,62,No,0,2021-06-17,2022-12-09,327.84,965
CUST10404,Brian Reynolds,Florida,PhD,Female,21,Yes,1,2023-11-04,2024-03-09,173.04,509
CUST10576,Laura Miller,Texas,PhD,Female,29,No,3,2023-05-18,2024-08-11,176.55,354
CUST10204,Jacob Perkins,Colorado,Bachelor,Male,47,Yes,3,2023-04-26,2024-08-01,199.59,364
CUST10924,Christopher Craig,Florida,PhD,Female,23,No,1,2024-02-23,2025-06-10,268.58,51
CUST10198,Joseph Wilson,Florida,Associate,Male,38,No,0,2020-10-06,2025-07-24,243.06,7
CUST10108,Luke Mason,Florida,Bachelor,Non-Binary,64,Yes,1,2023-10-04,2024-06-19,423.1,407
CUST10721,Mark Watkins,Arizona,High School,Non-Binary,54,Yes,1,2023-02-26,2025-03-17,226.53,136
CUST10304,Adrian Gallagher,Washington,Master,Non-Binary,58,No,2,2023-10-30,2025-05-13,206.08,79
CUST10541,Joan Smith,Washington,Master,Male,77,No,2,2022-01-29,2022-04-21,467.83,1197
CUST10745,Robert Mosley,Washington,PhD,Female,20,No,1,2020-08-09,2022-04-12,159.19,1206
CUST10987,Victoria Wolf,Ohio,PhD,Male,22,Yes,4,2024-04-07,2024-08-31,367.31,334
CUST10412,James Gonzalez,California,PhD,Male,33,No,0,2024-05-06,2024-05-15,319.27,442
CUST10821,Terri Rubio,California,Bachelor,Female,72,Yes,2,2022-07-10,2025-04-06,633.88,116
CUST10730,Willie Chandler,Georgia,Associate,Male,27,No,2,2022-06-21,2025-06-01,576.71,60
CUST10481,Jenna Butler,New York,Master,Female,30,Yes,2,2024-06-03,2024-12-28,589.16,215
CUST10371,Deborah Gibson,Washington,PhD,Female,35,No,2,2023-09-24,2024-06-19,304.68,407
CUST10639,Mike Crawford,Colorado,PhD,Male,42,Yes,1,2024-07-02,2025-04-10,45.04,112
CUST10983,Sean Galloway,Colorado,High School,Non-Binary,66,Yes,1,2022-02-10,2023-05-18,382.43,805
CUST10484,Jason Richardson,Texas,PhD,Female,52,Yes,1,2022-02-06,2024-08-15,775.71,350
CUST10049,Mathew Schmidt,Arizona,Associate,Female,66,Yes,2,2021-07-25,2025-01-27,201.92,185
CUST10493,Angela Massey,Washington,Bachelor,Non-Binary,65,No,4,2023-06-15,2023-12-28,38.17,581
CUST10152,Catherine Santiago,New York,Master,Female,75,No,1,2021-05-10,2022-05-15,497.75,1173
CUST10204,Jacob Perkins,Colorado,Bachelor,Male,47,Yes,3,2023-04-26,2023-11-22,245.46,617
CUST10480,Anthony Brown,New York,High School,Female,77,Yes,1,2021-01-12,2022-09-03,277.29,1062
CUST10005,Cynthia Moody,Texas,Master,Female,37,Yes,0,2022-05-17,2025-03-22,781.5,131
CUST10258,Gregory Baker,Colorado,PhD,Female,73,Yes,1,2023-02-09,2024-06-07,258.69,419
CUST10117,Jeffrey Miles,Arizona,High School,Male,21,Yes,2,2020-09-28,2022-08-19,380.78,1077
CUST10232,Erin Wyatt,Illinois,Bachelor,Female,60,No,1,2020-12-26,2021-03-30,996.3,1584
CUST10764,Cassie Morgan,Florida,Bachelor,Non-Binary,67,Yes,1,2024-07-14,2024-11-02,149.28,271
CUST10613,Maria Parker,Florida,Master,Non-Binary,59,No,2,2022-03-20,2024-12-24,768.35,219
CUST10053,Melinda Beard,Illinois,High School,Male,60,Yes,1,2021-01-09,2021-07-15,641.69,1477
CUST10014,Matthew Alvarez,Texas,High School,Non-Binary,40,No,2,2022-09-12,2022-11-04,235.0,1000
CUST10040,Natalie Gonzales DDS,California,Associate,Non-Binary,78,Yes,0,2021-09-20,2023-03-16,368.9,868
CUST10801,Tyler Peterson,Ohio,Bachelor,Non-Binary,53,No,3,2023-10-28,2024-05-02,577.89,455
CUST10512,Sean Butler,Illinois,Bachelor,Male,73,Yes,3,2022-02-10,2024-03-18,85.78,500
CUST10815,Carol Peterson MD,Washington,Master,Non-Binary,46,Yes,3,2024-06-17,2025-03-11,74.45,142
CUST10163,Scott Mitchell,California,Associate,Non-Binary,28,Yes,2,2020-10-22,2022-04-29,609.28,1189
CUST10678,Nancy Rogers,Ohio,High School,Male,40,Yes,0,2022-06-09,2023-03-04,421.5,880
CUST10700,Robert Rodgers,Arizona,High School,Female,34,Yes,0,2024-06-13,2025-03-05,286.71,148
CUST10126,Charles Powers,Florida,Associate,Non-Binary,46,No,3,2022-10-12,2023-09-10,288.39,690
CUST10277,Jason Terry,Washington,Master,Male,60,Yes,0,2020-11-08,2023-03-13,268.94,871
CUST10681,Linda Wilson,New York,High School,Non-Binary,80,Yes,2,2022-05-05,2022-12-14,392.03,960
CUST10255,Paul Smith,Florida,Master,Non-Binary,38,No,0,2022-03-20,2025-01-10,436.26,202
CUST10119,Kenneth Ponce,Ohio,High School,Male,38,No,0,2020-10-28,2023-04-14,163.04,839
CUST10117,Jeffrey Miles,Arizona,High School,Male,21,Yes,2,2020-09-28,2023-08-03,302.39,728
CUST10236,Tonya Brady,Texas,High School,Female,77,Yes,1,2023-12-24,2024-06-12,176.25,414
CUST10355,Wendy Diaz,Ohio,High School,Male,22,Yes,2,2022-06-05,2025-07-02,225.04,29
CUST10639,Mike Crawford,Colorado,PhD,Male,42,Yes,1,2024-07-02,2024-12-28,102.07,215
CUST10279,Anthony Mcdonald,Georgia,Bachelor,Male,42,No,0,2021-04-07,2024-12-09,457.56,234
CUST10431,Daniel Fernandez,California,Associate,Female,36,Yes,0,2021-07-04,2022-11-02,139.66,1002
CUST10713,Charles Travis,New York,PhD,Male,23,No,3,2023-10-08,2024-07-18,94.53,378
CUST10034,Grant Wood,Illinois,PhD,Male,49,Yes,0,2022-06-24,2022-08-10,124.32,1086
CUST10382,Crystal Hines,Ohio,High School,Male,41,Yes,1,2022-06-10,2024-11-23,220.68,250
CUST10910,Justin Scott,Washington,Bachelor,Male,23,Yes,1,2023-07-04,2025-02-03,920.33,178
CUST10909,Daniel Contreras,Colorado,Associate,Non-Binary,18,Yes,2,2023-08-15,2023-11-22,356.84,617
CUST10789,Chelsea Jenkins,Florida,PhD,Female,30,No,1,2022-12-11,2023-07-05,538.36,757
CUST10366,Sherri Webster,California,Bachelor,Male,80,Yes,2,2022-05-29,2024-11-16,366.19,257
CUST10990,Peter Kemp,California,High School,Non-Binary,29,Yes,2,2022-11-20,2023-07-13,141.48,749
CUST10395,Mary Mcneil,Ohio,Bachelor,Male,33,No,0,2022-08-06,2023-12-26,752.95,583
CUST10573,Brandy Willis,Arizona,High School,Male,72,Yes,0,2020-08-02,2025-04-03,306.19,119
CUST10283,Adam Davis,Illinois,High School,Male,51,No,0,2022-06-13,2024-02-07,218.1,540
CUST10227,William Mclean,California,PhD,Female,64,Yes,0,2023-12-20,2024-02-14,534.6,533
CUST10305,Heather Russell,Washington,Master,Female,21,Yes,2,2021-12-11,2024-04-20,658.15,467
CUST10410,Jay Mercer,Illinois,Master,Male,45,Yes,0,2022-02-01,2023-09-06,649.5,694
CUST10158,Heather Brown,New York,Bachelor,Male,21,Yes,2,2021-12-06,2024-03-08,506.74,510
CUST10143,Catherine Church,Georgia,PhD,Non-Binary,74,No,2,2023-09-12,2025-01-28,122.71,184
CUST10841,Stephen Cooke,Texas,PhD,Female,55,Yes,2,2022-05-25,2025-04-14,616.06,108
CUST10337,William Cohen,Illinois,PhD,Non-Binary,20,No,0,2021-08-14,2025-02-17,472.63,164
CUST10501,Kristopher Powell,Illinois,Bachelor,Female,43,Yes,0,2024-04-26,2024-07-26,223.69,370
CUST10088,Michael Brooks,California,Bachelor,Female,20,Yes,1,2024-02-16,2025-04-25,173.6,97
CUST10496,Haley Dyer,Florida,Bachelor,Female,53,No,0,2023-11-17,2023-12-17,67.86,592
CUST10611,John Walsh,New York,Master,Male,74,No,2,2021-05-15,2023-01-09,493.02,934
CUST10977,Charles Harris,Ohio,Associate,Female,31,Yes,4,2021-03-12,2024-10-02,160.65,302
CUST10677,Tony Johnson,Georgia,Master,Male,26,Yes,3,2022-10-29,2023-06-19,833.78,773
CUST10736,Stephanie Miller,Washington,Master,Non-Binary,50,No,2,2023-07-26,2024-10-08,244.01,296
CUST10799,Dwayne Harper,Arizona,PhD,Female,19,Yes,2,2022-06-02,2022-08-09,657.54,1087
CUST10971,Mr. David Miranda,Arizona,Master,Non-Binary,58,No,2,2022-08-17,2025-07-17,182.92,14
CUST10112,Jasmin Duarte,Texas,High School,Non-Binary,19,No,0,2022-09-21,2023-07-31,46.28,731
CUST10646,Michael Flores,New York,PhD,Female,21,No,1,2022-01-09,2022-09-06,611.9,1059
CUST10234,Chelsea Reynolds,Illinois,Master,Non-Binary,73,Yes,1,2023-07-02,2024-04-30,131.16,457
CUST10038,Cynthia Graham,Washington,High School,Male,64,Yes,2,2022-07-06,2023-09-28,725.36,672
CUST10790,Michael Mitchell,Georgia,Master,Non-Binary,45,No,1,2022-07-19,2022-12-06,273.09,968
CUST10729,James Jackson,Illinois,Bachelor,Male,75,No,0,2024-02-08,2025-05-10,149.78,82
CUST10159,Anthony Floyd,New York,High School,Male,58,No,4,2024-03-26,2025-03-12,22.72,141
CUST10566,Renee Reed,Florida,Associate,Female,54,No,1,2023-09-18,2025-04-11,467.86,111
CUST10850,Elizabeth Edwards,Colorado,Bachelor,Male,34,Yes,1,2022-01-29,2024-01-04,316.48,574
CUST10101,Melissa Flores,Georgia,Master,Non-Binary,78,No,2,2023-01-06,2024-07-30,114.98,366
CUST10964,Carla Johnson,Washington,PhD,Non-Binary,19,Yes,1,2023-08-04,2024-05-01,408.27,456
CUST10729,James Jackson,Illinois,Bachelor,Male,75,No,0,2024-02-08,2025-01-18,165.75,194
CUST10849,Nicole Oliver,Georgia,Master,Male,29,No,2,2023-04-02,2023-09-12,216.56,688
CUST10986,Catherine Choi,Texas,PhD,Female,40,No,2,2022-05-23,2023-10-12,298.89,658
CUST10179,Michael King,California,Bachelor,Female,65,No,2,2024-07-06,2025-04-29,255.73,93
CUST10645,Scott Daniels,Ohio,Bachelor,Female,41,Yes,2,2023-05-24,2025-05-25,313.26,67
CUST10946,Amber Shaw,Illinois,PhD,Male,29,No,0,2022-09-08,2024-01-15,411.02,563
CUST10160,Donald Jones,Illinois,PhD,Female,74,No,0,2020-08-15,2023-11-11,237.92,628
CUST10613,Maria Parker,Florida,Master,Non-Binary,59,No,2,2022-03-20,2025-03-05,127.2,148
CUST10778,Jillian Bauer PhD,Texas,PhD,Non-Binary,57,Yes,4,2023-05-20,2024-08-03,151.0,362
CUST10941,Natasha Walker,California,Associate,Non-Binary,40,Yes,1,2024-06-06,2025-03-28,324.15,125
CUST10319,Scott Perez,Florida,High School,Non-Binary,47,Yes,1,2021-09-19,2023-10-12,249.19,658
CUST10608,David Deleon,Washington,High School,Male,42,Yes,0,2023-08-27,2024-07-07,328.13,389
CUST10558,Andrew Rivera,Colorado,High School,Male,69,No,2,2024-06-13,2025-02-05,171.55,176
CUST10963,Tyler Snyder,Colorado,Bachelor,Non-Binary,23,No,0,2021-06-12,2022-01-23,706.98,1285
CUST10410,Jay Mercer,Illinois,Master,Male,45,Yes,0,2022-02-01,2025-06-13,288.82,48
CUST10020,Christopher Sparks,Florida,Bachelor,Female,31,No,0,2023-09-19,2024-05-19,601.55,438
CUST10093,Samantha Wilson,Colorado,High School,Male,57,No,2,2021-03-16,2023-11-24,441.57,615
CUST10309,Autumn Reed,Georgia,PhD,Male,41,Yes,3,2020-10-18,2023-04-25,194.76,828
CUST10516,Anna Fleming,New York,Master,Female,36,No,2,2021-07-13,2023-03-29,86.72,855
CUST10963,Tyler Snyder,Colorado,Bachelor,Non-Binary,23,No,0,2021-06-12,2023-02-25,245.52,887
CUST10169,Jessica Figueroa,Washington,PhD,Male,78,No,0,2023-05-24,2024-06-21,132.0,405
CUST10962,Richard Rogers,Colorado,Associate,Female,26,No,0,2024-05-08,2024-08-15,377.12,350
CUST10025,Timothy Wright,Ohio,Master,Female,58,Yes,2,2021-06-12,2022-07-04,400.35,1123
CUST10142,Savannah Williams,Georgia,Associate,Male,79,No,1,2024-07-22,2025-07-14,469.23,17
CUST10424,John Anderson,Washington,Associate,Non-Binary,18,No,0,2024-04-24,2025-04-30,302.71,92
CUST10139,Julie Preston,Colorado,PhD,Non-Binary,18,Yes,3,2024-03-29,2024-10-23,783.19,281
CUST10584,Jennifer Bryan,Ohio,PhD,Male,62,No,1,2021-11-06,2025-04-11,374.62,111
CUST10932,Shirley Acosta,New York,PhD,Female,68,No,1,2022-07-02,2022-11-24,120.95,980
CUST10876,Erica Flowers,New York,Associate,Female,70,Yes,1,2021-08-06,2024-08-24,78.15,341
CUST10931,Cathy Brown,Florida,Bachelor,Female,21,No,0,2022-01-21,2022-05-16,796.34,1172
CUST10458,Jennifer Cook,California,Associate,Female,36,No,0,2022-08-07,2023-05-05,118.97,818
CUST10929,John Brown,Arizona,PhD,Non-Binary,31,Yes,0,2023-08-06,2023-11-23,57.4,616
CUST10071,Eric Thompson,Florida,Associate,Female,45,No,2,2020-08-31,2022-06-18,351.24,1139
CUST10342,Melissa Johnston,Arizona,Bachelor,Female,80,No,0,2021-09-10,2022-03-04,305.82,1245
CUST10358,Scott Finley,Ohio,High School,Male,21,Yes,2,2021-10-31,2024-01-09,914.26,569
CUST10106,Kenneth Martinez Jr.,Arizona,High School,Male,73,No,1,2024-05-29,2024-06-05,150.29,421
CUST10503,Laurie Hall,Illinois,High School,Female,27,No,0,2021-08-05,2024-07-22,148.05,374
CUST10743,Tamara Miller,Georgia,Master,Male,78,Yes,1,2023-07-17,2024-03-31,385.39,487
CUST10445,Richard Copeland,Georgia,Associate,Non-Binary,72,Yes,2,2023-12-19,2024-02-11,164.41,536
CUST10830,Kenneth Frost,New York,Master,Female,32,Yes,1,2024-04-17,2024-09-20,242.83,314
CUST10034,Grant Wood,Illinois,PhD,Male,49,Yes,0,2022-06-24,2024-07-03,247.64,393
CUST10101,Melissa Flores,Georgia,Master,Non-Binary,78,No,2,2023-01-06,2024-09-12,268.14,322
CUST10748,Valerie Miller,Texas,PhD,Male,27,Yes,0,2020-12-03,2020-12-18,530.48,1686
CUST10941,Natasha Walker,California,Associate,Non-Binary,40,Yes,1,2024-06-06,2025-07-01,415.52,30
CUST10999,Virginia Torres,Arizona,Bachelor,Male,76,Yes,2,2022-09-01,2023-03-29,486.93,855
CUST10803,Nicole Berry,Ohio,PhD,Female,36,Yes,2,2023-09-17,2025-05-01,328.4,91
CUST10824,Megan Perry,Illinois,High School,Non-Binary,74,Yes,2,2020-09-11,2021-02-11,198.38,1631
CUST10659,Andrew Lang,Florida,PhD,Male,58,Yes,1,2022-11-29,2024-11-18,3.89,255
CUST10097,Frank Moore,Ohio,Associate,Male,80,No,0,2021-07-22,2023-07-26,260.69,736
CUST10993,Dawn Williams,Arizona,Associate,Male,39,Yes,0,2020-10-10,2022-07-22,159.73,1105
CUST10641,Joshua Mccormick,Texas,PhD,Male,52,No,3,2022-12-15,2024-06-28,392.12,398
CUST10637,Emily Schneider,Florida,Associate,Non-Binary,68,No,1,2022-03-01,2024-08-29,577.84,336
CUST10517,Jonathan Cunningham PhD,Ohio,Master,Non-Binary,54,No,2,2021-02-02,2024-10-24,682.21,280
CUST10723,Ann Brown,New York,High School,Non-Binary,66,Yes,2,2024-04-20,2024-10-26,46.57,278
CUST10243,Nicholas Johnson,Ohio,Bachelor,Non-Binary,50,Yes,2,2020-12-20,2025-06-05,103.54,56
CUST10070,Veronica Horn,Florida,Master,Female,80,No,0,2020-10-24,2021-08-27,128.4,1434
CUST10515,Brian White,Florida,Master,Female,32,Yes,0,2023-10-10,2023-12-03,354.28,606
CUST10425,Scott Thompson,Washington,High School,Female,53,No,1,2021-06-20,2023-08-12,258.23,719
CUST10675,Benjamin Daniel,Washington,Bachelor,Non-Binary,19,No,0,2022-10-13,2023-05-22,555.66,801
CUST10018,Sara Wilson,Texas,High School,Non-Binary,53,No,1,2023-07-31,2025-02-24,137.58,157
CUST10548,Gordon Roman,New York,High School,Non-Binary,62,No,2,2023-10-11,2024-06-10,473.52,416
CUST10798,Sharon Schneider,Washington,High School,Non-Binary,45,No,2,2021-04-30,2021-09-22,156.06,1408
CUST10741,Dr. Erica Perez,California,Master,Male,73,No,0,2022-03-19,2022-06-03,184.68,1154
CUST10455,Maurice Cook,Illinois,Bachelor,Non-Binary,48,No,0,2021-11-17,2022-07-04,531.07,1123
CUST10047,Joseph Jones,New York,Bachelor,Female,75,Yes,1,2022-07-29,2023-04-03,79.59,850
CUST10914,Austin Sweeney,Ohio,Master,Non-Binary,56,Yes,2,2020-09-22,2022-05-28,61.46,1160
CUST10160,Donald Jones,Illinois,PhD,Female,74,No,0,2020-08-15,2022-05-28,470.17,1160
CUST10396,Jessica Wang,Florida,PhD,Male,29,No,2,2021-03-29,2024-02-21,278.14,526
CUST10520,Crystal Horton,Georgia,Master,Non-Binary,18,No,1,2020-11-09,2022-08-09,446.08,1087
CUST10478,Samantha Lowe,California,Associate,Non-Binary,44,Yes,2,2021-12-24,2024-10-31,451.1,273
CUST10322,Sheila Holmes,New York,Bachelor,Female,18,Yes,0,2021-12-26,2022-08-10,342.73,1086
CUST10202,Whitney Marshall,California,Bachelor,Non-Binary,37,No,2,2020-10-28,2022-10-17,417.44,1018
CUST10487,Theresa Crawford,Georgia,PhD,Male,18,Yes,1,2023-11-04,2024-04-26,85.99,461
CUST10548,Gordon Roman,New York,High School,Non-Binary,62,No,2,2023-10-11,2024-02-06,435.45,541
CUST10368,Benjamin Weber,Washington,Associate,Male,34,Yes,2,2021-01-11,2023-12-18,301.07,591
CUST10419,Gina Klein,Arizona,Bachelor,Male,36,No,2,2020-11-28,2021-03-29,69.27,1585
CUST10680,Samantha Johnson,Texas,PhD,Male,80,Yes,0,2022-10-05,2024-07-27,857.77,369
CUST10036,Matthew Pierce,Arizona,Bachelor,Non-Binary,64,Yes,0,2021-02-13,2022-05-08,432.01,1180
CUST10483,Robert Oconnell,Illinois,Associate,Female,57,Yes,1,2022-04-22,2022-07-03,599.01,1124
CUST10245,Jennifer Luna,Georgia,Bachelor,Male,42,Yes,4,2021-07-18,2022-04-09,65.74,1209
CUST10146,Beverly Webb,Georgia,Master,Female,78,No,2,2023-09-06,2024-05-05,34.88,452
CUST10976,Dennis Turner,California,Master,Male,30,Yes,2,2024-05-17,2025-03-29,259.02,124
CUST10066,Richard Walker,California,Bachelor,Non-Binary,71,Yes,0,2022-10-24,2024-02-09,353.85,538
CUST10862,James Blake,Texas,Associate,Non-Binary,26,No,0,2021-03-20,2025-01-12,467.78,200
CUST10629,Vanessa Mcmahon,Florida,Bachelor,Male,58,No,1,2023-06-27,2025-01-06,256.52,206
CUST10332,Susan Garner,New York,Associate,Female,30,No,0,2023-11-14,2023-11-26,77.98,613
CUST10090,Cameron Bowen,Arizona,Master,Female,32,No,2,2022-10-29,2023-10-26,582.73,644
CUST10794,Whitney Nichols,Georgia,Bachelor,Female,43,No,1,2021-03-07,2022-01-08,395.59,1300
CUST10707,Steven Smith,Washington,Master,Non-Binary,74,No,0,2021-01-14,2023-11-16,1204.2,623
CUST10213,Vicki Massey,Arizona,PhD,Non-Binary,25,No,0,2022-08-12,2023-05-02,237.01,821
CUST10951,George Hill,Washington,High School,Female,20,No,0,2020-07-31,2023-11-29,752.11,610
CUST10207,Audrey Jones,Washington,High School,Non-Binary,60,No,1,2020-12-26,2021-05-16,765.63,1537
CUST10776,Christopher Smith,Washington,Master,Male,60,Yes,0,2024-05-03,2024-11-07,104.72,266
CUST10397,Jennifer Patel,Texas,Bachelor,Non-Binary,70,Yes,1,2023-03-17,2024-10-10,382.77,294
CUST10860,Evelyn Li,Colorado,Master,Non-Binary,45,Yes,2,2022-07-18,2023-02-16,386.34,896
CUST10193,Willie Riley,Texas,PhD,Non-Binary,46,Yes,1,2023-08-19,2025-06-01,141.64,60
CUST10803,Nicole Berry,Ohio,PhD,Female,36,Yes,2,2023-09-17,2023-11-22,350.75,617
CUST10258,Gregory Baker,Colorado,PhD,Female,73,Yes,1,2023-02-09,2025-01-13,137.63,199
CUST10030,Matthew Tran,New York,Master,Male,47,No,2,2022-11-08,2024-10-29,83.6,275
CUST10502,Hannah Turner,Colorado,Bachelor,Male,30,No,4,2022-04-30,2022-08-17,185.12,1079
CUST10075,Rebecca Acosta,Colorado,Bachelor,Female,78,No,1,2021-09-21,2021-12-08,297.37,1331
CUST10768,Marc Smith,Arizona,Bachelor,Female,39,No,3,2024-04-08,2025-05-28,187.58,64
CUST10486,James Wells,Georgia,Master,Female,21,Yes,4,2023-11-20,2024-08-06,210.37,359
CUST10303,Antonio Sanchez,Colorado,Associate,Male,26,Yes,2,2022-11-07,2023-02-13,57.7,899
CUST10712,Matthew Keller,Washington,Bachelor,Female,42,Yes,3,2021-01-05,2025-04-09,611.99,113
CUST10635,Sherry Stanley,Washington,Associate,Female,39,No,1,2023-12-28,2024-10-24,531.28,280
CUST10168,Cynthia Bradley,Illinois,Bachelor,Female,58,No,1,2021-05-09,2021-08-15,514.65,1446
CUST10540,Michael Rose,Georgia,Master,Non-Binary,21,No,0,2021-12-29,2023-03-03,535.99,881
CUST10064,Chris Martin,Georgia,Associate,Male,53,Yes,3,2022-06-12,2022-11-04,191.05,1000
CUST10327,Collin Terrell,Ohio,Master,Male,65,No,2,2023-12-07,2024-03-09,670.1,509
CUST10130,Eric Nelson,Ohio,Bachelor,Female,44,Yes,1,2022-01-19,2024-01-03,269.24,575
CUST10643,Samuel Hobbs,Georgia,PhD,Female,66,No,3,2022-04-01,2024-12-22,152.26,221
CUST10375,Renee Simpson,Georgia,PhD,Non-Binary,29,Yes,1,2024-06-20,2025-04-17,172.62,105
CUST10466,James Pope,New York,Master,Female,50,No,1,2021-07-28,2024-03-10,425.09,508
CUST10386,Courtney Nelson,New York,High School,Male,71,No,2,2020-09-20,2025-04-02,41.63,120
CUST10386,Courtney Nelson,New York,High School,Male,71,No,2,2020-09-20,2025-06-08,150.74,53
CUST10009,Patrick Barnes,California,Bachelor,Non-Binary,41,Yes,0,2024-04-14,2024-11-18,139.7,255
CUST10440,Linda Merritt,Colorado,Master,Non-Binary,40,Yes,1,2022-04-19,2022-10-02,19.47,1033
CUST10782,Keith Alvarez,Illinois,Associate,Non-Binary,51,No,0,2022-07-27,2023-05-07,738.52,816
CUST10696,Cheryl Payne,Ohio,Associate,Non-Binary,38,No,1,2023-09-07,2024-01-08,306.56,570
CUST10650,Phillip Taylor,Ohio,PhD,Non-Binary,70,Yes,1,2023-12-13,2025-07-30,147.1,1
CUST10385,Stephen Gray,New York,Associate,Female,25,No,4,2022-04-10,2024-08-13,641.46,352
CUST10841,Stephen Cooke,Texas,PhD,Female,55,Yes,2,2022-05-25,2025-02-19,286.47,162
CUST10533,Sara Mccullough,Washington,Master,Male,28,Yes,3,2020-08-27,2024-12-11,46.28,232
CUST10426,Jessica Anderson,Washington,High School,Female,38,Yes,2,2023-05-10,2024-04-05,308.51,482
CUST10701,Megan Garrett,Georgia,Associate,Non-Binary,80,Yes,1,2022-05-12,2023-01-19,408.96,924
CUST10875,Jennifer Morales,New York,Bachelor,Female,63,No,2,2023-06-25,2024-11-29,210.99,244
CUST10608,David Deleon,Washington,High School,Male,42,Yes,0,2023-08-27,2023-11-30,273.13,609
CUST10518,Heather Mendoza,Arizona,Associate,Male,55,Yes,1,2023-11-28,2024-01-10,199.58,568
CUST10593,Phillip Padilla,Arizona,High School,Female,55,No,0,2020-12-08,2024-05-24,457.92,433
CUST10926,Amy Smith,Colorado,PhD,Female,36,No,1,2023-07-27,2025-06-10,418.57,51
CUST10592,Suzanne Mclaughlin,Florida,High School,Female,57,No,0,2022-01-02,2023-10-27,401.18,643
CUST10706,Ronald Becker,California,PhD,Non-Binary,22,No,2,2024-03-08,2024-05-05,148.74,452
CUST10705,Sarah Hodge,California,Bachelor,Female,25,No,2,2023-10-07,2025-02-06,501.47,175
CUST10742,Kayla Hunter,Colorado,Bachelor,Female,65,Yes,0,2023-11-08,2025-03-01,567.43,152
CUST10237,Tracy Salazar,California,PhD,Male,58,No,4,2022-06-30,2023-07-11,209.15,751
CUST10502,Hannah Turner,Colorado,Bachelor,Male,30,No,4,2022-04-30,2023-09-30,384.06,670
CUST10080,Nicole Burns,New York,Associate,Male,23,No,3,2022-07-09,2024-09-24,142.09,310
CUST10849,Nicole Oliver,Georgia,Master,Male,29,No,2,2023-04-02,2024-11-24,398.42,249
CUST10323,Brandon Walton,Washington,Associate,Male,54,Yes,3,2024-07-15,2025-03-04,445.13,149
CUST10847,Rebecca Mitchell,Illinois,Bachelor,Non-Binary,42,Yes,2,2022-10-22,2024-07-29,348.68,367
CUST10971,Mr. David Miranda,Arizona,Master,Non-Binary,58,No,2,2022-08-17,2024-06-03,221.0,423
CUST10975,Max Carson,Ohio,Master,Male,34,No,0,2021-03-10,2023-06-06,516.99,786
CUST10959,Angela Huber,Arizona,PhD,Non-Binary,70,No,0,2021-10-14,2024-03-17,115.0,501
CUST10508,Stacy Mckenzie,Texas,Bachelor,Non-Binary,46,No,0,2021-08-05,2023-07-29,592.83,733
CUST10031,Albert Anderson,New York,High School,Non-Binary,39,No,1,2022-01-17,2024-08-21,345.97,344
CUST10396,Jessica Wang,Florida,PhD,Male,29,No,2,2021-03-29,2025-04-12,401.38,110
CUST10898,Heather Chavez,New York,Associate,Non-Binary,21,Yes,2,2024-04-21,2024-09-08,431.77,326
CUST10349,James Smith,Arizona,High School,Non-Binary,64,No,0,2021-11-21,2025-02-10,220.09,171
CUST10417,Mason Tate,Florida,High School,Non-Binary,55,Yes,3,2023-11-24,2025-01-30,307.21,182
CUST10929,John Brown,Arizona,PhD,Non-Binary,31,Yes,0,2023-08-06,2025-01-07,52.03,205
CUST10371,Deborah Gibson,Washington,PhD,Female,35,No,2,2023-09-24,2025-03-27,137.56,126
CUST10266,Robert Murphy,Ohio,Bachelor,Male,42,No,0,2020-08-27,2025-04-14,293.56,108
CUST10093,Samantha Wilson,Colorado,High School,Male,57,No,2,2021-03-16,2022-01-09,60.68,1299
CUST10231,Carrie Williams,Ohio,PhD,Male,28,No,1,2020-10-08,2025-01-18,582.47,194
CUST10093,Samantha Wilson,Colorado,High School,Male,57,No,2,2021-03-16,2023-12-17,191.79,592
CUST10194,Frank Fletcher,Washington,High School,Non-Binary,61,No,0,2023-06-05,2023-11-19,288.9,620
CUST10154,Margaret Espinoza,Washington,PhD,Female,61,Yes,1,2021-02-16,2023-08-30,140.67,701
CUST10592,Suzanne Mclaughlin,Florida,High School,Female,57,No,0,2022-01-02,2025-01-10,463.22,202
CUST10595,Maria Jackson,California,Master,Female,72,No,2,2023-09-08,2024-02-25,384.02,522
CUST10789,Chelsea Jenkins,Florida,PhD,Female,30,No,1,2022-12-11,2024-09-29,449.42,305
CUST10816,Victoria Smith,Colorado,Bachelor,Non-Binary,38,No,2,2023-12-26,2023-12-30,379.29,579
CUST10021,Kimberly Hester,Ohio,Associate,Male,35,Yes,0,2021-03-03,2024-12-18,400.24,225
CUST10825,Gary Marshall,New York,Bachelor,Non-Binary,54,No,0,2022-08-19,2024-07-04,224.94,392
CUST10320,Tina Duncan,New York,Bachelor,Female,70,Yes,3,2023-10-07,2024-04-25,184.44,462
CUST10037,Justin Evans,Georgia,High School,Female,18,Yes,1,2021-11-09,2022-09-27,141.43,1038
CUST10985,Melanie Garcia,Florida,Master,Male,22,Yes,2,2020-08-07,2025-05-25,303.29,67
CUST10369,Matthew Coleman,New York,Associate,Female,73,Yes,1,2024-07-26,2024-10-01,97.24,303
CUST10973,Sherri Pearson,Illinois,Associate,Female,76,No,0,2024-02-20,2025-07-21,255.19,10
CUST10561,Joseph Krueger,Florida,Associate,Female,24,Yes,0,2022-06-30,2025-06-30,271.97,31
CUST10815,Carol Peterson MD,Washington,Master,Non-Binary,46,Yes,3,2024-06-17,2024-09-09,54.1,325
CUST10426,Jessica Anderson,Washington,High School,Female,38,Yes,2,2023-05-10,2025-07-27,321.49,4
CUST10539,Richard Price,Texas,Associate,Female,19,Yes,2,2021-01-04,2024-01-08,514.32,570
CUST10248,Michelle Rojas,Arizona,Master,Non-Binary,65,No,4,2021-05-06,2024-03-17,544.82,501
CUST10947,Teresa Valdez,Washington,Master,Male,39,No,0,2022-03-29,2024-01-09,188.77,569
CUST10271,Andrea Williams,New York,Master,Female,33,No,0,2022-01-22,2025-04-21,176.55,101
CUST10185,Randy Buchanan,Texas,Associate,Female,70,No,3,2022-09-03,2024-08-31,426.54,334
CUST10624,Kelly Ramos,Georgia,High School,Female,35,Yes,2,2021-06-16,2025-06-27,662.55,34
CUST10975,Max Carson,Ohio,Master,Male,34,No,0,2021-03-10,2022-08-15,357.71,1081
CUST10140,Sean Becker,Texas,Associate,Male,41,No,2,2024-06-10,2024-11-14,543.18,259
CUST10476,Brad Jones,Illinois,Bachelor,Male,56,No,0,2024-01-21,2025-03-23,586.44,130
CUST10409,Gwendolyn Brooks,Illinois,High School,Female,26,Yes,0,2021-04-01,2021-09-05,100.4,1425
CUST10943,Olivia Morgan,Colorado,Master,Non-Binary,18,Yes,0,2024-07-02,2025-07-15,46.34,16
CUST10018,Sara Wilson,Texas,High School,Non-Binary,53,No,1,2023-07-31,2023-08-02,252.82,729
CUST10019,Lisa Murray,New York,Bachelor,Non-Binary,70,No,0,2023-04-16,2025-07-09,46.32,22
CUST10611,John Walsh,New York,Master,Male,74,No,2,2021-05-15,2021-09-03,437.5,1427
CUST10757,Jennifer Wilcox,Colorado,Associate,Non-Binary,21,Yes,0,2024-06-01,2024-10-19,174.89,285
CUST10233,Mark Macdonald,Texas,Bachelor,Male,45,No,0,2021-07-06,2021-11-10,212.54,1359
CUST10127,Courtney Cuevas,Illinois,High School,Non-Binary,58,Yes,0,2020-09-04,2022-07-20,230.93,1107
CUST10459,Michael Williams,Ohio,High School,Non-Binary,43,No,2,2022-07-21,2025-05-24,177.09,68
CUST10251,Adam Weaver,Ohio,Associate,Female,44,No,0,2023-12-17,2024-01-27,83.18,551
CUST10186,John Marshall,Texas,Associate,Male,80,Yes,1,2023-04-01,2024-06-10,336.31,416
CUST10366,Sherri Webster,California,Bachelor,Male,80,Yes,2,2022-05-29,2023-10-10,69.74,660
CUST10328,Ariel Love,California,Master,Female,79,No,0,2024-07-24,2025-01-14,86.17,198
CUST10559,Lauren White,Florida,Associate,Male,68,Yes,2,2020-09-11,2022-03-12,735.58,1237
CUST10611,John Walsh,New York,Master,Male,74,No,2,2021-05-15,2024-06-13,154.85,413
CUST10323,Brandon Walton,Washington,Associate,Male,54,Yes,3,2024-07-15,2024-09-01,226.73,333
CUST10556,Ashley Roberts,California,Associate,Non-Binary,50,No,4,2023-01-22,2023-11-19,169.12,620
CUST10214,Philip Taylor,California,High School,Male,46,No,1,2022-11-02,2024-08-01,86.16,364
CUST10207,Audrey Jones,Washington,High School,Non-Binary,60,No,1,2020-12-26,2024-10-23,103.34,281
CUST10020,Christopher Sparks,Florida,Bachelor,Female,31,No,0,2023-09-19,2024-08-09,226.36,356
CUST10637,Emily Schneider,Florida,Associate,Non-Binary,68,No,1,2022-03-01,2023-01-29,725.22,914
CUST10149,Kayla Ortiz,Washington,PhD,Non-Binary,73,No,2,2022-11-09,2025-06-29,250.95,32
CUST10348,Robert Simmons,Texas,Master,Male,68,Yes,2,2021-02-01,2022-04-29,703.23,1189
CUST10206,Michelle Schmidt,Ohio,Associate,Female,67,Yes,0,2020-11-29,2023-12-19,110.25,590
CUST10893,Jeff Miller,California,High School,Male,26,Yes,3,2022-09-11,2024-08-24,475.51,341
CUST10859,Tyler Garza,Illinois,Bachelor,Female,30,Yes,2,2023-01-16,2024-06-02,731.98,424
CUST10471,Brian Mullins,Arizona,PhD,Female,77,Yes,1,2020-09-18,2024-02-15,312.61,532
CUST10595,Maria Jackson,California,Master,Female,72,No,2,2023-09-08,2024-03-10,1321.96,508
CUST10171,Catherine Mendoza,Ohio,Master,Female,43,Yes,4,2022-12-10,2025-06-19,537.05,42
CUST10879,Kristina Pineda,Washington,PhD,Non-Binary,41,Yes,1,2022-11-07,2024-06-13,261.28,413
CUST10865,Patrick Peters,Ohio,Master,Non-Binary,49,No,0,2022-10-01,2023-08-06,593.93,725
CUST10570,Jennifer Williams,Ohio,High School,Male,28,Yes,1,2022-11-07,2023-12-03,181.74,606
CUST10606,Patrick Peterson,Florida,Bachelor,Female,27,No,3,2022-09-14,2024-08-27,237.11,338
CUST10817,Veronica Davidson,Ohio,PhD,Male,74,Yes,2,2022-12-15,2025-03-09,394.92,144
CUST10268,Michelle Martinez,New York,Bachelor,Female,55,Yes,1,2022-03-29,2024-08-20,114.79,345
CUST10944,Elizabeth Burton,Georgia,Bachelor,Male,65,No,0,2022-01-21,2022-04-02,442.79,1216
CUST10300,Jennifer Williams,California,Associate,Male,61,Yes,1,2022-06-25,2023-02-09,287.44,903
CUST10097,Frank Moore,Ohio,Associate,Male,80,No,0,2021-07-22,2022-04-18,45.54,1200
CUST10865,Patrick Peters,Ohio,Master,Non-Binary,49,No,0,2022-10-01,2024-08-19,157.26,346
CUST10230,Ricky Skinner,Arizona,PhD,Male,40,Yes,1,2023-05-18,2024-05-30,379.81,427
CUST10723,Ann Brown,New York,High School,Non-Binary,66,Yes,2,2024-04-20,2024-05-27,171.71,430
CUST10853,Ryan Miller,Florida,High School,Non-Binary,55,No,0,2022-06-20,2023-04-27,319.42,826
CUST10374,Jennifer Jones,Arizona,Master,Non-Binary,40,No,2,2021-07-22,2022-05-16,341.0,1172
CUST10883,Susan Larson,Texas,PhD,Female,58,No,0,2022-01-06,2022-01-30,330.37,1278
CUST10568,Scott Weeks,New York,Associate,Female,62,No,0,2023-07-17,2024-06-21,1125.22,405
CUST10538,Lindsay Jones,Arizona,PhD,Male,23,Yes,0,2021-03-19,2023-07-25,97.63,737
CUST10593,Phillip Padilla,Arizona,High School,Female,55,No,0,2020-12-08,2021-03-10,257.05,1604
CUST10135,Deanna Payne,Ohio,Associate,Female,51,Yes,0,2023-11-11,2024-12-05,87.95,238
CUST10135,Deanna Payne,Ohio,Associate,Female,51,Yes,0,2023-11-11,2024-02-11,230.3,536
CUST10173,David Sanchez,Arizona,PhD,Non-Binary,54,Yes,1,2022-01-11,2022-07-27,448.74,1100
CUST10332,Susan Garner,New York,Associate,Female,30,No,0,2023-11-14,2024-11-08,476.29,265
CUST10648,Marcus Anderson,Florida,PhD,Non-Binary,19,No,1,2021-06-24,2022-03-28,315.73,1221
CUST10920,Barbara Jackson,Arizona,Master,Female,70,No,1,2021-05-17,2022-12-10,84.41,964
CUST10975,Max Carson,Ohio,Master,Male,34,No,0,2021-03-10,2025-01-22,399.32,190
CUST10873,Heather Strong,Arizona,High School,Male,19,Yes,3,2022-12-14,2025-06-17,188.98,44
CUST10643,Samuel Hobbs,Georgia,PhD,Female,66,No,3,2022-04-01,2025-04-22,337.9,100
CUST10475,Natalie Mitchell,California,Master,Non-Binary,24,No,2,2022-11-06,2024-03-23,145.2,495
CUST10845,Jennifer Khan,Washington,PhD,Female,78,Yes,1,2023-10-27,2024-08-08,119.05,357
CUST10920,Barbara Jackson,Arizona,Master,Female,70,No,1,2021-05-17,2023-03-01,64.67,883
CUST10092,Melissa Lee,Illinois,Bachelor,Non-Binary,24,Yes,1,2020-10-17,2024-04-07,657.46,480
CUST10242,Kyle Klein,Ohio,Associate,Female,24,Yes,3,2023-02-07,2023-03-30,155.46,854
CUST10257,Mary Wilkins,Washington,Associate,Non-Binary,41,No,0,2022-08-01,2025-02-03,204.97,178
CUST10190,John Wilson,California,PhD,Non-Binary,68,Yes,0,2024-05-06,2024-10-16,114.76,288
CUST10784,Connie Page,Georgia,High School,Female,51,No,0,2023-10-30,2023-12-03,95.6,606
CUST10225,James Walker,Georgia,PhD,Male,49,No,2,2021-10-08,2024-10-02,383.9,302
CUST10319,Scott Perez,Florida,High School,Non-Binary,47,Yes,1,2021-09-19,2024-01-13,300.37,565
CUST10885,Cody Pierce,New York,Bachelor,Male,36,Yes,1,2023-03-28,2024-07-03,606.75,393
CUST10791,Leon Austin,Texas,Bachelor,Male,40,No,1,2024-02-12,2025-07-02,158.4,29
CUST10993,Dawn Williams,Arizona,Associate,Male,39,Yes,0,2020-10-10,2024-09-16,367.44,318
CUST10928,Jessica Pierce,Texas,Associate,Male,42,No,0,2022-10-21,2023-10-13,138.21,657
CUST10332,Susan Garner,New York,Associate,Female,30,No,0,2023-11-14,2024-09-23,352.52,311
CUST10328,Ariel Love,California,Master,Female,79,No,0,2024-07-24,2025-03-23,608.58,130
CUST10014,Matthew Alvarez,Texas,High School,Non-Binary,40,No,2,2022-09-12,2023-03-12,407.32,872
CUST10341,Joseph Cox,Florida,Master,Male,35,No,3,2023-04-13,2024-08-29,430.88,336
CUST10730,Willie Chandler,Georgia,Associate,Male,27,No,2,2022-06-21,2022-09-30,177.76,1035
CUST10959,Angela Huber,Arizona,PhD,Non-Binary,70,No,0,2021-10-14,2022-03-09,658.2,1240
CUST10772,Dorothy Fox,California,High School,Non-Binary,50,Yes,0,2022-01-28,2023-03-01,325.44,883
CUST10771,Matthew Ochoa,Texas,High School,Female,20,No,0,2020-10-20,2021-06-14,120.48,1508
CUST10107,Shelley Mcdowell,Florida,High School,Male,61,No,0,2020-08-17,2020-09-04,360.46,1791
CUST10467,Kaitlyn Hudson,New York,PhD,Female,55,No,2,2022-07-11,2025-03-12,723.87,141
CUST10536,Stephanie Munoz,California,Bachelor,Female,59,Yes,0,2020-08-28,2025-04-22,168.47,100
CUST10161,Barbara Jones,Ohio,High School,Male,54,Yes,1,2024-04-21,2024-07-05,419.38,391
CUST10239,Paul Davis,New York,Bachelor,Female,72,Yes,1,2021-04-24,2023-04-26,600.06,827
CUST10245,Jennifer Luna,Georgia,Bachelor,Male,42,Yes,4,2021-07-18,2021-11-15,548.02,1354
CUST10965,Kristin Dillon,Illinois,Master,Male,40,Yes,2,2022-07-29,2022-12-18,287.36,956
CUST10590,Nicholas Gilmore,Ohio,Master,Non-Binary,37,No,0,2021-09-24,2022-09-18,60.6,1047
CUST10634,Jane Rocha,Ohio,Associate,Female,26,No,2,2023-03-24,2025-06-10,387.02,51
CUST10203,Kim Bennett,Florida,High School,Female,43,No,0,2021-03-25,2025-02-12,574.98,169
CUST10964,Carla Johnson,Washington,PhD,Non-Binary,19,Yes,1,2023-08-04,2024-01-13,165.21,565
CUST10572,Kristen Reynolds,Colorado,Master,Male,52,No,2,2024-05-19,2024-07-04,293.72,392
CUST10906,Kenneth Smith,California,High School,Male,68,Yes,1,2022-05-02,2023-04-16,241.08,837
CUST10928,Jessica Pierce,Texas,Associate,Male,42,No,0,2022-10-21,2023-12-23,500.22,586
CUST10504,Neil Wilson,Colorado,Bachelor,Female,29,Yes,2,2020-12-17,2024-10-30,334.06,274
CUST10688,Christine Martinez,New York,Associate,Male,54,Yes,1,2024-02-24,2025-03-02,513.97,151
CUST10487,Theresa Crawford,Georgia,PhD,Male,18,Yes,1,2023-11-04,2025-04-04,628.43,118
CUST10716,John Lopez,Georgia,High School,Non-Binary,79,No,0,2020-12-29,2025-04-09,131.45,113
CUST10478,Samantha Lowe,California,Associate,Non-Binary,44,Yes,2,2021-12-24,2024-04-16,285.27,471
CUST10348,Robert Simmons,Texas,Master,Male,68,Yes,2,2021-02-01,2024-02-01,453.86,546
CUST10128,Zachary Gonzalez,California,Associate,Female,48,No,1,2023-10-25,2024-04-20,372.11,467
CUST10623,Dennis Howell,Georgia,PhD,Male,77,No,2,2024-01-06,2025-06-07,223.69,54
CUST10425,Scott Thompson,Washington,High School,Female,53,No,1,2021-06-20,2023-06-22,634.6,770
CUST10023,Joshua Norris,New York,Bachelor,Female,60,Yes,1,2022-01-25,2025-05-12,183.43,80
CUST10877,David Vazquez,Arizona,Master,Male,26,Yes,1,2022-10-15,2023-11-25,142.16,614
CUST10208,Daniel Patton,Arizona,Associate,Male,62,Yes,0,2020-10-29,2021-12-26,314.82,1313
CUST10940,Alexandria Potter,New York,High School,Male,72,Yes,3,2022-04-30,2024-02-12,93.54,535
CUST10529,David Flores,Ohio,Associate,Female,64,No,3,2024-02-03,2024-03-18,673.65,500
CUST10747,Sean Gonzalez,Ohio,Associate,Male,27,No,3,2022-10-08,2023-10-23,286.44,647
CUST10694,Lauren Williams,Ohio,PhD,Non-Binary,29,Yes,1,2023-06-18,2023-09-24,195.73,676
CUST10860,Evelyn Li,Colorado,Master,Non-Binary,45,Yes,2,2022-07-18,2024-05-11,534.49,446
CUST10512,Sean Butler,Illinois,Bachelor,Male,73,Yes,3,2022-02-10,2025-04-13,406.3,109
CUST10470,Jill Stone,Georgia,Master,Non-Binary,42,Yes,2,2023-01-06,2023-01-19,264.22,924
CUST10215,Daniel Bishop,Washington,Master,Non-Binary,40,No,2,2021-01-25,2024-04-10,413.79,477
CUST10636,Shannon Gardner,Colorado,Master,Male,23,No,1,2021-10-26,2022-03-01,190.45,1248
CUST10032,Stephanie Morales,California,Bachelor,Non-Binary,63,Yes,4,2020-10-22,2023-02-01,279.11,911
CUST10922,Tammie Lopez,Washington,Associate,Male,73,No,0,2021-10-10,2023-04-22,38.53,831
CUST10918,Thomas Mccormick,Washington,Bachelor,Non-Binary,63,No,1,2022-11-17,2023-04-06,279.06,847
CUST10551,Jennifer King,California,Bachelor,Non-Binary,63,No,3,2022-12-28,2023-04-18,277.44,835
CUST10554,Danielle Davis,Georgia,Bachelor,Non-Binary,41,Yes,3,2022-04-15,2025-02-19,249.77,162
CUST10053,Melinda Beard,Illinois,High School,Male,60,Yes,1,2021-01-09,2023-12-31,815.75,578
CUST10096,Laura White,California,High School,Female,41,Yes,0,2020-08-06,2022-04-06,572.08,1212
CUST10034,Grant Wood,Illinois,PhD,Male,49,Yes,0,2022-06-24,2024-11-15,384.19,258
CUST10117,Jeffrey Miles,Arizona,High School,Male,21,Yes,2,2020-09-28,2022-06-16,82.31,1141
CUST10038,Cynthia Graham,Washington,High School,Male,64,Yes,2,2022-07-06,2025-03-22,487.39,131
CUST10227,William Mclean,California,PhD,Female,64,Yes,0,2023-12-20,2025-03-18,250.0,135
CUST10619,Henry Martinez,Colorado,High School,Male,37,No,0,2021-11-24,2024-06-06,200.11,420
CUST10976,Dennis Turner,California,Master,Male,30,Yes,2,2024-05-17,2025-04-11,205.39,111
CUST10153,Michele Brown,Ohio,PhD,Female,70,Yes,1,2024-06-22,2025-07-10,299.3,21
CUST10578,Robert Smith,California,Master,Male,74,No,0,2022-12-17,2025-07-23,435.3,8
CUST10777,Andrew Walker,Georgia,Master,Female,46,Yes,1,2022-10-28,2023-06-14,257.04,778
CUST10803,Nicole Berry,Ohio,PhD,Female,36,Yes,2,2023-09-17,2023-12-18,373.15,591
CUST10927,Paul Garcia,Texas,Bachelor,Male,54,No,3,2021-02-13,2023-09-18,410.66,682
CUST10922,Tammie Lopez,Washington,Associate,Male,73,No,0,2021-10-10,2025-03-09,1059.46,144
CUST10504,Neil Wilson,Colorado,Bachelor,Female,29,Yes,2,2020-12-17,2022-09-26,15.1,1039
CUST10642,Alyssa King,Colorado,Associate,Female,71,Yes,3,2023-01-04,2023-01-26,327.07,917
CUST10795,Jamie Gardner,Washington,Associate,Female,47,No,1,2020-11-12,2022-12-28,25.27,946
CUST10515,Brian White,Florida,Master,Female,32,Yes,0,2023-10-10,2025-07-25,312.61,6
CUST10318,Matthew Ruiz,Washington,Associate,Female,31,Yes,1,2021-08-09,2022-03-10,595.1,1239
CUST10124,Luis Villa,Illinois,High School,Female,39,Yes,2,2023-03-06,2023-04-22,256.07,831
CUST10862,James Blake,Texas,Associate,Non-Binary,26,No,0,2021-03-20,2023-12-10,153.26,599
CUST10077,James Chang,Georgia,Associate,Non-Binary,76,Yes,2,2022-10-10,2023-10-23,79.76,647
CUST10961,Charles Mayer,New York,Bachelor,Female,65,No,0,2021-09-04,2023-09-29,280.32,671
CUST10183,Casey Arnold,Florida,PhD,Female,24,No,1,2023-08-22,2023-09-20,552.92,680
CUST10218,Jason Austin,Ohio,PhD,Female,67,Yes,1,2023-03-02,2024-01-08,96.07,570
CUST10262,Edward Medina,Georgia,Associate,Male,62,No,2,2021-07-15,2023-12-07,385.98,602
CUST10917,Beth Henry,Illinois,Bachelor,Female,51,No,1,2024-01-02,2024-10-21,466.59,283
CUST10057,Shelley Austin,New York,PhD,Female,72,No,0,2020-12-18,2024-03-01,314.75,517
CUST10266,Robert Murphy,Ohio,Bachelor,Male,42,No,0,2020-08-27,2025-03-09,267.1,144
CUST10589,Nathan Sanders,Texas,PhD,Male,71,Yes,3,2022-02-01,2022-09-09,158.43,1056
CUST10307,Jennifer Wheeler,Ohio,Bachelor,Female,20,Yes,1,2021-10-13,2025-01-22,102.27,190
CUST10746,Tonya Gross,Texas,PhD,Male,30,Yes,1,2021-09-06,2023-12-13,183.39,596
CUST10841,Stephen Cooke,Texas,PhD,Female,55,Yes,2,2022-05-25,2022-09-25,721.86,1040
CUST10636,Shannon Gardner,Colorado,Master,Male,23,No,1,2021-10-26,2022-06-23,201.76,1134
CUST10668,Mary Hill,California,Associate,Non-Binary,23,Yes,1,2023-12-17,2024-01-07,202.24,571
CUST10650,Phillip Taylor,Ohio,PhD,Non-Binary,70,Yes,1,2023-12-13,2025-01-29,55.2,183
CUST10389,Sean Smith,California,High School,Male,59,No,0,2022-08-10,2024-02-25,449.77,522
CUST10116,Ellen Alexander,Colorado,High School,Male,37,Yes,1,2020-11-14,2024-12-28,479.6,215
CUST10412,James Gonzalez,California,PhD,Male,33,No,0,2024-05-06,2024-09-05,593.98,329
CUST10573,Brandy Willis,Arizona,High School,Male,72,Yes,0,2020-08-02,2021-02-04,400.35,1638
CUST10706,Ronald Becker,California,PhD,Non-Binary,22,No,2,2024-03-08,2024-10-09,189.59,295
CUST10598,April Edwards,Georgia,Associate,Female,35,No,1,2023-09-18,2025-07-07,350.63,24
CUST10842,Jordan Wilson,New York,Bachelor,Male,77,No,1,2024-06-05,2025-07-16,321.87,15
CUST10356,Gabrielle Wilson,Arizona,High School,Non-Binary,44,No,2,2022-01-24,2022-05-10,556.93,1178
CUST10429,Steven Simmons,Florida,PhD,Male,71,Yes,1,2021-03-24,2023-02-11,389.08,901
CUST10644,Karen Fitzgerald,Illinois,PhD,Non-Binary,50,No,1,2022-06-20,2023-08-24,422.3,707
CUST10660,Erin Pham,California,Master,Female,26,No,2,2024-02-11,2024-07-01,374.81,395
CUST10648,Marcus Anderson,Florida,PhD,Non-Binary,19,No,1,2021-06-24,2021-12-19,123.78,1320
CUST10310,Luke Duffy,Illinois,PhD,Male,39,Yes,0,2021-11-26,2021-12-09,513.6,1330
CUST10897,Richard Becker,Washington,High School,Male,27,Yes,4,2022-04-22,2024-07-19,569.1,377
CUST10030,Matthew Tran,New York,Master,Male,47,No,2,2022-11-08,2023-03-05,83.25,879
CUST10879,Kristina Pineda,Washington,PhD,Non-Binary,41,Yes,1,2022-11-07,2024-03-05,94.51,513
CUST10829,Phillip Johnson,California,Master,Female,78,No,1,2020-08-02,2023-04-16,464.22,837
CUST10785,Mr. Joshua Martinez,New York,High School,Female,19,No,0,2021-08-26,2022-09-10,608.22,1055
CUST10487,Theresa Crawford,Georgia,PhD,Male,18,Yes,1,2023-11-04,2024-09-18,458.34,316
CUST10197,Nicole Alvarez,Washington,Master,Male,46,Yes,1,2021-08-26,2023-09-19,713.29,681
CUST10572,Kristen Reynolds,Colorado,Master,Male,52,No,2,2024-05-19,2025-01-10,492.59,202
CUST10829,Phillip Johnson,California,Master,Female,78,No,1,2020-08-02,2022-04-10,522.52,1208
CUST10251,Adam Weaver,Ohio,Associate,Female,44,No,0,2023-12-17,2024-08-25,306.34,340
CUST10696,Cheryl Payne,Ohio,Associate,Non-Binary,38,No,1,2023-09-07,2025-02-06,144.78,175
CUST10121,Daniel Bridges,California,High School,Male,63,Yes,0,2021-06-09,2022-01-17,161.77,1291
CUST10621,Michelle Munoz,Georgia,Bachelor,Female,25,No,2,2024-04-11,2025-07-08,474.24,23
CUST10152,Catherine Santiago,New York,Master,Female,75,No,1,2021-05-10,2024-02-29,251.18,518
CUST10837,Michael Navarro,California,Bachelor,Female,70,Yes,3,2022-06-04,2022-12-02,140.8,972
CUST10683,Richard Erickson,California,Associate,Female,22,No,1,2022-09-26,2025-02-05,510.97,176
CUST10315,Patty Wood,Colorado,Associate,Male,34,Yes,0,2023-10-21,2025-06-28,233.95,33
CUST10800,Michael Tate,Colorado,Associate,Male,39,Yes,0,2023-10-30,2024-03-24,497.34,494
CUST10880,Aaron Weber,Georgia,Associate,Male,22,Yes,2,2022-05-08,2025-02-13,291.37,168
CUST10473,Christopher Daniels,Georgia,Associate,Male,63,No,2,2024-05-20,2025-02-05,172.8,176
CUST10229,Andrea Roberts,Illinois,High School,Male,76,No,1,2022-02-01,2022-10-05,280.96,1030
CUST10131,Daniel Park,New York,PhD,Non-Binary,39,Yes,3,2022-10-29,2023-02-06,154.57,906
CUST10712,Matthew Keller,Washington,Bachelor,Female,42,Yes,3,2021-01-05,2021-04-12,226.61,1571
CUST10616,Mark Ryan,New York,Bachelor,Male,66,No,0,2021-03-28,2024-06-24,61.62,402
CUST10060,Nathaniel Price,California,Master,Female,47,No,2,2022-12-14,2025-03-31,176.91,122
CUST10790,Michael Mitchell,Georgia,Master,Non-Binary,45,No,1,2022-07-19,2025-02-04,238.49,177
CUST10100,Timothy Cook,Georgia,High School,Female,39,Yes,1,2024-07-28,2024-11-19,353.28,254
CUST10985,Melanie Garcia,Florida,Master,Male,22,Yes,2,2020-08-07,2024-12-16,136.23,227
CUST10105,Shelley King,Colorado,Bachelor,Male,65,No,2,2022-06-22,2024-10-20,57.96,284
CUST10752,Paula Ross,Washington,Bachelor,Non-Binary,46,Yes,2,2021-04-04,2024-05-14,186.64,443
CUST10795,Jamie Gardner,Washington,Associate,Female,47,No,1,2020-11-12,2023-10-01,507.46,669
CUST10655,Tammy Stevens,Illinois,PhD,Female,80,No,0,2022-03-10,2025-03-05,128.77,148
CUST10016,Melinda Smith,Florida,Associate,Male,65,No,4,2020-12-07,2021-01-17,135.19,1656
CUST10358,Scott Finley,Ohio,High School,Male,21,Yes,2,2021-10-31,2022-09-10,90.16,1055
CUST10368,Benjamin Weber,Washington,Associate,Male,34,Yes,2,2021-01-11,2024-10-06,490.82,298
CUST10908,Adam Ellison,Washington,High School,Female,77,Yes,1,2021-07-12,2022-07-15,457.95,1112
CUST10210,Jon Rich,Illinois,PhD,Non-Binary,34,No,3,2021-08-28,2022-08-03,164.63,1093
CUST10905,Virginia Ramsey,Georgia,Master,Non-Binary,25,No,2,2022-06-17,2024-12-05,244.07,238
CUST10451,Dominique Hughes,New York,High School,Female,26,No,2,2024-03-27,2025-04-12,789.72,110
CUST10910,Justin Scott,Washington,Bachelor,Male,23,Yes,1,2023-07-04,2025-03-04,360.21,149
CUST10965,Kristin Dillon,Illinois,Master,Male,40,Yes,2,2022-07-29,2025-05-15,98.04,77
CUST10387,Jamie Anderson,California,High School,Male,77,Yes,2,2021-03-25,2023-02-01,380.32,911
CUST10414,Kenneth Davis,Arizona,High School,Male,27,No,0,2022-01-19,2025-04-17,298.0,105
CUST10178,Ryan Diaz,Florida,Master,Female,18,Yes,3,2021-07-03,2024-09-06,81.16,328
CUST10436,Sean Santos,Georgia,Bachelor,Non-Binary,68,Yes,2,2021-12-19,2025-05-01,220.67,91
CUST10160,Donald Jones,Illinois,PhD,Female,74,No,0,2020-08-15,2024-12-19,453.53,224
CUST10756,Melissa Roberts,Illinois,PhD,Male,24,No,2,2024-03-30,2024-10-14,174.95,290
CUST10355,Wendy Diaz,Ohio,High School,Male,22,Yes,2,2022-06-05,2025-06-05,396.29,56
CUST10592,Suzanne Mclaughlin,Florida,High School,Female,57,No,0,2022-01-02,2024-11-21,261.22,252
CUST10877,David Vazquez,Arizona,Master,Male,26,Yes,1,2022-10-15,2024-03-11,318.47,507
CUST10917,Beth Henry,Illinois,Bachelor,Female,51,No,1,2024-01-02,2024-04-05,396.56,482
CUST10890,Lucas Smith,Colorado,High School,Female,26,No,1,2022-06-07,2022-11-13,255.59,991
CUST10829,Phillip Johnson,California,Master,Female,78,No,1,2020-08-02,2021-04-06,72.92,1577
CUST10488,Brooke Turner,California,Associate,Male,39,Yes,0,2023-03-10,2025-07-11,60.86,20
CUST10593,Phillip Padilla,Arizona,High School,Female,55,No,0,2020-12-08,2025-06-26,180.81,35
CUST10668,Mary Hill,California,Associate,Non-Binary,23,Yes,1,2023-12-17,2024-02-25,187.16,522
CUST10152,Catherine Santiago,New York,Master,Female,75,No,1,2021-05-10,2023-07-31,607.2,731
CUST10650,Phillip Taylor,Ohio,PhD,Non-Binary,70,Yes,1,2023-12-13,2024-06-24,240.8,402
CUST10580,Kayla Gonzalez,Georgia,High School,Female,45,No,1,2021-11-28,2023-06-06,44.17,786
CUST10634,Jane Rocha,Ohio,Associate,Female,26,No,2,2023-03-24,2023-03-31,213.85,853
CUST10917,Beth Henry,Illinois,Bachelor,Female,51,No,1,2024-01-02,2025-06-22,437.98,39
CUST10307,Jennifer Wheeler,Ohio,Bachelor,Female,20,Yes,1,2021-10-13,2025-01-09,60.54,203
CUST10146,Beverly Webb,Georgia,Master,Female,78,No,2,2023-09-06,2024-09-10,219.53,324
CUST10275,Gavin Martinez,Colorado,Associate,Non-Binary,22,Yes,2,2021-08-04,2023-03-29,688.51,855
CUST10687,Deborah Gibson,Texas,High School,Male,48,Yes,2,2024-06-21,2024-10-29,628.47,275
CUST10411,Whitney Lucas,Colorado,Associate,Non-Binary,39,No,2,2022-09-04,2025-01-03,103.77,209
CUST10959,Angela Huber,Arizona,PhD,Non-Binary,70,No,0,2021-10-14,2021-12-25,87.66,1314
CUST10010,Joseph Reed,Florida,High School,Female,29,No,0,2020-09-01,2022-10-28,380.36,1007
CUST10234,Chelsea Reynolds,Illinois,Master,Non-Binary,73,Yes,1,2023-07-02,2025-05-28,131.58,64
CUST10874,Shannon Clayton,Arizona,PhD,Female,53,No,2,2022-09-11,2023-06-27,153.7,765
CUST10107,Shelley Mcdowell,Florida,High School,Male,61,No,0,2020-08-17,2025-06-18,445.23,43
CUST10689,Jonathan Tucker,Florida,PhD,Non-Binary,53,No,0,2021-07-06,2024-09-26,84.17,308
CUST10019,Lisa Murray,New York,Bachelor,Non-Binary,70,No,0,2023-04-16,2024-09-28,108.81,306
CUST10051,Mary Mccullough,California,Master,Male,34,No,2,2022-06-27,2023-10-31,305.2,639
CUST10478,Samantha Lowe,California,Associate,Non-Binary,44,Yes,2,2021-12-24,2022-01-04,368.15,1304
CUST10563,Jim Johnson PhD,Illinois,Associate,Male,44,No,2,2021-12-27,2022-03-18,484.61,1231
CUST10705,Sarah Hodge,California,Bachelor,Female,25,No,2,2023-10-07,2025-03-12,89.7,141
CUST10357,John Thomas,Ohio,Master,Female,63,Yes,0,2023-03-10,2024-06-20,261.12,406
CUST10568,Scott Weeks,New York,Associate,Female,62,No,0,2023-07-17,2024-07-11,377.47,385
CUST10249,Randall Johnson,Arizona,PhD,Male,73,No,2,2023-10-14,2024-12-29,715.7,214
CUST10631,Jennifer Durham,Ohio,Bachelor,Male,51,Yes,4,2024-03-21,2025-06-11,127.05,50
CUST10989,David Hernandez,California,High School,Non-Binary,35,Yes,1,2023-07-23,2024-05-05,248.48,452
CUST10619,Henry Martinez,Colorado,High School,Male,37,No,0,2021-11-24,2022-11-15,544.28,989
CUST10731,Daniel Salas,Florida,High School,Male,54,Yes,1,2020-12-05,2022-04-13,196.74,1205
CUST10933,Jonathan Lewis,Texas,Associate,Male,37,Yes,3,2022-02-16,2025-03-23,493.68,130
CUST10769,Jason Morales,California,Master,Non-Binary,48,No,1,2022-11-04,2025-04-02,315.64,120
CUST10599,Laura Charles,Arizona,Associate,Male,20,No,2,2022-08-30,2024-12-26,1459.63,217
CUST10014,Matthew Alvarez,Texas,High School,Non-Binary,40,No,2,2022-09-12,2023-11-02,318.92,637
CUST10741,Dr. Erica Perez,California,Master,Male,73,No,0,2022-03-19,2024-05-21,1024.94,436
CUST10964,Carla Johnson,Washington,PhD,Non-Binary,19,Yes,1,2023-08-04,2024-09-08,367.15,326
CUST10072,Scott Williams,Florida,Bachelor,Male,54,No,0,2022-03-18,2022-06-14,184.78,1143
CUST10427,Jesse Robinson,Washington,Master,Male,75,No,0,2022-02-14,2025-03-12,419.68,141
CUST10891,Miss Alyssa Garcia,Washington,Master,Male,78,Yes,0,2021-07-20,2022-11-23,468.38,981
CUST10025,Timothy Wright,Ohio,Master,Female,58,Yes,2,2021-06-12,2023-09-28,149.76,672
CUST10099,Danielle Huffman,New York,High School,Non-Binary,18,No,2,2021-12-09,2024-02-09,181.68,538
CUST10464,Edwin Woodward,Colorado,Master,Non-Binary,40,No,0,2022-11-07,2025-02-06,48.68,175
CUST10580,Kayla Gonzalez,Georgia,High School,Female,45,No,1,2021-11-28,2022-10-16,38.2,1019
CUST10482,Mark Clark,Arizona,Bachelor,Male,39,No,1,2020-08-15,2025-04-26,91.65,96
CUST10429,Steven Simmons,Florida,PhD,Male,71,Yes,1,2021-03-24,2022-05-04,168.86,1184
CUST10881,Charles Roach,Illinois,Master,Non-Binary,63,Yes,2,2024-01-24,2025-06-16,310.22,45
CUST10297,Michelle Rogers,Arizona,Master,Female,40,Yes,2,2024-07-24,2025-05-14,335.44,78
CUST10464,Edwin Woodward,Colorado,Master,Non-Binary,40,No,0,2022-11-07,2024-11-27,99.58,246
CUST10148,Erin Mason,Florida,PhD,Male,37,Yes,2,2020-11-28,2021-02-06,174.22,1636
CUST10030,Matthew Tran,New York,Master,Male,47,No,2,2022-11-08,2022-12-31,72.68,943
CUST10157,Justin Wilson PhD,Texas,High School,Male,76,Yes,0,2024-04-08,2025-05-25,317.42,67
CUST10688,Christine Martinez,New York,Associate,Male,54,Yes,1,2024-02-24,2025-05-02,208.39,90
CUST10862,James Blake,Texas,Associate,Non-Binary,26,No,0,2021-03-20,2024-06-20,152.34,406
CUST10241,Logan Garcia,Georgia,High School,Non-Binary,69,Yes,1,2022-03-23,2024-05-29,478.54,428
CUST10754,Brian Harris,California,Master,Male,28,Yes,1,2021-05-02,2023-07-19,77.05,743
CUST10195,Barbara Hernandez,Georgia,High School,Female,39,No,1,2023-12-23,2024-09-02,343.72,332
CUST10824,Megan Perry,Illinois,High School,Non-Binary,74,Yes,2,2020-09-11,2025-07-24,318.38,7
CUST10944,Elizabeth Burton,Georgia,Bachelor,Male,65,No,0,2022-01-21,2024-01-21,352.22,557
CUST10510,Timothy Mclaughlin,Illinois,Bachelor,Non-Binary,20,No,0,2020-09-08,2021-07-13,58.38,1479
CUST10286,Nicole Porter DVM,New York,Master,Male,46,Yes,0,2024-02-09,2024-05-10,85.45,447
CUST10532,Lee Miller,California,High School,Non-Binary,61,No,0,2021-12-28,2023-05-21,524.46,802
CUST10285,Miranda Stone,Arizona,Associate,Female,45,No,2,2023-09-09,2024-05-28,497.76,429
CUST10714,Bradley Williams,Georgia,Associate,Male,75,No,1,2023-05-10,2024-12-05,166.11,238
CUST10561,Joseph Krueger,Florida,Associate,Female,24,Yes,0,2022-06-30,2022-08-19,529.62,1077
CUST10028,Mark Gates,Ohio,PhD,Non-Binary,58,Yes,0,2022-07-12,2022-08-06,187.4,1090
CUST10418,Lee Young,Ohio,Bachelor,Male,44,Yes,4,2023-12-30,2024-04-23,442.88,464
CUST10738,Tanya Wilkinson,New York,Associate,Non-Binary,62,Yes,0,2023-02-09,2023-05-20,198.86,803
CUST10339,Denise Thompson,Colorado,Associate,Non-Binary,68,No,3,2022-05-15,2022-07-17,889.27,1110
CUST10119,Kenneth Ponce,Ohio,High School,Male,38,No,0,2020-10-28,2021-07-09,261.56,1483
CUST10446,Mr. David Ramirez,California,Bachelor,Female,65,No,0,2023-12-03,2025-02-27,339.58,154
CUST10848,Brandon Phillips,Washington,Bachelor,Male,55,No,4,2023-03-02,2024-01-05,246.11,573
CUST10296,Felicia Ward,New York,High School,Male,71,Yes,4,2022-09-20,2023-12-09,176.22,600
CUST10140,Sean Becker,Texas,Associate,Male,41,No,2,2024-06-10,2024-07-30,216.44,366
CUST10647,Jennifer Acevedo,New York,Bachelor,Female,19,Yes,2,2021-03-18,2021-11-18,42.33,1351
CUST10229,Andrea Roberts,Illinois,High School,Male,76,No,1,2022-02-01,2024-01-25,102.0,553
CUST10391,Melissa Patrick,Florida,PhD,Non-Binary,76,No,2,2021-06-08,2022-08-25,564.84,1071
CUST10413,Sarah Nelson,Georgia,Master,Male,20,Yes,1,2020-12-14,2021-08-13,372.22,1448
CUST10471,Brian Mullins,Arizona,PhD,Female,77,Yes,1,2020-09-18,2021-01-04,105.94,1669
CUST10177,Dr. Regina King PhD,Texas,Associate,Female,58,Yes,0,2020-09-24,2024-10-28,124.65,276
CUST10516,Anna Fleming,New York,Master,Female,36,No,2,2021-07-13,2025-03-07,255.42,146
CUST10323,Brandon Walton,Washington,Associate,Male,54,Yes,3,2024-07-15,2025-03-27,375.92,126
CUST10078,Elizabeth Hall,California,Master,Male,51,No,2,2024-04-24,2024-05-10,240.45,447
CUST10462,Billy Thompson,Ohio,Associate,Male,37,Yes,4,2023-12-14,2025-04-01,80.44,121
CUST10838,Derek Salinas,Ohio,Associate,Non-Binary,62,Yes,1,2021-12-06,2023-09-03,68.14,697
CUST10130,Eric Nelson,Ohio,Bachelor,Female,44,Yes,1,2022-01-19,2022-08-30,570.17,1066
CUST10660,Erin Pham,California,Master,Female,26,No,2,2024-02-11,2025-04-19,104.8,103
CUST10655,Tammy Stevens,Illinois,PhD,Female,80,No,0,2022-03-10,2024-06-04,535.58,422
CUST10239,Paul Davis,New York,Bachelor,Female,72,Yes,1,2021-04-24,2024-05-20,197.89,437
CUST10322,Sheila Holmes,New York,Bachelor,Female,18,Yes,0,2021-12-26,2022-09-08,255.25,1057
CUST10351,Terri Newman,Georgia,Master,Non-Binary,51,No,1,2020-10-11,2024-08-02,297.62,363
CUST10230,Ricky Skinner,Arizona,PhD,Male,40,Yes,1,2023-05-18,2024-11-17,705.37,256
CUST10317,Travis Hubbard,Texas,Associate,Male,74,No,1,2022-04-16,2024-03-11,87.49,507
CUST10380,Thomas Kelly,Colorado,Bachelor,Non-Binary,77,Yes,1,2022-08-31,2024-07-03,604.61,393
CUST10347,Kristine Phillips,Washington,Master,Non-Binary,37,No,2,2020-12-25,2022-09-16,221.65,1049
CUST10130,Eric Nelson,Ohio,Bachelor,Female,44,Yes,1,2022-01-19,2023-02-07,632.64,905
CUST10079,Amber Moreno,Florida,Bachelor,Male,46,No,3,2023-08-11,2025-06-22,218.11,39
CUST10631,Jennifer Durham,Ohio,Bachelor,Male,51,Yes,4,2024-03-21,2024-06-11,372.32,415
CUST10151,Dawn Elliott,Arizona,High School,Male,41,No,2,2022-07-07,2022-10-20,262.54,1015
CUST10249,Randall Johnson,Arizona,PhD,Male,73,No,2,2023-10-14,2024-09-11,234.46,323
CUST10545,Alexander Ramirez,Illinois,Master,Female,67,No,0,2022-11-11,2024-07-09,29.53,387
CUST10527,Jessica Green,California,Associate,Male,64,No,1,2021-09-29,2023-11-25,237.39,614
CUST10680,Samantha Johnson,Texas,PhD,Male,80,Yes,0,2022-10-05,2025-02-14,404.96,167
CUST10453,Christian Villanueva,California,Master,Non-Binary,33,No,2,2023-02-23,2024-11-03,158.79,270
CUST10580,Kayla Gonzalez,Georgia,High School,Female,45,No,1,2021-11-28,2024-10-14,209.69,290
CUST10263,Rodney James,Ohio,High School,Non-Binary,61,No,0,2023-11-20,2024-08-04,715.1,361
CUST10370,Brandi Black,California,High School,Female,42,Yes,1,2023-05-31,2024-12-28,47.51,215
CUST10152,Catherine Santiago,New York,Master,Female,75,No,1,2021-05-10,2022-12-15,222.77,959
CUST10409,Gwendolyn Brooks,Illinois,High School,Female,26,Yes,0,2021-04-01,2025-03-31,140.53,122
CUST10864,Travis Christensen,California,Bachelor,Non-Binary,65,No,1,2024-07-26,2025-01-15,453.09,197
CUST10474,John Graham,Washington,Bachelor,Female,73,No,2,2023-02-06,2023-12-24,297.7,585
CUST10717,Ashley Lee,New York,Master,Female,76,Yes,0,2024-06-25,2025-05-25,309.64,67
CUST10594,Ashley Pope,Washington,Associate,Male,31,No,0,2023-10-13,2024-09-24,540.89,310
CUST10398,Teresa Gardner,Illinois,High School,Male,72,Yes,3,2023-12-01,2024-10-29,273.95,275
CUST10336,Garrett Sanders,Florida,Master,Non-Binary,69,No,3,2021-10-17,2024-05-18,313.11,439
CUST10238,Ruben Hendricks,Texas,Master,Male,52,No,1,2024-06-07,2024-06-29,184.35,397
CUST10887,Jason James,Georgia,PhD,Female,66,No,0,2022-06-28,2024-11-06,356.87,267
CUST10135,Deanna Payne,Ohio,Associate,Female,51,Yes,0,2023-11-11,2025-02-07,242.53,174
CUST10691,John Velasquez,Ohio,Associate,Female,66,No,0,2021-11-22,2024-06-05,275.51,421
CUST10616,Mark Ryan,New York,Bachelor,Male,66,No,0,2021-03-28,2021-12-28,435.84,1311
CUST10161,Barbara Jones,Ohio,High School,Male,54,Yes,1,2024-04-21,2024-06-04,96.59,422
CUST10078,Elizabeth Hall,California,Master,Male,51,No,2,2024-04-24,2025-02-06,314.74,175
CUST10983,Sean Galloway,Colorado,High School,Non-Binary,66,Yes,1,2022-02-10,2024-08-10,1089.56,355
CUST10268,Michelle Martinez,New York,Bachelor,Female,55,Yes,1,2022-03-29,2024-02-24,225.07,523
CUST10814,Kristin Beard,Texas,Master,Non-Binary,47,Yes,2,2022-01-08,2022-07-30,501.92,1097
CUST10573,Brandy Willis,Arizona,High School,Male,72,Yes,0,2020-08-02,2022-06-06,248.27,1151
CUST10929,John Brown,Arizona,PhD,Non-Binary,31,Yes,0,2023-08-06,2024-12-19,106.34,224
CUST10207,Audrey Jones,Washington,High School,Non-Binary,60,No,1,2020-12-26,2021-10-04,151.86,1396
CUST10248,Michelle Rojas,Arizona,Master,Non-Binary,65,No,4,2021-05-06,2024-11-21,643.07,252
CUST10838,Derek Salinas,Ohio,Associate,Non-Binary,62,Yes,1,2021-12-06,2025-01-21,830.29,191
CUST10334,Luis Davies,Arizona,Bachelor,Non-Binary,68,No,1,2024-06-26,2025-04-14,51.18,108
CUST10359,Erica Cherry,Georgia,PhD,Female,53,No,0,2020-10-08,2021-08-18,423.43,1443
CUST10993,Dawn Williams,Arizona,Associate,Male,39,Yes,0,2020-10-10,2023-01-09,397.5,934
CUST10758,Nicolas Cruz,Illinois,Master,Male,66,No,1,2022-02-25,2022-11-01,388.11,1003
CUST10645,Scott Daniels,Ohio,Bachelor,Female,41,Yes,2,2023-05-24,2024-06-26,90.7,400
CUST10791,Leon Austin,Texas,Bachelor,Male,40,No,1,2024-02-12,2024-06-02,70.39,424
CUST10917,Beth Henry,Illinois,Bachelor,Female,51,No,1,2024-01-02,2025-04-16,109.17,106
CUST10858,Lisa Wong,Arizona,Master,Female,75,Yes,2,2021-02-19,2023-09-18,186.17,682
CUST10338,Charles Davis,Arizona,Master,Female,50,Yes,3,2023-07-14,2025-05-30,517.31,62
CUST10063,James Allen,Washington,High School,Non-Binary,47,No,2,2021-08-11,2024-04-14,424.23,473
CUST10030,Matthew Tran,New York,Master,Male,47,No,2,2022-11-08,2023-06-25,478.35,767
CUST10573,Brandy Willis,Arizona,High School,Male,72,Yes,0,2020-08-02,2024-09-02,191.42,332
CUST10645,Scott Daniels,Ohio,Bachelor,Female,41,Yes,2,2023-05-24,2023-10-30,797.0,640
CUST10845,Jennifer Khan,Washington,PhD,Female,78,Yes,1,2023-10-27,2024-12-29,292.24,214
CUST10784,Connie Page,Georgia,High School,Female,51,No,0,2023-10-30,2024-11-28,296.92,245
CUST10482,Mark Clark,Arizona,Bachelor,Male,39,No,1,2020-08-15,2023-11-03,721.61,636
CUST10207,Audrey Jones,Washington,High School,Non-Binary,60,No,1,2020-12-26,2022-01-28,32.09,1280
CUST10319,Scott Perez,Florida,High School,Non-Binary,47,Yes,1,2021-09-19,2024-08-06,384.97,359
CUST10077,James Chang,Georgia,Associate,Non-Binary,76,Yes,2,2022-10-10,2024-12-31,297.65,212
CUST10678,Nancy Rogers,Ohio,High School,Male,40,Yes,0,2022-06-09,2025-03-06,358.03,147
CUST10198,Joseph Wilson,Florida,Associate,Male,38,No,0,2020-10-06,2021-02-17,252.75,1625
CUST10714,Bradley Williams,Georgia,Associate,Male,75,No,1,2023-05-10,2023-11-24,295.86,615
CUST10574,David Jensen,New York,Bachelor,Non-Binary,51,No,4,2021-05-11,2024-09-24,97.64,310
CUST10298,Benjamin Ramirez,Georgia,Bachelor,Non-Binary,30,No,1,2024-07-03,2024-07-20,310.61,376
CUST10912,Diana Clark,Florida,High School,Non-Binary,46,Yes,1,2024-03-23,2024-08-11,309.54,354
CUST10336,Garrett Sanders,Florida,Master,Non-Binary,69,No,3,2021-10-17,2022-12-10,458.57,964
CUST10304,Adrian Gallagher,Washington,Master,Non-Binary,58,No,2,2023-10-30,2024-11-29,165.13,244
CUST10344,Jennifer Garcia,Washington,High School,Male,74,Yes,1,2020-11-22,2025-07-30,336.29,1
CUST10383,Willie Green,Colorado,PhD,Non-Binary,74,Yes,1,2022-01-22,2024-11-17,733.69,256
CUST10976,Dennis Turner,California,Master,Male,30,Yes,2,2024-05-17,2025-04-22,222.32,100
CUST10606,Patrick Peterson,Florida,Bachelor,Female,27,No,3,2022-09-14,2022-10-14,294.92,1021
CUST10781,Michelle Wiley,Arizona,Master,Non-Binary,77,Yes,3,2024-07-14,2024-10-23,202.86,281
CUST10026,Joseph Mcbride,Washington,High School,Male,27,Yes,0,2021-12-07,2024-01-18,93.35,560
CUST10707,Steven Smith,Washington,Master,Non-Binary,74,No,0,2021-01-14,2024-01-29,129.25,549
CUST10053,Melinda Beard,Illinois,High School,Male,60,Yes,1,2021-01-09,2024-05-18,410.75,439
CUST10298,Benjamin Ramirez,Georgia,Bachelor,Non-Binary,30,No,1,2024-07-03,2024-09-30,438.58,304
CUST10469,Rick Oconnell,Florida,Associate,Male,19,No,2,2023-05-24,2024-06-14,241.63,412
CUST10367,Daniel Thompson,Illinois,High School,Male,38,No,3,2023-03-26,2025-02-02,420.8,179
CUST10398,Teresa Gardner,Illinois,High School,Male,72,Yes,3,2023-12-01,2024-11-25,35.72,248
CUST10462,Billy Thompson,Ohio,Associate,Male,37,Yes,4,2023-12-14,2024-09-06,756.63,328
CUST10283,Adam Davis,Illinois,High School,Male,51,No,0,2022-06-13,2022-10-07,280.24,1028
CUST10221,Susan Reed,Texas,Bachelor,Male,25,Yes,1,2023-04-03,2024-07-21,207.0,375
CUST10993,Dawn Williams,Arizona,Associate,Male,39,Yes,0,2020-10-10,2024-05-19,390.94,438
CUST10791,Leon Austin,Texas,Bachelor,Male,40,No,1,2024-02-12,2025-03-22,49.39,131
CUST10273,Ashley Keller,Georgia,PhD,Non-Binary,46,No,0,2023-01-27,2024-12-24,194.64,219
CUST10885,Cody Pierce,New York,Bachelor,Male,36,Yes,1,2023-03-28,2023-05-04,956.54,819
CUST10238,Ruben Hendricks,Texas,Master,Male,52,No,1,2024-06-07,2024-10-19,435.3,285
CUST10940,Alexandria Potter,New York,High School,Male,72,Yes,3,2022-04-30,2022-05-12,616.61,1176
CUST10332,Susan Garner,New York,Associate,Female,30,No,0,2023-11-14,2025-01-09,387.51,203
CUST10145,Miranda Velazquez,Ohio,Master,Non-Binary,47,Yes,0,2024-05-02,2025-01-13,459.26,199
CUST10528,Mr. Gary Graham DDS,Georgia,Master,Male,35,Yes,0,2024-03-04,2024-12-08,182.5,235
CUST10104,Jamie Rose,Florida,High School,Male,51,Yes,3,2024-01-30,2024-06-15,711.47,411
CUST10271,Andrea Williams,New York,Master,Female,33,No,0,2022-01-22,2025-03-22,166.25,131
CUST10064,Chris Martin,Georgia,Associate,Male,53,Yes,3,2022-06-12,2025-05-11,198.21,81
CUST10636,Shannon Gardner,Colorado,Master,Male,23,No,1,2021-10-26,2022-12-19,618.29,955
CUST10293,Susan Davis,Illinois,Master,Male,45,Yes,2,2021-09-22,2022-04-10,569.17,1208
CUST10963,Tyler Snyder,Colorado,Bachelor,Non-Binary,23,No,0,2021-06-12,2023-05-20,287.72,803
CUST10360,Michael Wright,Illinois,Associate,Non-Binary,18,Yes,1,2021-04-25,2022-03-12,212.62,1237
CUST10392,Philip Moore,Illinois,Bachelor,Male,37,No,0,2021-01-13,2025-05-19,77.28,73
CUST10176,Phyllis Mason,California,PhD,Female,38,No,3,2021-05-02,2024-05-24,144.11,433
CUST10259,Nicholas Carter,Texas,High School,Non-Binary,32,Yes,3,2023-03-31,2024-10-26,560.15,278
CUST10601,Eric Norris,New York,Bachelor,Male,67,Yes,2,2024-02-10,2024-06-12,84.16,414
CUST10159,Anthony Floyd,New York,High School,Male,58,No,4,2024-03-26,2024-11-06,358.92,267
CUST10193,Willie Riley,Texas,PhD,Non-Binary,46,Yes,1,2023-08-19,2025-03-27,316.31,126
CUST10370,Brandi Black,California,High School,Female,42,Yes,1,2023-05-31,2024-11-20,415.67,253
CUST10877,David Vazquez,Arizona,Master,Male,26,Yes,1,2022-10-15,2024-08-20,376.72,345
CUST10733,Jean Reed,Florida,Associate,Male,68,Yes,4,2023-07-27,2023-09-29,249.15,671
CUST10766,Douglas Higgins,Colorado,High School,Female,48,Yes,1,2021-03-21,2024-08-06,314.53,359
CUST10593,Phillip Padilla,Arizona,High School,Female,55,No,0,2020-12-08,2024-06-30,174.1,396
CUST10762,Shannon Ross,Texas,Associate,Non-Binary,75,No,4,2023-03-22,2024-12-27,93.38,216
CUST10741,Dr. Erica Perez,California,Master,Male,73,No,0,2022-03-19,2022-08-21,76.87,1075
CUST10045,Amanda Berg,Illinois,Bachelor,Male,28,No,2,2023-02-23,2024-04-16,275.96,471
CUST10195,Barbara Hernandez,Georgia,High School,Female,39,No,1,2023-12-23,2025-03-10,257.84,143
CUST10935,Scott Wood MD,California,High School,Male,78,No,0,2023-02-05,2025-01-24,368.3,188
CUST10347,Kristine Phillips,Washington,Master,Non-Binary,37,No,2,2020-12-25,2022-01-24,49.29,1284
CUST10624,Kelly Ramos,Georgia,High School,Female,35,Yes,2,2021-06-16,2022-10-07,226.73,1028
CUST10197,Nicole Alvarez,Washington,Master,Male,46,Yes,1,2021-08-26,2022-11-07,319.47,997
CUST10377,Kenneth Bird,Illinois,PhD,Male,69,Yes,0,2023-06-23,2024-04-10,871.7,477
CUST10711,Tanya Moore,Arizona,PhD,Male,73,Yes,4,2023-08-30,2025-06-19,451.12,42
CUST10814,Kristin Beard,Texas,Master,Non-Binary,47,Yes,2,2022-01-08,2023-11-24,270.53,615
CUST10428,Tonya White,Colorado,High School,Male,41,No,2,2024-03-14,2025-01-11,76.22,201
CUST10471,Brian Mullins,Arizona,PhD,Female,77,Yes,1,2020-09-18,2024-08-11,97.85,354
CUST10631,Jennifer Durham,Ohio,Bachelor,Male,51,Yes,4,2024-03-21,2024-10-09,160.74,295
CUST10600,Mark Thompson,Ohio,Associate,Female,49,Yes,0,2020-10-21,2022-04-16,513.13,1202
CUST10381,Jeffrey Cook,Arizona,Master,Female,21,No,1,2021-06-16,2025-05-02,261.52,90
CUST10117,Jeffrey Miles,Arizona,High School,Male,21,Yes,2,2020-09-28,2024-02-06,1730.03,541
CUST10856,Julie Henry,Georgia,High School,Female,25,No,2,2023-12-03,2024-05-18,241.38,439
CUST10158,Heather Brown,New York,Bachelor,Male,21,Yes,2,2021-12-06,2022-12-02,330.05,972
CUST10828,Dr. Malik Zamora,Illinois,High School,Male,64,No,4,2021-06-25,2024-06-13,578.88,413
CUST10288,David Strickland,Georgia,Master,Male,27,No,0,2022-08-13,2023-11-08,385.35,631
CUST10070,Veronica Horn,Florida,Master,Female,80,No,0,2020-10-24,2022-08-29,716.19,1067
CUST10835,Riley Torres,New York,PhD,Non-Binary,49,Yes,1,2020-11-28,2023-04-04,96.23,849
CUST10955,Nicole Garcia,Colorado,Bachelor,Female,30,Yes,1,2023-11-03,2024-02-14,262.11,533
CUST10559,Lauren White,Florida,Associate,Male,68,Yes,2,2020-09-11,2023-08-27,196.48,704
CUST10869,Olivia Ramirez,New York,Bachelor,Male,61,No,1,2020-09-02,2023-11-12,149.69,627
CUST10334,Luis Davies,Arizona,Bachelor,Non-Binary,68,No,1,2024-06-26,2024-07-11,84.96,385
CUST10367,Daniel Thompson,Illinois,High School,Male,38,No,3,2023-03-26,2024-03-18,205.39,500
CUST10251,Adam Weaver,Ohio,Associate,Female,44,No,0,2023-12-17,2024-04-02,147.14,485
CUST10937,Raven Perry,Ohio,Associate,Male,71,No,2,2022-07-06,2024-11-04,554.71,269
CUST10256,Ashley Nunez,California,Bachelor,Male,51,No,0,2021-07-13,2024-05-31,163.16,426
CUST10652,William Underwood,Colorado,Associate,Female,36,No,0,2022-05-12,2022-12-09,363.09,965
CUST10836,Brandon Evans,Georgia,High School,Non-Binary,21,Yes,1,2023-03-18,2024-06-07,292.3,419
CUST10877,David Vazquez,Arizona,Master,Male,26,Yes,1,2022-10-15,2025-03-20,216.5,133
CUST10487,Theresa Crawford,Georgia,PhD,Male,18,Yes,1,2023-11-04,2024-05-28,646.8,429
CUST10600,Mark Thompson,Ohio,Associate,Female,49,Yes,0,2020-10-21,2025-01-22,266.58,190
CUST10537,Lori Hall,Arizona,PhD,Non-Binary,45,No,4,2021-12-19,2022-04-28,228.04,1190
CUST10009,Patrick Barnes,California,Bachelor,Non-Binary,41,Yes,0,2024-04-14,2024-07-14,367.05,382
CUST10975,Max Carson,Ohio,Master,Male,34,No,0,2021-03-10,2025-05-25,541.62,67
CUST10825,Gary Marshall,New York,Bachelor,Non-Binary,54,No,0,2022-08-19,2024-01-04,635.1,574
CUST10822,Laura Roy,Georgia,High School,Male,23,No,2,2024-06-16,2024-12-18,200.11,225
CUST10633,Cole Ward,Colorado,Master,Non-Binary,67,Yes,0,2023-11-04,2025-06-17,126.37,44
CUST10167,Grant Gonzales,Ohio,Bachelor,Female,53,Yes,2,2023-02-25,2024-05-16,418.31,441
CUST10413,Sarah Nelson,Georgia,Master,Male,20,Yes,1,2020-12-14,2022-12-15,777.81,959
CUST10386,Courtney Nelson,New York,High School,Male,71,No,2,2020-09-20,2024-09-29,62.9,305
CUST10531,Mary Padilla,Georgia,Bachelor,Non-Binary,23,No,0,2021-04-09,2021-10-04,580.15,1396
CUST10832,Candace Green,New York,Master,Female,73,No,1,2020-09-19,2024-10-03,309.99,301
CUST10785,Mr. Joshua Martinez,New York,High School,Female,19,No,0,2021-08-26,2023-05-10,517.83,813
CUST10333,Wendy Ponce,Ohio,Master,Male,60,Yes,4,2024-05-12,2024-07-13,237.82,383
CUST10474,John Graham,Washington,Bachelor,Female,73,No,2,2023-02-06,2023-11-05,601.01,634
CUST10725,John Tyler,Arizona,Bachelor,Female,69,No,2,2023-06-18,2023-12-22,426.75,587
CUST10867,Alexander Koch,Georgia,Bachelor,Male,53,No,4,2022-12-10,2025-01-11,114.34,201
CUST10381,Jeffrey Cook,Arizona,Master,Female,21,No,1,2021-06-16,2024-09-14,408.61,320
CUST10898,Heather Chavez,New York,Associate,Non-Binary,21,Yes,2,2024-04-21,2025-06-11,337.95,50
CUST10588,Joanna Howe,Washington,Bachelor,Non-Binary,47,No,1,2023-08-13,2025-04-02,90.8,120
CUST10482,Mark Clark,Arizona,Bachelor,Male,39,No,1,2020-08-15,2021-07-26,1042.24,1466
CUST10015,Kayla Oneill,Texas,PhD,Non-Binary,69,No,2,2021-05-07,2021-09-26,466.6,1404
CUST10881,Charles Roach,Illinois,Master,Non-Binary,63,Yes,2,2024-01-24,2025-03-09,828.91,144
CUST10881,Charles Roach,Illinois,Master,Non-Binary,63,Yes,2,2024-01-24,2024-10-15,691.77,289
CUST10674,Robert Turner,Ohio,Associate,Female,78,No,1,2021-10-06,2024-11-15,300.01,258
CUST10478,Samantha Lowe,California,Associate,Non-Binary,44,Yes,2,2021-12-24,2025-04-30,78.44,92
CUST10690,Leah Moore,Arizona,Bachelor,Non-Binary,24,Yes,1,2021-07-24,2022-08-22,371.56,1074
CUST10143,Catherine Church,Georgia,PhD,Non-Binary,74,No,2,2023-09-12,2025-03-07,419.01,146
CUST10473,Christopher Daniels,Georgia,Associate,Male,63,No,2,2024-05-20,2025-04-19,503.06,103
CUST10905,Virginia Ramsey,Georgia,Master,Non-Binary,25,No,2,2022-06-17,2023-12-27,438.42,582
CUST10613,Maria Parker,Florida,Master,Non-Binary,59,No,2,2022-03-20,2023-01-05,249.15,938
CUST10242,Kyle Klein,Ohio,Associate,Female,24,Yes,3,2023-02-07,2023-09-29,314.51,671
CUST10058,Jennifer Anderson MD,Florida,PhD,Non-Binary,49,No,3,2021-10-20,2024-08-04,571.03,361
CUST10571,Frederick Chandler,New York,High School,Male,73,No,0,2021-07-13,2021-10-23,258.92,1377
CUST10239,Paul Davis,New York,Bachelor,Female,72,Yes,1,2021-04-24,2024-03-29,220.76,489
CUST10469,Rick Oconnell,Florida,Associate,Male,19,No,2,2023-05-24,2024-07-09,339.99,387
CUST10696,Cheryl Payne,Ohio,Associate,Non-Binary,38,No,1,2023-09-07,2024-01-09,102.4,569
CUST10776,Christopher Smith,Washington,Master,Male,60,Yes,0,2024-05-03,2024-06-09,133.66,417
CUST10193,Willie Riley,Texas,PhD,Non-Binary,46,Yes,1,2023-08-19,2024-11-13,585.71,260
CUST10503,Laurie Hall,Illinois,High School,Female,27,No,0,2021-08-05,2025-01-15,546.03,197
CUST10652,William Underwood,Colorado,Associate,Female,36,No,0,2022-05-12,2024-03-21,117.33,497
CUST10565,Matthew Stone,Washington,High School,Female,59,Yes,3,2023-01-12,2025-05-29,305.14,63
CUST10668,Mary Hill,California,Associate,Non-Binary,23,Yes,1,2023-12-17,2024-12-07,243.12,236
CUST10656,William Kim,Florida,PhD,Non-Binary,25,Yes,2,2023-09-11,2024-11-08,181.18,265
CUST10467,Kaitlyn Hudson,New York,PhD,Female,55,No,2,2022-07-11,2023-01-04,464.71,939
CUST10047,Joseph Jones,New York,Bachelor,Female,75,Yes,1,2022-07-29,2023-03-30,371.58,854
CUST10297,Michelle Rogers,Arizona,Master,Female,40,Yes,2,2024-07-24,2025-03-29,392.17,124
CUST10157,Justin Wilson PhD,Texas,High School,Male,76,Yes,0,2024-04-08,2025-06-13,35.8,48
CUST10575,Beth Jensen,Colorado,Bachelor,Non-Binary,59,Yes,2,2024-07-27,2024-08-17,139.63,348
CUST10759,Christine Adkins,New York,Bachelor,Non-Binary,40,No,0,2024-01-28,2025-04-15,259.66,107
CUST10789,Chelsea Jenkins,Florida,PhD,Female,30,No,1,2022-12-11,2024-10-11,811.35,293
CUST10855,Samantha Burns,Florida,Bachelor,Female,79,No,2,2020-10-18,2023-03-01,94.72,883
CUST10150,Mary Keller,Arizona,Bachelor,Female,74,Yes,1,2021-04-01,2025-06-18,517.44,43
CUST10607,Adrienne Thomas,Georgia,Bachelor,Male,24,Yes,1,2023-08-01,2025-04-08,551.94,114
CUST10850,Elizabeth Edwards,Colorado,Bachelor,Male,34,Yes,1,2022-01-29,2023-06-21,224.3,771
CUST10836,Brandon Evans,Georgia,High School,Non-Binary,21,Yes,1,2023-03-18,2024-12-27,262.61,216
CUST10898,Heather Chavez,New York,Associate,Non-Binary,21,Yes,2,2024-04-21,2024-05-27,524.92,430
CUST10467,Kaitlyn Hudson,New York,PhD,Female,55,No,2,2022-07-11,2023-07-13,471.21,749
CUST10077,James Chang,Georgia,Associate,Non-Binary,76,Yes,2,2022-10-10,2024-06-29,282.11,397
CUST10131,Daniel Park,New York,PhD,Non-Binary,39,Yes,3,2022-10-29,2023-02-21,281.22,891
CUST10568,Scott Weeks,New York,Associate,Female,62,No,0,2023-07-17,2023-08-03,526.51,728
CUST10728,Barbara Baker,Florida,Associate,Male,60,Yes,1,2021-10-04,2024-02-03,76.71,544
CUST10511,Tiffany Hayes,Colorado,Associate,Non-Binary,34,No,0,2022-04-26,2024-08-29,206.56,336
CUST10360,Michael Wright,Illinois,Associate,Non-Binary,18,Yes,1,2021-04-25,2021-05-02,662.98,1551
CUST10320,Tina Duncan,New York,Bachelor,Female,70,Yes,3,2023-10-07,2024-08-30,356.38,335
CUST10194,Frank Fletcher,Washington,High School,Non-Binary,61,No,0,2023-06-05,2023-06-09,166.7,783
CUST10472,Heather Ferguson,Georgia,Master,Male,38,No,2,2024-03-20,2025-01-23,632.14,189
CUST10695,Jennifer Burton,Washington,Master,Male,72,Yes,0,2024-04-05,2025-04-27,555.35,95
CUST10822,Laura Roy,Georgia,High School,Male,23,No,2,2024-06-16,2024-12-25,27.65,218
CUST10260,Karen Kim,California,Master,Non-Binary,54,No,0,2024-03-27,2024-06-30,145.08,396
CUST10742,Kayla Hunter,Colorado,Bachelor,Female,65,Yes,0,2023-11-08,2024-08-31,534.89,334
CUST10189,Madison Watts,California,PhD,Non-Binary,19,Yes,2,2021-04-29,2022-12-12,373.24,962
CUST10794,Whitney Nichols,Georgia,Bachelor,Female,43,No,1,2021-03-07,2021-07-24,566.04,1468
CUST10442,Michelle Smith,New York,High School,Female,76,No,1,2022-01-05,2022-01-13,534.03,1295
CUST10645,Scott Daniels,Ohio,Bachelor,Female,41,Yes,2,2023-05-24,2025-04-06,163.32,116
CUST10322,Sheila Holmes,New York,Bachelor,Female,18,Yes,0,2021-12-26,2024-08-10,91.11,355
CUST10139,Julie Preston,Colorado,PhD,Non-Binary,18,Yes,3,2024-03-29,2024-05-18,494.59,439
CUST10017,Kenneth Ferguson,Florida,High School,Male,74,No,1,2023-07-25,2025-04-27,296.86,95
CUST10449,John Lloyd,Arizona,Master,Non-Binary,31,Yes,0,2022-07-03,2024-06-19,135.6,407
CUST10623,Dennis Howell,Georgia,PhD,Male,77,No,2,2024-01-06,2024-02-23,6.64,524
CUST10343,Laura Atkins,Arizona,Bachelor,Non-Binary,52,Yes,1,2023-05-26,2023-10-24,344.74,646
CUST10382,Crystal Hines,Ohio,High School,Male,41,Yes,1,2022-06-10,2025-07-05,137.5,26
CUST10991,Kevin Beck,Florida,Bachelor,Female,80,No,4,2024-02-13,2024-05-08,352.8,449
CUST10426,Jessica Anderson,Washington,High School,Female,38,Yes,2,2023-05-10,2025-04-10,88.18,112
CUST10234,Chelsea Reynolds,Illinois,Master,Non-Binary,73,Yes,1,2023-07-02,2025-07-25,240.44,6
CUST10935,Scott Wood MD,California,High School,Male,78,No,0,2023-02-05,2024-09-30,536.75,304
CUST10118,Hannah Williams,New York,Master,Non-Binary,46,Yes,3,2020-11-19,2024-01-18,582.85,560
CUST10242,Kyle Klein,Ohio,Associate,Female,24,Yes,3,2023-02-07,2025-07-05,52.6,26
CUST10268,Michelle Martinez,New York,Bachelor,Female,55,Yes,1,2022-03-29,2023-12-12,325.68,597
CUST10336,Garrett Sanders,Florida,Master,Non-Binary,69,No,3,2021-10-17,2023-07-22,225.79,740
CUST10194,Frank Fletcher,Washington,High School,Non-Binary,61,No,0,2023-06-05,2024-12-21,381.84,222
CUST10115,Jon Chang,Arizona,Associate,Male,62,Yes,0,2023-04-13,2023-10-05,616.01,665
CUST10789,Chelsea Jenkins,Florida,PhD,Female,30,No,1,2022-12-11,2023-05-16,320.99,807
CUST10195,Barbara Hernandez,Georgia,High School,Female,39,No,1,2023-12-23,2024-04-20,322.27,467
CUST10960,Michael Stephenson,Ohio,PhD,Female,49,Yes,2,2022-04-26,2022-09-29,410.85,1036
CUST10390,Dr. Phillip Brooks,Florida,High School,Male,53,Yes,2,2022-05-29,2023-06-16,961.87,776
CUST10789,Chelsea Jenkins,Florida,PhD,Female,30,No,1,2022-12-11,2024-03-01,283.04,517
CUST10325,Valerie Shelton,New York,Associate,Male,21,No,0,2022-03-17,2023-10-15,339.36,655
CUST10066,Richard Walker,California,Bachelor,Non-Binary,71,Yes,0,2022-10-24,2024-06-10,60.75,416
CUST10411,Whitney Lucas,Colorado,Associate,Non-Binary,39,No,2,2022-09-04,2022-11-04,853.95,1000
CUST10816,Victoria Smith,Colorado,Bachelor,Non-Binary,38,No,2,2023-12-26,2025-07-16,329.94,15
CUST10113,Sean Mathews,Arizona,Associate,Non-Binary,65,No,1,2023-07-17,2025-01-07,349.9,205
CUST10925,Dr. Joshua Patel,Arizona,PhD,Female,53,Yes,0,2022-11-10,2025-07-18,448.94,13
CUST10143,Catherine Church,Georgia,PhD,Non-Binary,74,No,2,2023-09-12,2024-08-21,421.16,344
CUST10140,Sean Becker,Texas,Associate,Male,41,No,2,2024-06-10,2025-05-01,188.38,91
CUST10967,Earl Waller,New York,Bachelor,Male,57,Yes,1,2022-09-26,2023-02-01,243.7,911
CUST10419,Gina Klein,Arizona,Bachelor,Male,36,No,2,2020-11-28,2024-09-20,513.07,314
CUST10004,Randy Richardson,Ohio,Associate,Non-Binary,68,No,1,2022-08-01,2023-08-05,342.11,726
CUST10381,Jeffrey Cook,Arizona,Master,Female,21,No,1,2021-06-16,2023-08-17,75.08,714
CUST10055,Bethany Keller,Georgia,Associate,Female,43,Yes,3,2024-06-08,2024-07-05,336.0,391
CUST10692,Heidi Tucker,Florida,PhD,Female,68,No,2,2022-12-26,2023-04-19,109.7,834
CUST10278,Brenda Conway,Arizona,Bachelor,Non-Binary,55,Yes,1,2022-12-16,2024-08-19,313.58,346
CUST10212,Joseph Williams,Arizona,Associate,Female,39,No,1,2021-03-13,2023-10-01,285.25,669
CUST10655,Tammy Stevens,Illinois,PhD,Female,80,No,0,2022-03-10,2024-03-21,320.12,497
CUST10817,Veronica Davidson,Ohio,PhD,Male,74,Yes,2,2022-12-15,2024-04-09,202.85,478
CUST10304,Adrian Gallagher,Washington,Master,Non-Binary,58,No,2,2023-10-30,2025-03-30,138.64,123
CUST10962,Richard Rogers,Colorado,Associate,Female,26,No,0,2024-05-08,2025-05-19,299.03,73
CUST10509,Andrew Griffith,Washington,PhD,Male,32,No,0,2023-08-20,2025-03-06,530.02,147
CUST10372,Jennifer Sullivan,Ohio,PhD,Female,50,No,0,2023-05-30,2023-07-22,119.56,740
CUST10957,Stephanie Mills,Colorado,Associate,Non-Binary,73,Yes,1,2023-06-02,2024-12-16,312.1,227
CUST10096,Laura White,California,High School,Female,41,Yes,0,2020-08-06,2022-06-03,634.8,1154
CUST10476,Brad Jones,Illinois,Bachelor,Male,56,No,0,2024-01-21,2025-03-18,216.68,135
CUST10574,David Jensen,New York,Bachelor,Non-Binary,51,No,4,2021-05-11,2024-09-28,301.78,306
CUST10178,Ryan Diaz,Florida,Master,Female,18,Yes,3,2021-07-03,2023-12-28,847.87,581
CUST10211,Jessica Calhoun,Texas,High School,Male,36,No,1,2020-09-21,2025-07-15,430.79,16
CUST10186,John Marshall,Texas,Associate,Male,80,Yes,1,2023-04-01,2025-01-19,535.98,193
CUST10964,Carla Johnson,Washington,PhD,Non-Binary,19,Yes,1,2023-08-04,2023-09-07,162.16,693
CUST10485,Jessica Reid,Florida,Associate,Non-Binary,68,No,1,2022-05-09,2023-12-14,215.57,595
CUST10624,Kelly Ramos,Georgia,High School,Female,35,Yes,2,2021-06-16,2021-10-18,181.42,1382
CUST10177,Dr. Regina King PhD,Texas,Associate,Female,58,Yes,0,2020-09-24,2022-04-22,171.6,1196
CUST10905,Virginia Ramsey,Georgia,Master,Non-Binary,25,No,2,2022-06-17,2024-09-06,141.76,328
CUST10816,Victoria Smith,Colorado,Bachelor,Non-Binary,38,No,2,2023-12-26,2025-02-22,271.5,159
CUST10833,Steven Burns,Georgia,PhD,Female,60,No,1,2023-08-24,2024-03-22,133.71,496
CUST10077,James Chang,Georgia,Associate,Non-Binary,76,Yes,2,2022-10-10,2025-03-22,37.49,131
CUST10306,Brittany Huff,Florida,Master,Female,54,No,2,2022-10-10,2024-11-07,720.95,266
CUST10255,Paul Smith,Florida,Master,Non-Binary,38,No,0,2022-03-20,2022-06-27,492.11,1130
CUST10219,Karen Johns,Texas,High School,Female,28,Yes,1,2021-12-06,2022-03-11,394.51,1238
CUST10557,Shane Ross,Texas,Associate,Male,23,Yes,3,2021-03-15,2022-04-16,664.25,1202
CUST10924,Christopher Craig,Florida,PhD,Female,23,No,1,2024-02-23,2025-05-13,116.8,79
CUST10088,Michael Brooks,California,Bachelor,Female,20,Yes,1,2024-02-16,2025-07-18,536.89,13
CUST10400,Daniel Gregory,Colorado,Associate,Female,38,Yes,2,2022-09-20,2024-05-05,16.93,452
CUST10899,Megan Olson,Georgia,Associate,Female,50,Yes,0,2023-03-26,2025-04-15,454.45,107
CUST10901,Matthew Miller,Ohio,High School,Male,23,No,2,2022-02-09,2022-02-13,435.11,1264
CUST10764,Cassie Morgan,Florida,Bachelor,Non-Binary,67,Yes,1,2024-07-14,2025-04-08,740.07,114
CUST10555,Andrew Watson,California,PhD,Female,64,No,0,2022-09-10,2023-10-23,117.7,647
CUST10124,Luis Villa,Illinois,High School,Female,39,Yes,2,2023-03-06,2025-02-03,91.35,178
CUST10524,Cassie Ray,California,Bachelor,Non-Binary,46,No,0,2024-06-25,2025-07-25,405.43,6
CUST10169,Jessica Figueroa,Washington,PhD,Male,78,No,0,2023-05-24,2024-07-25,362.59,371
CUST10753,Alison Mccarthy,Georgia,Associate,Male,56,Yes,1,2021-02-25,2023-06-29,121.01,763
CUST10254,Dean Wright,Florida,PhD,Male,80,No,0,2021-05-30,2022-10-16,141.9,1019
CUST10299,Nancy Wu,Arizona,Master,Female,72,No,2,2021-05-09,2022-09-21,269.58,1044
CUST10203,Kim Bennett,Florida,High School,Female,43,No,0,2021-03-25,2022-02-21,624.66,1256
CUST10790,Michael Mitchell,Georgia,Master,Non-Binary,45,No,1,2022-07-19,2025-01-25,437.03,187
CUST10369,Matthew Coleman,New York,Associate,Female,73,Yes,1,2024-07-26,2025-04-03,302.89,119
CUST10099,Danielle Huffman,New York,High School,Non-Binary,18,No,2,2021-12-09,2025-03-18,243.6,135
CUST10334,Luis Davies,Arizona,Bachelor,Non-Binary,68,No,1,2024-06-26,2025-02-28,605.71,153
CUST10931,Cathy Brown,Florida,Bachelor,Female,21,No,0,2022-01-21,2022-06-06,156.49,1151
CUST10845,Jennifer Khan,Washington,PhD,Female,78,Yes,1,2023-10-27,2024-01-02,123.83,576
CUST10240,Travis Herring,Colorado,High School,Non-Binary,34,Yes,0,2024-07-02,2025-02-01,423.96,180
CUST10868,Michael Crawford,Illinois,Associate,Male,48,Yes,1,2021-08-20,2021-10-30,151.1,1370
CUST10550,Derrick Daniel,Colorado,Bachelor,Male,77,No,2,2022-03-07,2024-04-08,374.93,479
CUST10656,William Kim,Florida,PhD,Non-Binary,25,Yes,2,2023-09-11,2024-12-11,181.8,232
CUST10659,Andrew Lang,Florida,PhD,Male,58,Yes,1,2022-11-29,2023-10-20,40.03,650
CUST10482,Mark Clark,Arizona,Bachelor,Male,39,No,1,2020-08-15,2023-07-12,245.86,750
CUST10769,Jason Morales,California,Master,Non-Binary,48,No,1,2022-11-04,2024-04-26,888.69,461
CUST10188,Jennifer Hart,Washington,Bachelor,Non-Binary,44,Yes,0,2024-04-27,2025-05-14,375.95,78
CUST10902,Matthew Knox,Florida,High School,Male,32,Yes,0,2024-07-27,2025-05-19,485.46,73
CUST10983,Sean Galloway,Colorado,High School,Non-Binary,66,Yes,1,2022-02-10,2024-01-16,501.41,562
CUST10284,Diane Bowen,California,Associate,Non-Binary,20,No,1,2024-06-26,2024-10-28,173.04,276
CUST10982,Annette Martin,New York,Master,Female,66,Yes,4,2021-05-12,2023-01-18,476.13,925
CUST10245,Jennifer Luna,Georgia,Bachelor,Male,42,Yes,4,2021-07-18,2024-02-22,834.3,525
CUST10866,Evelyn Bartlett,Georgia,Bachelor,Female,31,Yes,2,2021-11-19,2022-02-10,612.29,1267
CUST10495,Andrew Hogan,Florida,High School,Non-Binary,49,No,3,2022-03-10,2023-05-23,519.2,800
CUST10386,Courtney Nelson,New York,High School,Male,71,No,2,2020-09-20,2022-08-21,162.53,1075
CUST10347,Kristine Phillips,Washington,Master,Non-Binary,37,No,2,2020-12-25,2023-07-13,111.06,749
CUST10454,Kimberly Flores,Florida,PhD,Male,46,Yes,0,2023-11-02,2024-11-21,205.96,252
CUST10232,Erin Wyatt,Illinois,Bachelor,Female,60,No,1,2020-12-26,2023-04-28,284.38,825
CUST10261,Richard Thomas,Texas,Master,Male,45,Yes,0,2021-08-06,2025-04-15,99.65,107
CUST10926,Amy Smith,Colorado,PhD,Female,36,No,1,2023-07-27,2025-02-18,345.94,163
CUST10276,Sandra Torres,Texas,High School,Non-Binary,59,No,1,2023-08-15,2023-09-24,291.42,676
CUST10127,Courtney Cuevas,Illinois,High School,Non-Binary,58,Yes,0,2020-09-04,2023-10-14,122.74,656
CUST10032,Stephanie Morales,California,Bachelor,Non-Binary,63,Yes,4,2020-10-22,2021-03-16,291.81,1598
CUST10039,Nicole Sanchez,Florida,PhD,Non-Binary,65,Yes,1,2023-01-14,2025-07-12,44.64,19
CUST10093,Samantha Wilson,Colorado,High School,Male,57,No,2,2021-03-16,2022-12-20,538.13,954
CUST10467,Kaitlyn Hudson,New York,PhD,Female,55,No,2,2022-07-11,2023-10-01,633.52,669
CUST10041,Christine Johnson,Washington,High School,Female,75,Yes,1,2024-05-27,2024-11-11,538.76,262
CUST10705,Sarah Hodge,California,Bachelor,Female,25,No,2,2023-10-07,2023-12-13,446.26,596
CUST10503,Laurie Hall,Illinois,High School,Female,27,No,0,2021-08-05,2022-11-29,145.35,975
CUST10878,Ruth Johnson,Texas,Bachelor,Non-Binary,36,No,1,2023-03-10,2023-05-15,335.69,808
CUST10021,Kimberly Hester,Ohio,Associate,Male,35,Yes,0,2021-03-03,2023-08-01,529.85,730
CUST10631,Jennifer Durham,Ohio,Bachelor,Male,51,Yes,4,2024-03-21,2024-12-24,295.07,219
CUST10137,Brian Meyer Jr.,Washington,Master,Non-Binary,61,No,3,2022-10-24,2023-07-26,316.0,736
CUST10973,Sherri Pearson,Illinois,Associate,Female,76,No,0,2024-02-20,2024-05-18,212.83,439
CUST10124,Luis Villa,Illinois,High School,Female,39,Yes,2,2023-03-06,2025-02-22,193.8,159
CUST10411,Whitney Lucas,Colorado,Associate,Non-Binary,39,No,2,2022-09-04,2025-04-22,470.96,100
CUST10235,Ashley Olson,Arizona,Master,Non-Binary,48,Yes,3,2020-08-25,2024-05-21,99.63,436
CUST10561,Joseph Krueger,Florida,Associate,Female,24,Yes,0,2022-06-30,2024-08-16,121.73,349
CUST10748,Valerie Miller,Texas,PhD,Male,27,Yes,0,2020-12-03,2024-06-04,400.65,422
CUST10220,Elizabeth Monroe,Illinois,PhD,Female,61,Yes,3,2023-04-26,2023-06-15,800.22,777
CUST10481,Jenna Butler,New York,Master,Female,30,Yes,2,2024-06-03,2025-03-03,192.9,150
CUST10426,Jessica Anderson,Washington,High School,Female,38,Yes,2,2023-05-10,2025-02-16,104.0,165
CUST10613,Maria Parker,Florida,Master,Non-Binary,59,No,2,2022-03-20,2023-01-06,69.74,937
CUST10752,Paula Ross,Washington,Bachelor,Non-Binary,46,Yes,2,2021-04-04,2022-04-04,350.36,1214
CUST10524,Cassie Ray,California,Bachelor,Non-Binary,46,No,0,2024-06-25,2025-04-07,551.8,115
CUST10189,Madison Watts,California,PhD,Non-Binary,19,Yes,2,2021-04-29,2024-07-26,164.16,370
CUST10104,Jamie Rose,Florida,High School,Male,51,Yes,3,2024-01-30,2024-06-05,149.06,421
CUST10639,Mike Crawford,Colorado,PhD,Male,42,Yes,1,2024-07-02,2025-05-06,762.46,86
CUST10807,Matthew Hopkins,Illinois,Bachelor,Male,43,No,0,2021-06-19,2025-04-03,324.27,119
CUST10699,Brandi Olson,Georgia,Master,Female,79,No,4,2020-10-02,2025-04-23,282.55,99
CUST10479,Jennifer Martin,Washington,PhD,Non-Binary,19,No,3,2024-02-18,2025-01-07,243.39,205
CUST10216,Kimberly Parker,Arizona,Associate,Non-Binary,41,Yes,2,2022-11-27,2023-08-12,860.15,719
CUST10192,Jeffrey Stewart,Georgia,High School,Female,34,Yes,0,2024-04-09,2024-04-11,955.32,476
CUST10564,Mary Shaw,Washington,Master,Female,41,No,0,2024-07-13,2025-05-17,345.63,75
CUST10760,Becky May,Colorado,Master,Female,23,Yes,2,2024-06-07,2025-07-20,845.37,11
CUST10456,Ronald Myers,Arizona,Associate,Non-Binary,39,Yes,2,2021-09-29,2024-02-02,213.98,545
CUST10157,Justin Wilson PhD,Texas,High School,Male,76,Yes,0,2024-04-08,2024-04-12,262.57,475
CUST10796,Sarah Larsen,Ohio,Bachelor,Female,74,Yes,1,2024-05-17,2025-05-21,235.55,71
CUST10606,Patrick Peterson,Florida,Bachelor,Female,27,No,3,2022-09-14,2024-12-12,171.41,231
CUST10653,Angelica Martinez,Arizona,PhD,Non-Binary,80,No,0,2022-05-28,2024-10-26,211.75,278
CUST10486,James Wells,Georgia,Master,Female,21,Yes,4,2023-11-20,2024-01-15,319.25,563
CUST10840,Amy Moore,Illinois,High School,Non-Binary,53,Yes,1,2023-11-25,2023-12-19,92.76,590
CUST10022,Chris Collins,Georgia,PhD,Female,59,Yes,2,2022-03-04,2024-12-07,71.08,236
CUST10658,Matthew Flowers,Illinois,Bachelor,Male,60,No,0,2022-09-19,2023-10-14,679.66,656
CUST10312,Erin Norman,Illinois,High School,Non-Binary,24,No,2,2023-11-20,2024-04-19,446.63,468
CUST10845,Jennifer Khan,Washington,PhD,Female,78,Yes,1,2023-10-27,2024-05-10,283.84,447
CUST10056,Brian Williams,Florida,Master,Non-Binary,60,No,0,2023-03-06,2023-07-28,242.62,734
CUST10148,Erin Mason,Florida,PhD,Male,37,Yes,2,2020-11-28,2024-08-23,489.6,342
CUST10550,Derrick Daniel,Colorado,Bachelor,Male,77,No,2,2022-03-07,2023-11-18,140.67,621
CUST10495,Andrew Hogan,Florida,High School,Non-Binary,49,No,3,2022-03-10,2023-05-16,114.68,807
CUST10458,Jennifer Cook,California,Associate,Female,36,No,0,2022-08-07,2024-07-24,69.15,372
CUST10374,Jennifer Jones,Arizona,Master,Non-Binary,40,No,2,2021-07-22,2024-12-09,141.76,234
CUST10392,Philip Moore,Illinois,Bachelor,Male,37,No,0,2021-01-13,2021-08-25,601.83,1436
CUST10421,Kimberly Matthews,California,Bachelor,Male,60,Yes,1,2021-07-17,2023-11-15,265.24,624
CUST10309,Autumn Reed,Georgia,PhD,Male,41,Yes,3,2020-10-18,2023-09-28,736.4,672
CUST10856,Julie Henry,Georgia,High School,Female,25,No,2,2023-12-03,2024-05-07,60.93,450
CUST10619,Henry Martinez,Colorado,High School,Male,37,No,0,2021-11-24,2023-08-10,230.99,721
CUST10586,Robert Peck,California,PhD,Female,68,No,2,2021-09-03,2025-02-22,317.69,159
CUST10801,Tyler Peterson,Ohio,Bachelor,Non-Binary,53,No,3,2023-10-28,2024-11-07,210.04,266
CUST10294,Connor Young,New York,High School,Male,66,Yes,1,2021-06-01,2024-06-18,322.25,408
CUST10626,Lindsey Miller,New York,Master,Male,35,Yes,1,2021-12-10,2024-03-01,32.59,517
CUST10325,Valerie Shelton,New York,Associate,Male,21,No,0,2022-03-17,2025-07-19,301.71,12
CUST10200,Nicole Maynard,Texas,Bachelor,Female,51,Yes,1,2021-08-30,2022-08-01,75.68,1095
CUST10989,David Hernandez,California,High School,Non-Binary,35,Yes,1,2023-07-23,2023-09-30,219.4,670
CUST10121,Daniel Bridges,California,High School,Male,63,Yes,0,2021-06-09,2023-05-19,122.99,804
CUST10323,Brandon Walton,Washington,Associate,Male,54,Yes,3,2024-07-15,2025-04-10,366.35,112
CUST10227,William Mclean,California,PhD,Female,64,Yes,0,2023-12-20,2025-04-05,49.45,117
CUST10807,Matthew Hopkins,Illinois,Bachelor,Male,43,No,0,2021-06-19,2022-04-29,67.64,1189
CUST10603,Joseph Lee MD,California,Associate,Non-Binary,65,No,0,2021-04-07,2023-07-27,551.5,735
CUST10745,Robert Mosley,Washington,PhD,Female,20,No,1,2020-08-09,2021-12-10,146.64,1329
CUST10049,Mathew Schmidt,Arizona,Associate,Female,66,Yes,2,2021-07-25,2025-01-28,118.41,184
CUST10869,Olivia Ramirez,New York,Bachelor,Male,61,No,1,2020-09-02,2022-06-03,351.22,1154
CUST10195,Barbara Hernandez,Georgia,High School,Female,39,No,1,2023-12-23,2025-02-18,147.14,163
CUST10046,Melissa Davila,Georgia,Associate,Non-Binary,66,No,2,2023-12-21,2025-01-26,301.95,186
CUST10324,Stephanie Austin,Arizona,High School,Non-Binary,70,No,1,2020-10-24,2025-06-25,673.3,36
CUST10236,Tonya Brady,Texas,High School,Female,77,Yes,1,2023-12-24,2024-08-24,215.23,341
CUST10631,Jennifer Durham,Ohio,Bachelor,Male,51,Yes,4,2024-03-21,2025-04-11,278.25,111
CUST10578,Robert Smith,California,Master,Male,74,No,0,2022-12-17,2023-04-26,350.92,827
CUST10529,David Flores,Ohio,Associate,Female,64,No,3,2024-02-03,2024-12-03,283.1,240
CUST10103,Brooke Hendricks,Texas,Master,Male,27,Yes,0,2023-08-12,2024-03-29,243.63,489
CUST10089,Alexandria Scott,Colorado,Bachelor,Male,21,Yes,2,2023-08-16,2024-09-03,360.37,331
CUST10316,Christopher Serrano,New York,High School,Male,60,Yes,1,2022-12-15,2023-10-18,312.09,652
CUST10936,Shannon Guzman,New York,Bachelor,Male,43,Yes,3,2020-12-05,2022-09-13,135.14,1052
CUST10202,Whitney Marshall,California,Bachelor,Non-Binary,37,No,2,2020-10-28,2024-03-26,129.67,492
CUST10405,Kimberly Quinn,Arizona,Bachelor,Male,25,Yes,0,2022-04-13,2025-02-08,26.75,173
CUST10440,Linda Merritt,Colorado,Master,Non-Binary,40,Yes,1,2022-04-19,2024-12-04,580.18,239
CUST10699,Brandi Olson,Georgia,Master,Female,79,No,4,2020-10-02,2025-03-18,418.75,135
CUST10580,Kayla Gonzalez,Georgia,High School,Female,45,No,1,2021-11-28,2023-09-24,115.91,676
CUST10429,Steven Simmons,Florida,PhD,Male,71,Yes,1,2021-03-24,2025-02-25,402.92,156
CUST10591,Barbara Hanson,Colorado,PhD,Non-Binary,40,Yes,1,2020-09-18,2021-04-28,230.9,1555
CUST10588,Joanna Howe,Washington,Bachelor,Non-Binary,47,No,1,2023-08-13,2023-08-29,416.42,702
CUST10473,Christopher Daniels,Georgia,Associate,Male,63,No,2,2024-05-20,2024-11-07,223.61,266
CUST10339,Denise Thompson,Colorado,Associate,Non-Binary,68,No,3,2022-05-15,2023-08-04,804.82,727
CUST10884,Dennis Brennan,Florida,Bachelor,Female,73,No,2,2023-05-28,2023-09-29,142.22,671
CUST10560,April Richardson,Florida,Master,Female,28,No,0,2021-09-12,2024-03-28,74.47,490
CUST10641,Joshua Mccormick,Texas,PhD,Male,52,No,3,2022-12-15,2023-04-05,371.38,848
CUST10731,Daniel Salas,Florida,High School,Male,54,Yes,1,2020-12-05,2025-05-11,535.62,81
CUST10293,Susan Davis,Illinois,Master,Male,45,Yes,2,2021-09-22,2024-02-02,175.84,545
CUST10601,Eric Norris,New York,Bachelor,Male,67,Yes,2,2024-02-10,2025-05-18,317.91,74
CUST10646,Michael Flores,New York,PhD,Female,21,No,1,2022-01-09,2024-06-13,556.28,413
CUST10258,Gregory Baker,Colorado,PhD,Female,73,Yes,1,2023-02-09,2023-06-24,102.01,768
CUST10881,Charles Roach,Illinois,Master,Non-Binary,63,Yes,2,2024-01-24,2024-08-11,542.47,354
CUST10625,Jonathan Fernandez II,Ohio,Master,Male,72,No,3,2021-10-24,2022-10-21,183.71,1014
CUST10149,Kayla Ortiz,Washington,PhD,Non-Binary,73,No,2,2022-11-09,2024-12-10,90.92,233
CUST10242,Kyle Klein,Ohio,Associate,Female,24,Yes,3,2023-02-07,2023-02-23,91.97,889
CUST10897,Richard Becker,Washington,High School,Male,27,Yes,4,2022-04-22,2024-02-05,318.29,542
CUST10952,Courtney Jimenez,California,Associate,Non-Binary,76,No,4,2024-05-30,2025-01-26,609.26,186
CUST10616,Mark Ryan,New York,Bachelor,Male,66,No,0,2021-03-28,2022-03-01,70.07,1248
CUST10856,Julie Henry,Georgia,High School,Female,25,No,2,2023-12-03,2024-08-12,697.64,353
CUST10584,Jennifer Bryan,Ohio,PhD,Male,62,No,1,2021-11-06,2022-06-11,157.03,1146
CUST10920,Barbara Jackson,Arizona,Master,Female,70,No,1,2021-05-17,2021-08-07,176.32,1454
CUST10357,John Thomas,Ohio,Master,Female,63,Yes,0,2023-03-10,2024-11-14,142.16,259
CUST10847,Rebecca Mitchell,Illinois,Bachelor,Non-Binary,42,Yes,2,2022-10-22,2024-01-26,214.83,552
CUST10645,Scott Daniels,Ohio,Bachelor,Female,41,Yes,2,2023-05-24,2023-11-04,30.46,635
CUST10289,Sean Henson,Illinois,Associate,Male,35,Yes,0,2021-12-15,2022-12-24,377.73,950
CUST10238,Ruben Hendricks,Texas,Master,Male,52,No,1,2024-06-07,2024-11-27,237.93,246
CUST10185,Randy Buchanan,Texas,Associate,Female,70,No,3,2022-09-03,2024-12-29,71.24,214
CUST10289,Sean Henson,Illinois,Associate,Male,35,Yes,0,2021-12-15,2024-01-29,195.19,549
CUST10260,Karen Kim,California,Master,Non-Binary,54,No,0,2024-03-27,2025-06-01,237.45,60
CUST10377,Kenneth Bird,Illinois,PhD,Male,69,Yes,0,2023-06-23,2023-08-23,227.0,708
CUST10911,William Kelley,Florida,Associate,Male,35,No,1,2020-10-20,2025-03-04,184.12,149
CUST10654,Austin Schultz,Colorado,Bachelor,Non-Binary,59,Yes,2,2021-03-22,2024-03-07,243.36,511
CUST10187,Craig Eaton,New York,Master,Non-Binary,66,Yes,0,2022-11-24,2024-09-05,681.39,329
CUST10088,Michael Brooks,California,Bachelor,Female,20,Yes,1,2024-02-16,2024-03-14,97.37,504
CUST10050,Marilyn Jackson,New York,Bachelor,Male,32,No,1,2024-06-22,2024-08-06,289.14,359
CUST10719,Christopher Williams,Ohio,High School,Female,49,Yes,2,2023-09-14,2023-11-19,903.68,620
CUST10434,Megan Hughes,Ohio,PhD,Male,24,Yes,2,2023-10-05,2024-12-29,63.68,214
CUST10097,Frank Moore,Ohio,Associate,Male,80,No,0,2021-07-22,2023-04-23,198.21,830
CUST10586,Robert Peck,California,PhD,Female,68,No,2,2021-09-03,2022-04-28,420.28,1190
CUST10999,Virginia Torres,Arizona,Bachelor,Male,76,Yes,2,2022-09-01,2023-12-25,401.64,584
CUST10867,Alexander Koch,Georgia,Bachelor,Male,53,No,4,2022-12-10,2024-10-23,88.02,281
CUST10966,Lauren Taylor,New York,Associate,Non-Binary,30,No,2,2023-12-14,2024-06-11,392.27,415
CUST10401,Jason Miller DDS,Texas,Bachelor,Male,37,No,2,2024-07-08,2024-07-22,97.08,374
CUST10725,John Tyler,Arizona,Bachelor,Female,69,No,2,2023-06-18,2023-12-15,156.84,594
CUST10602,William Reed,Florida,High School,Female,69,No,0,2021-05-06,2024-04-19,291.25,468
CUST10719,Christopher Williams,Ohio,High School,Female,49,Yes,2,2023-09-14,2024-06-23,530.32,403
CUST10573,Brandy Willis,Arizona,High School,Male,72,Yes,0,2020-08-02,2023-03-30,665.08,854
CUST10919,Dr. Jennifer Williamson DDS,Ohio,PhD,Male,62,No,0,2022-01-16,2023-06-19,187.63,773
CUST10099,Danielle Huffman,New York,High School,Non-Binary,18,No,2,2021-12-09,2022-05-17,155.81,1171
CUST10002,Dylan Schwartz,New York,Bachelor,Female,22,No,0,2021-06-24,2022-04-14,773.85,1204
CUST10456,Ronald Myers,Arizona,Associate,Non-Binary,39,Yes,2,2021-09-29,2022-07-08,251.67,1119
CUST10046,Melissa Davila,Georgia,Associate,Non-Binary,66,No,2,2023-12-21,2024-08-10,145.12,355
CUST10508,Stacy Mckenzie,Texas,Bachelor,Non-Binary,46,No,0,2021-08-05,2022-06-25,138.21,1132
CUST10160,Donald Jones,Illinois,PhD,Female,74,No,0,2020-08-15,2021-02-10,465.56,1632
CUST10474,John Graham,Washington,Bachelor,Female,73,No,2,2023-02-06,2024-02-09,125.47,538
CUST10874,Shannon Clayton,Arizona,PhD,Female,53,No,2,2022-09-11,2023-04-08,1036.7,845
CUST10171,Catherine Mendoza,Ohio,Master,Female,43,Yes,4,2022-12-10,2024-11-19,432.68,254
CUST10139,Julie Preston,Colorado,PhD,Non-Binary,18,Yes,3,2024-03-29,2025-03-25,337.87,128
CUST10546,Wendy Barker,Colorado,Bachelor,Male,75,No,0,2020-12-31,2025-02-18,461.78,163
CUST10215,Daniel Bishop,Washington,Master,Non-Binary,40,No,2,2021-01-25,2024-08-16,280.77,349
CUST10874,Shannon Clayton,Arizona,PhD,Female,53,No,2,2022-09-11,2025-06-21,214.94,40
CUST10585,Monica Lawson,Colorado,Master,Male,57,No,1,2020-10-18,2022-03-13,354.32,1236
CUST10391,Melissa Patrick,Florida,PhD,Non-Binary,76,No,2,2021-06-08,2023-09-17,103.88,683
CUST10889,Andrew Lopez,Colorado,High School,Male,27,No,2,2021-11-05,2024-07-28,266.19,368
CUST10119,Kenneth Ponce,Ohio,High School,Male,38,No,0,2020-10-28,2021-11-18,210.48,1351
CUST10156,Daniel Mullins,Arizona,PhD,Non-Binary,63,No,0,2021-08-20,2024-11-21,163.73,252
CUST10626,Lindsey Miller,New York,Master,Male,35,Yes,1,2021-12-10,2023-11-20,35.52,619
CUST10809,Pamela Carey,Colorado,PhD,Female,46,No,0,2023-03-22,2023-12-13,619.66,596
CUST10819,Philip Wilcox,Florida,Master,Male,39,Yes,2,2023-10-17,2025-02-08,157.73,173
CUST10059,Amy Davis,Georgia,PhD,Male,21,Yes,2,2021-10-20,2024-10-18,57.11,286
CUST10743,Tamara Miller,Georgia,Master,Male,78,Yes,1,2023-07-17,2024-08-08,771.82,357
CUST10881,Charles Roach,Illinois,Master,Non-Binary,63,Yes,2,2024-01-24,2024-07-27,317.79,369
CUST10180,Julia Dennis,Washington,PhD,Non-Binary,45,No,0,2021-03-02,2023-03-01,213.51,883
CUST10948,Patricia Koch,Texas,PhD,Male,28,Yes,2,2021-01-07,2022-12-13,325.52,961
CUST10559,Lauren White,Florida,Associate,Male,68,Yes,2,2020-09-11,2021-03-11,109.94,1603
CUST10714,Bradley Williams,Georgia,Associate,Male,75,No,1,2023-05-10,2023-06-20,28.06,772
CUST10799,Dwayne Harper,Arizona,PhD,Female,19,Yes,2,2022-06-02,2025-06-14,436.79,47
CUST10735,Elizabeth Gilbert,Texas,Bachelor,Male,70,No,0,2021-12-31,2024-07-28,86.65,368
CUST10835,Riley Torres,New York,PhD,Non-Binary,49,Yes,1,2020-11-28,2024-11-21,542.91,252
CUST10384,Briana Drake,Texas,Master,Male,75,Yes,3,2022-06-13,2023-07-15,202.07,747
CUST10791,Leon Austin,Texas,Bachelor,Male,40,No,1,2024-02-12,2025-02-25,94.52,156
CUST10645,Scott Daniels,Ohio,Bachelor,Female,41,Yes,2,2023-05-24,2025-06-15,303.4,46
CUST10328,Ariel Love,California,Master,Female,79,No,0,2024-07-24,2025-07-21,434.0,10
CUST10170,Mark Perez,California,Master,Non-Binary,22,No,0,2023-12-26,2024-04-14,274.59,473
CUST10087,Tina Singh,Arizona,Bachelor,Male,44,No,1,2023-10-28,2025-07-26,275.38,5
CUST10020,Christopher Sparks,Florida,Bachelor,Female,31,No,0,2023-09-19,2024-02-15,103.7,532
CUST10804,Thomas Graham,Texas,Bachelor,Female,34,Yes,2,2022-03-20,2023-02-10,64.54,902
CUST10501,Kristopher Powell,Illinois,Bachelor,Female,43,Yes,0,2024-04-26,2025-01-04,458.41,208
CUST10987,Victoria Wolf,Ohio,PhD,Male,22,Yes,4,2024-04-07,2024-11-13,152.7,260
CUST10703,Gregory Perry,New York,High School,Non-Binary,55,No,2,2022-01-21,2023-04-18,261.13,835
CUST10775,Luis Huffman,Ohio,Master,Non-Binary,39,No,4,2023-09-03,2025-03-03,116.24,150
CUST10733,Jean Reed,Florida,Associate,Male,68,Yes,4,2023-07-27,2024-06-29,280.13,397
CUST10373,James White,Washington,Associate,Non-Binary,69,Yes,0,2021-03-08,2024-10-16,353.96,288
CUST10655,Tammy Stevens,Illinois,PhD,Female,80,No,0,2022-03-10,2024-06-22,126.61,404
CUST10794,Whitney Nichols,Georgia,Bachelor,Female,43,No,1,2021-03-07,2023-06-09,269.43,783
CUST10421,Kimberly Matthews,California,Bachelor,Male,60,Yes,1,2021-07-17,2024-01-25,502.12,553
CUST10058,Jennifer Anderson MD,Florida,PhD,Non-Binary,49,No,3,2021-10-20,2023-10-12,950.0,658
CUST10795,Jamie Gardner,Washington,Associate,Female,47,No,1,2020-11-12,2024-06-04,545.75,422
CUST10656,William Kim,Florida,PhD,Non-Binary,25,Yes,2,2023-09-11,2024-08-13,391.05,352
CUST10946,Amber Shaw,Illinois,PhD,Male,29,No,0,2022-09-08,2025-03-14,70.0,139
CUST10941,Natasha Walker,California,Associate,Non-Binary,40,Yes,1,2024-06-06,2024-07-04,223.7,392
CUST10830,Kenneth Frost,New York,Master,Female,32,Yes,1,2024-04-17,2025-05-19,106.91,73
CUST10611,John Walsh,New York,Master,Male,74,No,2,2021-05-15,2021-09-13,123.18,1417
CUST10386,Courtney Nelson,New York,High School,Male,71,No,2,2020-09-20,2021-01-11,730.19,1662
CUST10866,Evelyn Bartlett,Georgia,Bachelor,Female,31,Yes,2,2021-11-19,2025-05-22,94.63,70
CUST10202,Whitney Marshall,California,Bachelor,Non-Binary,37,No,2,2020-10-28,2021-09-25,249.53,1405
CUST10774,Brad Guzman,Texas,Associate,Female,43,Yes,2,2021-05-15,2022-07-14,598.76,1113
CUST10117,Jeffrey Miles,Arizona,High School,Male,21,Yes,2,2020-09-28,2025-05-31,310.88,61
CUST10636,Shannon Gardner,Colorado,Master,Male,23,No,1,2021-10-26,2022-04-18,223.97,1200
CUST10917,Beth Henry,Illinois,Bachelor,Female,51,No,1,2024-01-02,2024-05-28,317.31,429
CUST10924,Christopher Craig,Florida,PhD,Female,23,No,1,2024-02-23,2024-08-25,147.77,340
CUST10896,Charles Love,Illinois,High School,Non-Binary,38,No,2,2022-10-17,2024-10-23,507.57,281
CUST10037,Justin Evans,Georgia,High School,Female,18,Yes,1,2021-11-09,2025-06-27,59.77,34
CUST10699,Brandi Olson,Georgia,Master,Female,79,No,4,2020-10-02,2025-01-28,705.5,184
CUST10332,Susan Garner,New York,Associate,Female,30,No,0,2023-11-14,2025-07-08,252.78,23
CUST10515,Brian White,Florida,Master,Female,32,Yes,0,2023-10-10,2025-05-22,666.33,70
CUST10689,Jonathan Tucker,Florida,PhD,Non-Binary,53,No,0,2021-07-06,2023-11-18,219.05,621
CUST10352,Kevin Rowland,Texas,Associate,Female,20,No,1,2023-05-08,2024-03-20,196.76,498
CUST10268,Michelle Martinez,New York,Bachelor,Female,55,Yes,1,2022-03-29,2023-05-29,245.02,794
CUST10542,Catherine Haynes,Texas,PhD,Female,18,No,0,2023-10-17,2024-09-23,104.75,311
CUST10213,Vicki Massey,Arizona,PhD,Non-Binary,25,No,0,2022-08-12,2025-04-11,369.15,111
CUST10448,Charles Waters,Arizona,Bachelor,Non-Binary,43,No,2,2024-04-26,2024-10-09,327.22,295
CUST10433,Shannon Simpson,Georgia,PhD,Female,30,Yes,1,2020-10-21,2025-07-22,243.24,9
CUST10031,Albert Anderson,New York,High School,Non-Binary,39,No,1,2022-01-17,2024-12-02,184.73,241
CUST10846,Donna Carlson,Georgia,Master,Female,50,Yes,1,2022-01-12,2022-12-02,335.41,972
CUST10252,Danielle Roberts,Texas,High School,Female,38,No,0,2024-06-18,2025-02-03,550.75,178
CUST10991,Kevin Beck,Florida,Bachelor,Female,80,No,4,2024-02-13,2024-10-03,408.72,301
CUST10026,Joseph Mcbride,Washington,High School,Male,27,Yes,0,2021-12-07,2024-12-26,342.44,217
CUST10061,Robert Humphrey,Florida,Bachelor,Female,33,Yes,2,2023-08-04,2024-11-03,679.75,270
CUST10287,Megan Leon,Illinois,High School,Female,78,No,0,2023-01-09,2023-05-12,222.91,811
CUST10161,Barbara Jones,Ohio,High School,Male,54,Yes,1,2024-04-21,2025-02-04,244.15,177
CUST10688,Christine Martinez,New York,Associate,Male,54,Yes,1,2024-02-24,2024-10-07,445.74,297
CUST10945,Stephanie Ramos,Ohio,Associate,Male,62,No,0,2021-10-22,2024-05-28,432.19,429
CUST10735,Elizabeth Gilbert,Texas,Bachelor,Male,70,No,0,2021-12-31,2022-06-19,113.24,1138
CUST10283,Adam Davis,Illinois,High School,Male,51,No,0,2022-06-13,2024-01-14,117.38,564
CUST10457,Debra Schroeder,Colorado,High School,Non-Binary,52,No,4,2023-09-14,2024-08-17,244.49,348
CUST10884,Dennis Brennan,Florida,Bachelor,Female,73,No,2,2023-05-28,2024-05-05,80.96,452
CUST10542,Catherine Haynes,Texas,PhD,Female,18,No,0,2023-10-17,2024-07-27,569.51,369
CUST10978,Kenneth Vang,Texas,Master,Non-Binary,75,No,0,2021-05-08,2021-05-10,117.82,1543
CUST10352,Kevin Rowland,Texas,Associate,Female,20,No,1,2023-05-08,2024-11-02,190.48,271
CUST10556,Ashley Roberts,California,Associate,Non-Binary,50,No,4,2023-01-22,2024-08-02,382.59,363
CUST10040,Natalie Gonzales DDS,California,Associate,Non-Binary,78,Yes,0,2021-09-20,2022-10-08,489.91,1027
CUST10888,James Wilkins,Florida,Associate,Non-Binary,52,Yes,3,2023-04-16,2025-05-25,313.51,67
CUST10715,Nicholas Bond,California,Associate,Male,75,Yes,2,2020-08-24,2024-09-11,181.63,323
CUST10232,Erin Wyatt,Illinois,Bachelor,Female,60,No,1,2020-12-26,2024-05-24,68.18,433
CUST10360,Michael Wright,Illinois,Associate,Non-Binary,18,Yes,1,2021-04-25,2021-09-20,229.2,1410
CUST10208,Daniel Patton,Arizona,Associate,Male,62,Yes,0,2020-10-29,2024-05-07,394.79,450
CUST10541,Joan Smith,Washington,Master,Male,77,No,2,2022-01-29,2024-06-07,119.72,419
CUST10899,Megan Olson,Georgia,Associate,Female,50,Yes,0,2023-03-26,2024-10-15,106.22,289
CUST10111,Samantha Patton,Florida,Master,Male,42,No,2,2021-04-23,2025-05-06,236.04,86
CUST10957,Stephanie Mills,Colorado,Associate,Non-Binary,73,Yes,1,2023-06-02,2023-11-21,184.93,618
CUST10824,Megan Perry,Illinois,High School,Non-Binary,74,Yes,2,2020-09-11,2022-04-23,445.55,1195
CUST10317,Travis Hubbard,Texas,Associate,Male,74,No,1,2022-04-16,2022-05-05,555.74,1183
CUST10616,Mark Ryan,New York,Bachelor,Male,66,No,0,2021-03-28,2024-09-20,416.55,314
CUST10083,Marc Olson,Florida,Associate,Non-Binary,73,No,2,2022-11-17,2023-07-04,206.48,758
CUST10773,Leslie Park PhD,Colorado,PhD,Female,41,No,2,2023-09-26,2024-01-11,281.63,567
CUST10887,Jason James,Georgia,PhD,Female,66,No,0,2022-06-28,2024-02-04,79.82,543
CUST10211,Jessica Calhoun,Texas,High School,Male,36,No,1,2020-09-21,2021-07-23,640.56,1469
CUST10028,Mark Gates,Ohio,PhD,Non-Binary,58,Yes,0,2022-07-12,2022-09-22,281.32,1043
CUST10076,Roberto Lewis,Colorado,Bachelor,Female,79,No,1,2023-02-11,2024-01-29,126.03,549
CUST10230,Ricky Skinner,Arizona,PhD,Male,40,Yes,1,2023-05-18,2025-04-03,146.26,119
CUST10515,Brian White,Florida,Master,Female,32,Yes,0,2023-10-10,2024-11-24,136.04,249
CUST10012,Andrew White,Colorado,Master,Male,49,No,3,2020-11-09,2024-02-14,159.25,533
CUST10847,Rebecca Mitchell,Illinois,Bachelor,Non-Binary,42,Yes,2,2022-10-22,2024-10-07,452.1,297
CUST10145,Miranda Velazquez,Ohio,Master,Non-Binary,47,Yes,0,2024-05-02,2025-02-26,298.7,155
CUST10528,Mr. Gary Graham DDS,Georgia,Master,Male,35,Yes,0,2024-03-04,2024-09-09,347.93,325
CUST10088,Michael Brooks,California,Bachelor,Female,20,Yes,1,2024-02-16,2024-09-13,385.92,321
CUST10224,Jacob Yates,Washington,Master,Non-Binary,60,No,0,2023-03-30,2024-04-03,91.39,484
CUST10102,Tyler Black,Texas,PhD,Male,34,No,1,2022-05-16,2024-09-11,193.41,323
CUST10060,Nathaniel Price,California,Master,Female,47,No,2,2022-12-14,2023-02-08,129.39,904
CUST10688,Christine Martinez,New York,Associate,Male,54,Yes,1,2024-02-24,2024-10-11,680.65,293
CUST10592,Suzanne Mclaughlin,Florida,High School,Female,57,No,0,2022-01-02,2023-09-08,120.52,692
CUST10831,Monica Martinez,Washington,Associate,Male,79,Yes,1,2022-06-27,2023-11-02,261.4,637
CUST10408,Jennifer Schultz,Georgia,Bachelor,Non-Binary,69,Yes,2,2023-04-30,2024-09-27,144.15,307
CUST10525,Michelle Campbell,Colorado,PhD,Female,72,Yes,1,2021-10-04,2025-07-01,186.78,30
CUST10813,Brandon Santiago,Arizona,Master,Non-Binary,42,No,0,2023-01-27,2024-07-22,242.68,374
CUST10626,Lindsey Miller,New York,Master,Male,35,Yes,1,2021-12-10,2025-03-17,392.71,136
CUST10867,Alexander Koch,Georgia,Bachelor,Male,53,No,4,2022-12-10,2025-01-11,934.9,201
CUST10597,Carolyn Kirk,Ohio,PhD,Female,66,Yes,1,2023-05-25,2023-09-06,94.58,694
CUST10045,Amanda Berg,Illinois,Bachelor,Male,28,No,2,2023-02-23,2025-01-30,67.64,182
CUST10116,Ellen Alexander,Colorado,High School,Male,37,Yes,1,2020-11-14,2024-09-20,286.09,314
CUST10947,Teresa Valdez,Washington,Master,Male,39,No,0,2022-03-29,2022-10-31,53.01,1004
CUST10452,Timothy Robertson,Ohio,High School,Non-Binary,51,Yes,0,2024-06-04,2025-01-05,893.65,207
CUST10989,David Hernandez,California,High School,Non-Binary,35,Yes,1,2023-07-23,2024-05-12,90.0,445
CUST10003,Jeffrey Scott,Texas,Master,Non-Binary,41,Yes,1,2021-04-06,2023-12-26,199.57,583
CUST10991,Kevin Beck,Florida,Bachelor,Female,80,No,4,2024-02-13,2024-02-19,764.42,528
CUST10554,Danielle Davis,Georgia,Bachelor,Non-Binary,41,Yes,3,2022-04-15,2024-07-07,255.28,389
CUST10197,Nicole Alvarez,Washington,Master,Male,46,Yes,1,2021-08-26,2023-05-03,286.65,820
CUST10687,Deborah Gibson,Texas,High School,Male,48,Yes,2,2024-06-21,2024-07-12,110.74,384
CUST10991,Kevin Beck,Florida,Bachelor,Female,80,No,4,2024-02-13,2025-02-17,192.66,164
CUST10264,Gabriel Garrison,Colorado,PhD,Non-Binary,45,Yes,1,2020-08-08,2025-03-31,183.21,122
CUST10892,Raymond Riley,Washington,PhD,Male,54,No,2,2021-09-08,2024-07-29,664.39,367
CUST10374,Jennifer Jones,Arizona,Master,Non-Binary,40,No,2,2021-07-22,2021-08-07,295.33,1454
CUST10150,Mary Keller,Arizona,Bachelor,Female,74,Yes,1,2021-04-01,2023-06-21,502.9,771
CUST10279,Anthony Mcdonald,Georgia,Bachelor,Male,42,No,0,2021-04-07,2022-09-05,282.19,1060
CUST10485,Jessica Reid,Florida,Associate,Non-Binary,68,No,1,2022-05-09,2023-11-15,140.03,624
CUST10946,Amber Shaw,Illinois,PhD,Male,29,No,0,2022-09-08,2025-01-31,280.09,181
CUST10352,Kevin Rowland,Texas,Associate,Female,20,No,1,2023-05-08,2025-04-20,1161.52,102
CUST10796,Sarah Larsen,Ohio,Bachelor,Female,74,Yes,1,2024-05-17,2024-12-31,303.48,212
CUST10345,Crystal Richards,California,Associate,Female,21,Yes,2,2021-05-12,2022-01-18,489.88,1290
CUST10137,Brian Meyer Jr.,Washington,Master,Non-Binary,61,No,3,2022-10-24,2023-02-10,225.81,902
CUST10748,Valerie Miller,Texas,PhD,Male,27,Yes,0,2020-12-03,2025-03-11,301.7,142
CUST10053,Melinda Beard,Illinois,High School,Male,60,Yes,1,2021-01-09,2023-08-18,438.95,713
CUST10865,Patrick Peters,Ohio,Master,Non-Binary,49,No,0,2022-10-01,2024-04-22,160.16,465
CUST10637,Emily Schneider,Florida,Associate,Non-Binary,68,No,1,2022-03-01,2024-09-22,36.73,312
CUST10956,Richard Mercado,New York,Bachelor,Non-Binary,74,No,1,2021-05-25,2021-09-18,359.87,1412
CUST10567,Kelsey Hughes,Colorado,Master,Male,65,Yes,0,2021-10-31,2022-12-29,226.15,945
CUST10483,Robert Oconnell,Illinois,Associate,Female,57,Yes,1,2022-04-22,2022-12-27,276.8,947
CUST10812,Alison Stanley,New York,Master,Non-Binary,45,No,2,2021-02-15,2025-05-12,367.54,80
CUST10173,David Sanchez,Arizona,PhD,Non-Binary,54,Yes,1,2022-01-11,2022-08-30,304.65,1066
CUST10994,Misty Davis,Colorado,Master,Non-Binary,36,Yes,3,2023-01-06,2024-01-29,299.48,549
CUST10875,Jennifer Morales,New York,Bachelor,Female,63,No,2,2023-06-25,2024-08-06,411.27,359
CUST10860,Evelyn Li,Colorado,Master,Non-Binary,45,Yes,2,2022-07-18,2023-04-16,389.83,837
CUST10272,Ray Lopez,Arizona,Master,Female,24,No,2,2022-10-23,2025-07-07,141.3,24
CUST10461,David Cook,Georgia,PhD,Female,74,Yes,0,2021-07-27,2025-05-17,345.99,75
CUST10861,Angela Johnson,California,High School,Non-Binary,32,No,0,2023-11-16,2025-06-27,336.76,34
CUST10232,Erin Wyatt,Illinois,Bachelor,Female,60,No,1,2020-12-26,2024-12-26,393.71,217
CUST10522,Sean Williams,New York,Associate,Non-Binary,73,No,1,2023-07-21,2023-08-03,18.08,728
CUST10304,Adrian Gallagher,Washington,Master,Non-Binary,58,No,2,2023-10-30,2025-05-04,273.68,88
CUST10565,Matthew Stone,Washington,High School,Female,59,Yes,3,2023-01-12,2023-09-06,147.36,694
CUST10927,Paul Garcia,Texas,Bachelor,Male,54,No,3,2021-02-13,2023-10-07,198.62,663
CUST10538,Lindsay Jones,Arizona,PhD,Male,23,Yes,0,2021-03-19,2021-10-31,529.58,1369
CUST10437,Katherine Rose,California,Bachelor,Non-Binary,69,No,3,2022-09-04,2025-06-13,75.64,48
CUST10221,Susan Reed,Texas,Bachelor,Male,25,Yes,1,2023-04-03,2023-11-13,525.73,626
CUST10629,Vanessa Mcmahon,Florida,Bachelor,Male,58,No,1,2023-06-27,2024-08-13,95.38,352
CUST10010,Joseph Reed,Florida,High School,Female,29,No,0,2020-09-01,2024-06-23,185.88,403
CUST10621,Michelle Munoz,Georgia,Bachelor,Female,25,No,2,2024-04-11,2025-04-27,363.67,95
CUST10112,Jasmin Duarte,Texas,High School,Non-Binary,19,No,0,2022-09-21,2024-09-16,153.45,318
CUST10665,Eric Christian,Colorado,Bachelor,Female,43,No,0,2021-12-09,2022-11-28,1110.32,976
CUST10014,Matthew Alvarez,Texas,High School,Non-Binary,40,No,2,2022-09-12,2022-11-17,263.64,987
CUST10266,Robert Murphy,Ohio,Bachelor,Male,42,No,0,2020-08-27,2023-10-20,134.91,650
CUST10604,Bethany Sanders,Colorado,Associate,Female,38,Yes,2,2023-08-20,2024-02-01,93.55,546
CUST10400,Daniel Gregory,Colorado,Associate,Female,38,Yes,2,2022-09-20,2025-07-03,282.5,28
CUST10479,Jennifer Martin,Washington,PhD,Non-Binary,19,No,3,2024-02-18,2025-01-31,279.42,181
CUST10679,Ann Rose,Arizona,Associate,Male,54,Yes,0,2022-10-04,2024-12-09,489.03,234
CUST10345,Crystal Richards,California,Associate,Female,21,Yes,2,2021-05-12,2023-04-07,434.69,846
CUST10764,Cassie Morgan,Florida,Bachelor,Non-Binary,67,Yes,1,2024-07-14,2025-02-24,606.75,157
CUST10965,Kristin Dillon,Illinois,Master,Male,40,Yes,2,2022-07-29,2024-08-30,444.79,335
CUST10535,Teresa Garcia,Georgia,High School,Female,28,No,0,2024-05-15,2024-12-01,552.1,242
CUST10466,James Pope,New York,Master,Female,50,No,1,2021-07-28,2021-08-04,281.32,1457
CUST10083,Marc Olson,Florida,Associate,Non-Binary,73,No,2,2022-11-17,2024-04-11,234.66,476
CUST10758,Nicolas Cruz,Illinois,Master,Male,66,No,1,2022-02-25,2022-04-08,742.32,1210
CUST10533,Sara Mccullough,Washington,Master,Male,28,Yes,3,2020-08-27,2025-04-07,296.9,115
CUST10709,Jason Haynes,California,Bachelor,Female,36,No,1,2023-10-03,2023-11-03,190.29,636
CUST10830,Kenneth Frost,New York,Master,Female,32,Yes,1,2024-04-17,2025-04-06,399.57,116
CUST10909,Daniel Contreras,Colorado,Associate,Non-Binary,18,Yes,2,2023-08-15,2024-04-28,431.41,459
CUST10889,Andrew Lopez,Colorado,High School,Male,27,No,2,2021-11-05,2022-02-14,264.74,1263
CUST10461,David Cook,Georgia,PhD,Female,74,Yes,0,2021-07-27,2025-06-13,651.6,48
CUST10436,Sean Santos,Georgia,Bachelor,Non-Binary,68,Yes,2,2021-12-19,2024-09-10,78.75,324
CUST10204,Jacob Perkins,Colorado,Bachelor,Male,47,Yes,3,2023-04-26,2023-07-11,516.21,751
CUST10425,Scott Thompson,Washington,High School,Female,53,No,1,2021-06-20,2022-05-16,568.0,1172
CUST10937,Raven Perry,Ohio,Associate,Male,71,No,2,2022-07-06,2022-12-10,419.1,964
CUST10584,Jennifer Bryan,Ohio,PhD,Male,62,No,1,2021-11-06,2022-02-24,152.34,1253
CUST10026,Joseph Mcbride,Washington,High School,Male,27,Yes,0,2021-12-07,2022-02-22,104.25,1255
CUST10174,Michael Velazquez,Texas,Bachelor,Non-Binary,40,No,2,2022-10-23,2024-07-08,294.82,388
CUST10371,Deborah Gibson,Washington,PhD,Female,35,No,2,2023-09-24,2024-04-12,867.45,475
CUST10322,Sheila Holmes,New York,Bachelor,Female,18,Yes,0,2021-12-26,2022-07-09,73.97,1118
CUST10092,Melissa Lee,Illinois,Bachelor,Non-Binary,24,Yes,1,2020-10-17,2020-11-24,172.46,1710
CUST10367,Daniel Thompson,Illinois,High School,Male,38,No,3,2023-03-26,2024-09-12,200.18,322
CUST10017,Kenneth Ferguson,Florida,High School,Male,74,No,1,2023-07-25,2024-05-30,140.49,427
CUST10975,Max Carson,Ohio,Master,Male,34,No,0,2021-03-10,2022-04-09,311.51,1209
CUST10406,Kimberly Huynh,California,Bachelor,Male,52,Yes,4,2021-08-24,2025-04-09,249.36,113
CUST10540,Michael Rose,Georgia,Master,Non-Binary,21,No,0,2021-12-29,2024-11-16,332.64,257
CUST10356,Gabrielle Wilson,Arizona,High School,Non-Binary,44,No,2,2022-01-24,2022-06-30,535.41,1127
CUST10167,Grant Gonzales,Ohio,Bachelor,Female,53,Yes,2,2023-02-25,2024-06-21,95.99,405
CUST10297,Michelle Rogers,Arizona,Master,Female,40,Yes,2,2024-07-24,2024-12-27,213.79,216
CUST10951,George Hill,Washington,High School,Female,20,No,0,2020-07-31,2022-05-27,430.6,1161
CUST10672,Stephen Wright,Florida,Associate,Non-Binary,75,Yes,0,2021-05-24,2022-11-05,312.96,999
CUST10305,Heather Russell,Washington,Master,Female,21,Yes,2,2021-12-11,2022-10-12,933.74,1023
CUST10623,Dennis Howell,Georgia,PhD,Male,77,No,2,2024-01-06,2024-12-19,388.76,224
CUST10577,Brandon Williams,California,Associate,Non-Binary,19,Yes,3,2024-05-25,2025-07-11,214.54,20
CUST10342,Melissa Johnston,Arizona,Bachelor,Female,80,No,0,2021-09-10,2021-12-04,74.52,1335
CUST10679,Ann Rose,Arizona,Associate,Male,54,Yes,0,2022-10-04,2024-01-09,409.48,569
CUST10494,Christopher Golden,Texas,PhD,Male,35,No,2,2020-11-19,2020-12-04,130.64,1700
CUST10739,Evelyn Buckley,Washington,Bachelor,Non-Binary,55,Yes,3,2022-05-04,2023-10-06,197.86,664
CUST10054,Taylor Cook,California,Master,Male,40,Yes,0,2024-07-15,2025-06-07,282.45,54
CUST10201,Debra Chavez,Washington,Master,Non-Binary,70,Yes,1,2023-08-07,2023-09-24,118.52,676
CUST10193,Willie Riley,Texas,PhD,Non-Binary,46,Yes,1,2023-08-19,2025-07-07,110.46,24
CUST10012,Andrew White,Colorado,Master,Male,49,No,3,2020-11-09,2025-07-20,244.17,11
CUST10660,Erin Pham,California,Master,Female,26,No,2,2024-02-11,2024-05-30,272.93,427
CUST10873,Heather Strong,Arizona,High School,Male,19,Yes,3,2022-12-14,2025-04-24,312.65,98
CUST10709,Jason Haynes,California,Bachelor,Female,36,No,1,2023-10-03,2024-09-22,413.33,312
CUST10275,Gavin Martinez,Colorado,Associate,Non-Binary,22,Yes,2,2021-08-04,2022-01-28,92.6,1280
CUST10354,Jennifer Marshall,New York,Master,Non-Binary,45,No,1,2021-05-19,2023-07-29,724.95,733
CUST10372,Jennifer Sullivan,Ohio,PhD,Female,50,No,0,2023-05-30,2024-03-24,769.96,494
CUST10994,Misty Davis,Colorado,Master,Non-Binary,36,Yes,3,2023-01-06,2025-04-05,360.43,117
CUST10304,Adrian Gallagher,Washington,Master,Non-Binary,58,No,2,2023-10-30,2025-05-15,314.99,77
CUST10607,Adrienne Thomas,Georgia,Bachelor,Male,24,Yes,1,2023-08-01,2024-05-26,510.52,431
CUST10845,Jennifer Khan,Washington,PhD,Female,78,Yes,1,2023-10-27,2025-01-01,372.44,211
CUST10967,Earl Waller,New York,Bachelor,Male,57,Yes,1,2022-09-26,2025-06-05,514.74,56
CUST10129,Christopher Mccann,Washington,Bachelor,Male,69,No,4,2024-04-20,2025-03-15,221.32,138
CUST10244,Patricia Garrison,Florida,High School,Female,57,No,2,2024-01-25,2024-06-15,103.69,411
CUST10139,Julie Preston,Colorado,PhD,Non-Binary,18,Yes,3,2024-03-29,2025-01-12,260.5,200
CUST10197,Nicole Alvarez,Washington,Master,Male,46,Yes,1,2021-08-26,2021-09-08,375.35,1422
CUST10686,Dennis Kane,Washington,PhD,Female,75,No,3,2023-08-24,2025-04-03,537.72,119
CUST10319,Scott Perez,Florida,High School,Non-Binary,47,Yes,1,2021-09-19,2024-12-12,480.19,231
CUST10811,Carolyn Smith,Florida,Associate,Male,28,No,2,2023-03-10,2024-12-10,254.34,233
CUST10227,William Mclean,California,PhD,Female,64,Yes,0,2023-12-20,2025-07-13,128.33,18
CUST10031,Albert Anderson,New York,High School,Non-Binary,39,No,1,2022-01-17,2023-12-21,76.77,588
CUST10293,Susan Davis,Illinois,Master,Male,45,Yes,2,2021-09-22,2024-12-03,153.9,240
CUST10949,Craig Cook,Ohio,Master,Female,39,Yes,0,2022-04-28,2024-07-17,536.68,379
CUST10666,Matthew Lopez,Illinois,Master,Female,43,No,1,2023-12-27,2024-05-17,548.13,440
CUST10061,Robert Humphrey,Florida,Bachelor,Female,33,Yes,2,2023-08-04,2024-08-25,110.06,340
CUST10900,Larry Long,Ohio,Associate,Male,41,No,0,2023-09-02,2023-11-12,1080.39,627
CUST10035,Christina Lambert,Illinois,PhD,Non-Binary,25,Yes,4,2024-01-29,2025-03-19,41.72,134
CUST10357,John Thomas,Ohio,Master,Female,63,Yes,0,2023-03-10,2024-02-02,803.34,545
CUST10246,Michael Wilson,New York,High School,Non-Binary,78,No,1,2023-12-29,2024-06-16,644.47,410
CUST10506,Nicholas Hurley,Arizona,Associate,Non-Binary,78,Yes,0,2022-03-19,2024-03-31,254.72,487
CUST10998,Nicole Cunningham,Ohio,Bachelor,Non-Binary,37,Yes,1,2020-09-23,2021-01-26,68.56,1647
CUST10353,Michelle Goodwin,Ohio,PhD,Male,76,No,3,2022-06-03,2023-02-18,441.05,894
CUST10735,Elizabeth Gilbert,Texas,Bachelor,Male,70,No,0,2021-12-31,2022-01-26,422.62,1282
CUST10182,Donna Nichols DDS,Florida,Master,Non-Binary,78,No,3,2024-01-10,2025-03-10,205.31,143
CUST10176,Phyllis Mason,California,PhD,Female,38,No,3,2021-05-02,2025-07-08,680.61,23
CUST10967,Earl Waller,New York,Bachelor,Male,57,Yes,1,2022-09-26,2024-05-18,427.4,439
CUST10960,Michael Stephenson,Ohio,PhD,Female,49,Yes,2,2022-04-26,2023-08-21,439.11,710
CUST10349,James Smith,Arizona,High School,Non-Binary,64,No,0,2021-11-21,2024-09-09,428.38,325
CUST10219,Karen Johns,Texas,High School,Female,28,Yes,1,2021-12-06,2022-06-23,643.57,1134
CUST10281,Kayla Estes,Washington,Master,Non-Binary,76,Yes,2,2024-07-10,2024-12-14,183.98,229
CUST10943,Olivia Morgan,Colorado,Master,Non-Binary,18,Yes,0,2024-07-02,2025-07-29,840.18,2
CUST10147,Jay James,Colorado,PhD,Female,63,Yes,2,2024-01-26,2025-04-23,799.23,99
CUST10946,Amber Shaw,Illinois,PhD,Male,29,No,0,2022-09-08,2025-07-23,90.73,8
CUST10677,Tony Johnson,Georgia,Master,Male,26,Yes,3,2022-10-29,2024-02-08,115.33,539
CUST10296,Felicia Ward,New York,High School,Male,71,Yes,4,2022-09-20,2022-12-25,202.81,949
CUST10879,Kristina Pineda,Washington,PhD,Non-Binary,41,Yes,1,2022-11-07,2025-05-11,431.13,81
CUST10929,John Brown,Arizona,PhD,Non-Binary,31,Yes,0,2023-08-06,2024-11-20,424.39,253
CUST10743,Tamara Miller,Georgia,Master,Male,78,Yes,1,2023-07-17,2024-10-02,264.63,302
CUST10342,Melissa Johnston,Arizona,Bachelor,Female,80,No,0,2021-09-10,2022-06-30,342.3,1127
CUST10226,Darren Bishop,Ohio,Associate,Male,64,Yes,1,2022-01-09,2025-06-29,468.04,32
CUST10740,Alisha Miles,Arizona,PhD,Female,63,Yes,0,2023-08-22,2024-04-21,408.54,466
CUST10236,Tonya Brady,Texas,High School,Female,77,Yes,1,2023-12-24,2025-02-21,108.38,160
CUST10442,Michelle Smith,New York,High School,Female,76,No,1,2022-01-05,2024-05-30,221.18,427
CUST10320,Tina Duncan,New York,Bachelor,Female,70,Yes,3,2023-10-07,2024-10-24,366.48,280
CUST10375,Renee Simpson,Georgia,PhD,Non-Binary,29,Yes,1,2024-06-20,2025-02-24,221.32,157
CUST10756,Melissa Roberts,Illinois,PhD,Male,24,No,2,2024-03-30,2025-07-09,286.77,22
CUST10850,Elizabeth Edwards,Colorado,Bachelor,Male,34,Yes,1,2022-01-29,2024-06-19,631.01,407
CUST10031,Albert Anderson,New York,High School,Non-Binary,39,No,1,2022-01-17,2022-07-09,327.29,1118
CUST10591,Barbara Hanson,Colorado,PhD,Non-Binary,40,Yes,1,2020-09-18,2020-12-06,163.95,1698
CUST10765,Michael Bailey,Illinois,PhD,Female,72,No,0,2022-05-26,2022-06-13,180.84,1144
CUST10130,Eric Nelson,Ohio,Bachelor,Female,44,Yes,1,2022-01-19,2025-06-10,346.39,51
CUST10135,Deanna Payne,Ohio,Associate,Female,51,Yes,0,2023-11-11,2024-04-06,368.41,481
CUST10595,Maria Jackson,California,Master,Female,72,No,2,2023-09-08,2025-06-14,186.95,47
CUST10900,Larry Long,Ohio,Associate,Male,41,No,0,2023-09-02,2023-12-16,220.72,593
CUST10965,Kristin Dillon,Illinois,Master,Male,40,Yes,2,2022-07-29,2024-12-05,646.21,238
CUST10155,Gavin Olson,Ohio,Associate,Non-Binary,50,No,1,2021-02-05,2023-12-02,274.78,607
CUST10334,Luis Davies,Arizona,Bachelor,Non-Binary,68,No,1,2024-06-26,2025-03-24,377.33,129
CUST10561,Joseph Krueger,Florida,Associate,Female,24,Yes,0,2022-06-30,2024-07-14,136.31,382
CUST10398,Teresa Gardner,Illinois,High School,Male,72,Yes,3,2023-12-01,2023-12-27,275.05,582
CUST10073,Anthony Smith,California,High School,Female,20,Yes,0,2021-02-09,2021-05-07,374.83,1546
CUST10567,Kelsey Hughes,Colorado,Master,Male,65,Yes,0,2021-10-31,2023-09-06,136.06,694
CUST10384,Briana Drake,Texas,Master,Male,75,Yes,3,2022-06-13,2022-08-19,323.81,1077
CUST10542,Catherine Haynes,Texas,PhD,Female,18,No,0,2023-10-17,2024-12-01,125.55,242
CUST10665,Eric Christian,Colorado,Bachelor,Female,43,No,0,2021-12-09,2025-06-17,307.19,44
CUST10858,Lisa Wong,Arizona,Master,Female,75,Yes,2,2021-02-19,2025-02-14,500.77,167
CUST10905,Virginia Ramsey,Georgia,Master,Non-Binary,25,No,2,2022-06-17,2023-01-03,63.01,940
CUST10695,Jennifer Burton,Washington,Master,Male,72,Yes,0,2024-04-05,2024-06-01,116.56,425
CUST10845,Jennifer Khan,Washington,PhD,Female,78,Yes,1,2023-10-27,2025-01-30,759.37,182
CUST10121,Daniel Bridges,California,High School,Male,63,Yes,0,2021-06-09,2023-10-24,232.76,646
CUST10572,Kristen Reynolds,Colorado,Master,Male,52,No,2,2024-05-19,2024-10-13,542.23,291
CUST10831,Monica Martinez,Washington,Associate,Male,79,Yes,1,2022-06-27,2024-07-26,167.08,370
CUST10039,Nicole Sanchez,Florida,PhD,Non-Binary,65,Yes,1,2023-01-14,2023-06-21,146.63,771
CUST10398,Teresa Gardner,Illinois,High School,Male,72,Yes,3,2023-12-01,2025-06-18,185.66,43
CUST10428,Tonya White,Colorado,High School,Male,41,No,2,2024-03-14,2025-05-22,486.88,70
CUST10153,Michele Brown,Ohio,PhD,Female,70,Yes,1,2024-06-22,2024-09-20,142.43,314
CUST10580,Kayla Gonzalez,Georgia,High School,Female,45,No,1,2021-11-28,2022-12-06,217.16,968
CUST10045,Amanda Berg,Illinois,Bachelor,Male,28,No,2,2023-02-23,2025-05-13,1370.5,79
CUST10702,Nathan Brown,Ohio,Master,Non-Binary,18,Yes,1,2024-01-21,2024-02-02,468.82,545
CUST10206,Michelle Schmidt,Ohio,Associate,Female,67,Yes,0,2020-11-29,2024-09-07,9.27,327
CUST10158,Heather Brown,New York,Bachelor,Male,21,Yes,2,2021-12-06,2022-12-15,441.09,959
CUST10400,Daniel Gregory,Colorado,Associate,Female,38,Yes,2,2022-09-20,2023-10-20,648.35,650
CUST10296,Felicia Ward,New York,High School,Male,71,Yes,4,2022-09-20,2024-11-06,288.37,267
CUST10092,Melissa Lee,Illinois,Bachelor,Non-Binary,24,Yes,1,2020-10-17,2024-12-04,1012.63,239
CUST10602,William Reed,Florida,High School,Female,69,No,0,2021-05-06,2024-01-25,284.68,553
CUST10463,Thomas Reid,California,Associate,Non-Binary,33,No,0,2023-07-04,2023-10-06,511.07,664
CUST10753,Alison Mccarthy,Georgia,Associate,Male,56,Yes,1,2021-02-25,2022-12-15,676.75,959
CUST10465,Juan Zamora,Colorado,High School,Female,51,No,1,2023-03-03,2025-05-05,106.83,87
CUST10376,Cynthia Rogers,New York,High School,Male,59,Yes,1,2024-04-19,2025-05-01,71.03,91
CUST10980,Mike Alvarado,New York,Bachelor,Male,45,No,0,2023-12-09,2025-03-03,275.4,150
CUST10983,Sean Galloway,Colorado,High School,Non-Binary,66,Yes,1,2022-02-10,2024-11-26,234.93,247
CUST10357,John Thomas,Ohio,Master,Female,63,Yes,0,2023-03-10,2024-12-07,270.66,236
CUST10454,Kimberly Flores,Florida,PhD,Male,46,Yes,0,2023-11-02,2023-12-04,531.92,605
CUST10107,Shelley Mcdowell,Florida,High School,Male,61,No,0,2020-08-17,2025-07-15,399.7,16
CUST10334,Luis Davies,Arizona,Bachelor,Non-Binary,68,No,1,2024-06-26,2024-07-10,78.14,386
CUST10391,Melissa Patrick,Florida,PhD,Non-Binary,76,No,2,2021-06-08,2025-07-19,291.79,12
CUST10482,Mark Clark,Arizona,Bachelor,Male,39,No,1,2020-08-15,2022-03-07,175.0,1242
CUST10326,Melissa Price,Texas,Bachelor,Non-Binary,65,No,2,2020-09-11,2024-07-11,116.26,385
CUST10389,Sean Smith,California,High School,Male,59,No,0,2022-08-10,2024-09-12,189.08,322
CUST10712,Matthew Keller,Washington,Bachelor,Female,42,Yes,3,2021-01-05,2023-11-24,29.07,615
CUST10291,Jeffrey Johnson,Arizona,Bachelor,Male,45,Yes,1,2024-03-28,2025-05-19,583.91,73
CUST10826,Elizabeth Mason,Washington,Associate,Non-Binary,75,Yes,1,2020-08-04,2023-04-15,386.6,838
CUST10389,Sean Smith,California,High School,Male,59,No,0,2022-08-10,2023-08-19,263.9,712
CUST10496,Haley Dyer,Florida,Bachelor,Female,53,No,0,2023-11-17,2025-07-17,332.26,14
CUST10415,Vincent Spencer,Texas,Bachelor,Non-Binary,43,Yes,0,2024-02-03,2025-06-02,388.14,59
CUST10312,Erin Norman,Illinois,High School,Non-Binary,24,No,2,2023-11-20,2024-11-23,340.05,250
CUST10148,Erin Mason,Florida,PhD,Male,37,Yes,2,2020-11-28,2020-12-06,100.3,1698
CUST10809,Pamela Carey,Colorado,PhD,Female,46,No,0,2023-03-22,2024-12-06,561.56,237
CUST10320,Tina Duncan,New York,Bachelor,Female,70,Yes,3,2023-10-07,2025-02-12,302.93,169
CUST10323,Brandon Walton,Washington,Associate,Male,54,Yes,3,2024-07-15,2024-10-14,56.97,290
CUST10303,Antonio Sanchez,Colorado,Associate,Male,26,Yes,2,2022-11-07,2024-12-19,360.64,224
CUST10411,Whitney Lucas,Colorado,Associate,Non-Binary,39,No,2,2022-09-04,2024-02-20,299.04,527
CUST10410,Jay Mercer,Illinois,Master,Male,45,Yes,0,2022-02-01,2024-05-12,551.67,445
CUST10260,Karen Kim,California,Master,Non-Binary,54,No,0,2024-03-27,2025-07-27,227.83,4
CUST10131,Daniel Park,New York,PhD,Non-Binary,39,Yes,3,2022-10-29,2024-10-23,540.74,281
CUST10255,Paul Smith,Florida,Master,Non-Binary,38,No,0,2022-03-20,2023-09-19,29.82,681
CUST10941,Natasha Walker,California,Associate,Non-Binary,40,Yes,1,2024-06-06,2024-11-24,632.58,249
CUST10694,Lauren Williams,Ohio,PhD,Non-Binary,29,Yes,1,2023-06-18,2024-12-30,1011.51,213
CUST10637,Emily Schneider,Florida,Associate,Non-Binary,68,No,1,2022-03-01,2024-05-30,382.65,427
CUST10686,Dennis Kane,Washington,PhD,Female,75,No,3,2023-08-24,2023-12-16,237.63,593
CUST10490,Nathan Johnson,Arizona,High School,Male,27,No,2,2021-11-27,2023-12-23,714.4,586
CUST10811,Carolyn Smith,Florida,Associate,Male,28,No,2,2023-03-10,2025-06-09,397.42,52
CUST10274,Tracy Tate,Illinois,Master,Female,51,Yes,0,2023-07-05,2025-06-26,319.25,35
CUST10825,Gary Marshall,New York,Bachelor,Non-Binary,54,No,0,2022-08-19,2023-04-24,110.6,829
CUST10096,Laura White,California,High School,Female,41,Yes,0,2020-08-06,2024-07-13,108.39,383
CUST10734,Christine Baker,Ohio,Associate,Female,34,Yes,3,2022-08-05,2023-04-09,352.33,844
CUST10076,Roberto Lewis,Colorado,Bachelor,Female,79,No,1,2023-02-11,2023-02-25,178.47,887
CUST10904,Katie Riggs,Georgia,Associate,Non-Binary,76,No,1,2023-10-23,2024-10-25,313.41,279
CUST10179,Michael King,California,Bachelor,Female,65,No,2,2024-07-06,2024-07-16,125.33,380
CUST10144,Jennifer Santiago,Florida,Master,Female,61,Yes,0,2022-05-16,2023-08-11,279.23,720
CUST10772,Dorothy Fox,California,High School,Non-Binary,50,Yes,0,2022-01-28,2024-07-27,952.15,369
CUST10216,Kimberly Parker,Arizona,Associate,Non-Binary,41,Yes,2,2022-11-27,2025-02-27,235.3,154
CUST10115,Jon Chang,Arizona,Associate,Male,62,Yes,0,2023-04-13,2025-06-02,108.15,59
CUST10527,Jessica Green,California,Associate,Male,64,No,1,2021-09-29,2022-07-13,70.13,1114
CUST10009,Patrick Barnes,California,Bachelor,Non-Binary,41,Yes,0,2024-04-14,2024-11-01,283.69,272
CUST10713,Charles Travis,New York,PhD,Male,23,No,3,2023-10-08,2025-02-28,962.03,153
CUST10340,Elizabeth Phillips,California,Bachelor,Non-Binary,80,No,0,2020-08-30,2022-06-27,534.31,1130
CUST10861,Angela Johnson,California,High School,Non-Binary,32,No,0,2023-11-16,2024-04-30,128.06,457
CUST10072,Scott Williams,Florida,Bachelor,Male,54,No,0,2022-03-18,2024-01-14,507.01,564
CUST10205,Francis Romero,Texas,High School,Non-Binary,22,Yes,0,2023-10-13,2024-02-17,345.9,530
CUST10767,Miranda Brown,Georgia,PhD,Non-Binary,78,No,0,2021-04-03,2022-01-26,168.24,1282
CUST10488,Brooke Turner,California,Associate,Male,39,Yes,0,2023-03-10,2024-04-17,435.14,470
CUST10405,Kimberly Quinn,Arizona,Bachelor,Male,25,Yes,0,2022-04-13,2023-08-11,644.08,720
CUST10005,Cynthia Moody,Texas,Master,Female,37,Yes,0,2022-05-17,2024-03-14,168.56,504
CUST10926,Amy Smith,Colorado,PhD,Female,36,No,1,2023-07-27,2024-02-29,117.65,518
CUST10514,Kristen Eaton,New York,Associate,Male,33,Yes,1,2021-01-03,2022-09-16,217.76,1049
CUST10138,Chelsea James,Texas,PhD,Male,69,No,2,2024-06-14,2025-06-01,551.45,60
CUST10781,Michelle Wiley,Arizona,Master,Non-Binary,77,Yes,3,2024-07-14,2024-12-17,121.56,226
CUST10050,Marilyn Jackson,New York,Bachelor,Male,32,No,1,2024-06-22,2024-12-20,209.92,223
CUST10474,John Graham,Washington,Bachelor,Female,73,No,2,2023-02-06,2024-09-26,260.32,308
CUST10484,Jason Richardson,Texas,PhD,Female,52,Yes,1,2022-02-06,2025-02-24,69.99,157
CUST10214,Philip Taylor,California,High School,Male,46,No,1,2022-11-02,2023-06-10,565.49,782
CUST10770,Bryan Chavez,New York,High School,Non-Binary,64,No,1,2024-02-08,2024-12-08,56.61,235
CUST10369,Matthew Coleman,New York,Associate,Female,73,Yes,1,2024-07-26,2025-04-12,314.48,110
CUST10601,Eric Norris,New York,Bachelor,Male,67,Yes,2,2024-02-10,2024-09-22,515.81,312
CUST10448,Charles Waters,Arizona,Bachelor,Non-Binary,43,No,2,2024-04-26,2025-04-28,359.24,94
CUST10249,Randall Johnson,Arizona,PhD,Male,73,No,2,2023-10-14,2024-03-18,76.26,500
CUST10609,Joseph Wallace,Washington,Bachelor,Male,45,No,3,2020-12-28,2023-04-19,672.52,834
CUST10536,Stephanie Munoz,California,Bachelor,Female,59,Yes,0,2020-08-28,2024-12-17,124.26,226
CUST10633,Cole Ward,Colorado,Master,Non-Binary,67,Yes,0,2023-11-04,2024-04-08,163.34,479
CUST10910,Justin Scott,Washington,Bachelor,Male,23,Yes,1,2023-07-04,2024-05-12,247.92,445
CUST10101,Melissa Flores,Georgia,Master,Non-Binary,78,No,2,2023-01-06,2024-05-16,191.06,441
CUST10071,Eric Thompson,Florida,Associate,Female,45,No,2,2020-08-31,2020-12-11,372.41,1693
CUST10516,Anna Fleming,New York,Master,Female,36,No,2,2021-07-13,2023-05-24,318.73,799
CUST10146,Beverly Webb,Georgia,Master,Female,78,No,2,2023-09-06,2024-12-08,265.26,235
CUST10757,Jennifer Wilcox,Colorado,Associate,Non-Binary,21,Yes,0,2024-06-01,2024-09-11,77.45,323
CUST10321,Micheal Davis,Texas,High School,Female,39,Yes,3,2023-12-30,2024-04-17,181.95,470
CUST10095,Ricky Jackson,Georgia,PhD,Non-Binary,68,Yes,1,2024-01-02,2025-04-05,317.64,117
CUST10050,Marilyn Jackson,New York,Bachelor,Male,32,No,1,2024-06-22,2025-01-08,155.74,204
CUST10151,Dawn Elliott,Arizona,High School,Male,41,No,2,2022-07-07,2025-02-19,449.19,162
CUST10164,Patricia Jacobson,Washington,Bachelor,Non-Binary,53,Yes,2,2021-02-15,2024-10-26,254.97,278
CUST10795,Jamie Gardner,Washington,Associate,Female,47,No,1,2020-11-12,2023-02-06,639.56,906
CUST10202,Whitney Marshall,California,Bachelor,Non-Binary,37,No,2,2020-10-28,2023-04-23,411.43,830
CUST10214,Philip Taylor,California,High School,Male,46,No,1,2022-11-02,2024-11-21,393.86,252
CUST10581,Raymond Kelly,Ohio,PhD,Male,40,No,2,2021-05-08,2025-01-05,630.27,207
CUST10563,Jim Johnson PhD,Illinois,Associate,Male,44,No,2,2021-12-27,2025-05-09,413.56,83
CUST10349,James Smith,Arizona,High School,Non-Binary,64,No,0,2021-11-21,2024-01-25,17.31,553
CUST10936,Shannon Guzman,New York,Bachelor,Male,43,Yes,3,2020-12-05,2024-02-15,241.25,532
CUST10210,Jon Rich,Illinois,PhD,Non-Binary,34,No,3,2021-08-28,2024-01-22,227.48,556
CUST10917,Beth Henry,Illinois,Bachelor,Female,51,No,1,2024-01-02,2024-02-24,180.02,523
CUST10687,Deborah Gibson,Texas,High School,Male,48,Yes,2,2024-06-21,2025-04-16,586.79,106
CUST10150,Mary Keller,Arizona,Bachelor,Female,74,Yes,1,2021-04-01,2024-08-24,267.57,341
CUST10237,Tracy Salazar,California,PhD,Male,58,No,4,2022-06-30,2023-06-01,82.55,791
CUST10229,Andrea Roberts,Illinois,High School,Male,76,No,1,2022-02-01,2025-03-05,563.66,148
CUST10155,Gavin Olson,Ohio,Associate,Non-Binary,50,No,1,2021-02-05,2024-08-01,272.35,364
CUST10574,David Jensen,New York,Bachelor,Non-Binary,51,No,4,2021-05-11,2025-07-03,310.5,28
CUST10593,Phillip Padilla,Arizona,High School,Female,55,No,0,2020-12-08,2021-01-29,363.11,1644
CUST10353,Michelle Goodwin,Ohio,PhD,Male,76,No,3,2022-06-03,2024-02-14,668.51,533
CUST10629,Vanessa Mcmahon,Florida,Bachelor,Male,58,No,1,2023-06-27,2023-12-23,180.99,586
CUST10665,Eric Christian,Colorado,Bachelor,Female,43,No,0,2021-12-09,2022-05-14,110.7,1174
CUST10777,Andrew Walker,Georgia,Master,Female,46,Yes,1,2022-10-28,2024-02-20,46.4,527
CUST10040,Natalie Gonzales DDS,California,Associate,Non-Binary,78,Yes,0,2021-09-20,2023-07-25,106.3,737
CUST10435,Ralph Brown,Florida,Bachelor,Female,37,Yes,2,2020-11-18,2025-02-20,193.49,161
CUST10550,Derrick Daniel,Colorado,Bachelor,Male,77,No,2,2022-03-07,2024-06-10,272.22,416
CUST10148,Erin Mason,Florida,PhD,Male,37,Yes,2,2020-11-28,2021-10-27,713.09,1373
CUST10048,Jennifer Baker,New York,Master,Male,56,Yes,1,2021-08-04,2023-10-22,343.53,648
CUST10175,David Russell,New York,PhD,Male,29,Yes,0,2023-02-08,2024-07-14,191.05,382
CUST10320,Tina Duncan,New York,Bachelor,Female,70,Yes,3,2023-10-07,2024-04-16,273.01,471
CUST10779,Tiffany Clements,Arizona,Master,Male,71,No,1,2021-07-23,2022-07-20,272.84,1107
CUST10885,Cody Pierce,New York,Bachelor,Male,36,Yes,1,2023-03-28,2025-07-11,69.05,20
CUST10417,Mason Tate,Florida,High School,Non-Binary,55,Yes,3,2023-11-24,2025-06-24,557.73,37
CUST10312,Erin Norman,Illinois,High School,Non-Binary,24,No,2,2023-11-20,2024-04-02,494.47,485
CUST10459,Michael Williams,Ohio,High School,Non-Binary,43,No,2,2022-07-21,2022-09-06,76.23,1059
CUST10737,Gary Ellis,Texas,Bachelor,Male,33,No,0,2020-11-20,2024-12-29,97.49,214
CUST10016,Melinda Smith,Florida,Associate,Male,65,No,4,2020-12-07,2022-09-30,217.15,1035
CUST10238,Ruben Hendricks,Texas,Master,Male,52,No,1,2024-06-07,2024-08-22,99.1,343
CUST10650,Phillip Taylor,Ohio,PhD,Non-Binary,70,Yes,1,2023-12-13,2025-04-02,241.67,120
CUST10101,Melissa Flores,Georgia,Master,Non-Binary,78,No,2,2023-01-06,2023-10-24,94.28,646
CUST10341,Joseph Cox,Florida,Master,Male,35,No,3,2023-04-13,2024-03-13,324.74,505
CUST10173,David Sanchez,Arizona,PhD,Non-Binary,54,Yes,1,2022-01-11,2024-09-20,233.9,314
CUST10963,Tyler Snyder,Colorado,Bachelor,Non-Binary,23,No,0,2021-06-12,2021-09-21,131.63,1409
CUST10915,Robert Jones,New York,High School,Female,61,No,2,2022-08-05,2025-04-21,604.62,101
CUST10747,Sean Gonzalez,Ohio,Associate,Male,27,No,3,2022-10-08,2024-12-08,478.59,235
CUST10643,Samuel Hobbs,Georgia,PhD,Female,66,No,3,2022-04-01,2023-12-03,120.22,606
CUST10819,Philip Wilcox,Florida,Master,Male,39,Yes,2,2023-10-17,2024-02-13,552.21,534
CUST10400,Daniel Gregory,Colorado,Associate,Female,38,Yes,2,2022-09-20,2024-03-28,328.86,490
CUST10850,Elizabeth Edwards,Colorado,Bachelor,Male,34,Yes,1,2022-01-29,2022-06-03,200.66,1154
CUST10874,Shannon Clayton,Arizona,PhD,Female,53,No,2,2022-09-11,2024-05-13,26.35,444
CUST10964,Carla Johnson,Washington,PhD,Non-Binary,19,Yes,1,2023-08-04,2025-04-08,333.8,114
CUST10046,Melissa Davila,Georgia,Associate,Non-Binary,66,No,2,2023-12-21,2024-06-30,461.76,396
CUST10248,Michelle Rojas,Arizona,Master,Non-Binary,65,No,4,2021-05-06,2024-05-17,363.78,440
CUST10378,Molly Campbell,California,PhD,Female,27,Yes,1,2021-08-01,2023-12-16,287.42,593
CUST10911,William Kelley,Florida,Associate,Male,35,No,1,2020-10-20,2023-06-08,642.24,784
CUST10784,Connie Page,Georgia,High School,Female,51,No,0,2023-10-30,2025-01-27,109.58,185
CUST10954,Ronald Smith,Arizona,Master,Male,34,Yes,0,2021-06-10,2025-04-16,327.0,106
CUST10140,Sean Becker,Texas,Associate,Male,41,No,2,2024-06-10,2024-08-15,242.46,350
CUST10860,Evelyn Li,Colorado,Master,Non-Binary,45,Yes,2,2022-07-18,2022-09-12,127.54,1053
CUST10087,Tina Singh,Arizona,Bachelor,Male,44,No,1,2023-10-28,2025-04-16,40.19,106
CUST10464,Edwin Woodward,Colorado,Master,Non-Binary,40,No,0,2022-11-07,2023-04-12,433.65,841
CUST10973,Sherri Pearson,Illinois,Associate,Female,76,No,0,2024-02-20,2025-06-12,308.69,49
CUST10475,Natalie Mitchell,California,Master,Non-Binary,24,No,2,2022-11-06,2024-07-22,339.35,374
CUST10072,Scott Williams,Florida,Bachelor,Male,54,No,0,2022-03-18,2025-07-18,444.36,13
CUST10051,Mary Mccullough,California,Master,Male,34,No,2,2022-06-27,2024-01-04,155.37,574
CUST10548,Gordon Roman,New York,High School,Non-Binary,62,No,2,2023-10-11,2025-06-01,88.79,60
CUST10343,Laura Atkins,Arizona,Bachelor,Non-Binary,52,Yes,1,2023-05-26,2024-01-12,60.07,566
CUST10065,Mr. Donald Johnson,Washington,PhD,Female,65,No,2,2024-06-09,2025-01-08,379.74,204
CUST10808,Mr. Dillon Gross,Washington,Bachelor,Female,45,No,0,2021-11-12,2024-02-21,194.9,526
CUST10560,April Richardson,Florida,Master,Female,28,No,0,2021-09-12,2024-05-14,245.43,443
CUST10776,Christopher Smith,Washington,Master,Male,60,Yes,0,2024-05-03,2025-04-21,581.11,101
CUST10512,Sean Butler,Illinois,Bachelor,Male,73,Yes,3,2022-02-10,2022-06-09,264.22,1148
CUST10398,Teresa Gardner,Illinois,High School,Male,72,Yes,3,2023-12-01,2024-05-05,278.45,452
CUST10064,Chris Martin,Georgia,Associate,Male,53,Yes,3,2022-06-12,2022-07-16,129.11,1111
CUST10902,Matthew Knox,Florida,High School,Male,32,Yes,0,2024-07-27,2024-08-13,471.18,352
CUST10283,Adam Davis,Illinois,High School,Male,51,No,0,2022-06-13,2023-01-06,652.39,937
CUST10095,Ricky Jackson,Georgia,PhD,Non-Binary,68,Yes,1,2024-01-02,2024-07-20,426.62,376
CUST10123,Lauren Wilkerson,California,Associate,Non-Binary,53,Yes,1,2021-03-10,2024-01-05,349.62,573
CUST10470,Jill Stone,Georgia,Master,Non-Binary,42,Yes,2,2023-01-06,2025-05-07,119.82,85
CUST10656,William Kim,Florida,PhD,Non-Binary,25,Yes,2,2023-09-11,2024-12-18,964.71,225
CUST10397,Jennifer Patel,Texas,Bachelor,Non-Binary,70,Yes,1,2023-03-17,2024-05-20,264.56,437
CUST10630,Ronald Stevens,Colorado,High School,Female,47,No,3,2021-12-16,2022-11-24,116.13,980
CUST10545,Alexander Ramirez,Illinois,Master,Female,67,No,0,2022-11-11,2023-03-03,214.89,881
CUST10806,Amanda Willis,Ohio,PhD,Non-Binary,66,Yes,4,2024-02-14,2025-06-01,556.37,60
CUST10567,Kelsey Hughes,Colorado,Master,Male,65,Yes,0,2021-10-31,2023-10-31,998.45,639
CUST10288,David Strickland,Georgia,Master,Male,27,No,0,2022-08-13,2025-06-09,511.68,52
CUST10110,Christopher Mccormick,New York,Associate,Male,48,Yes,2,2022-12-10,2024-11-11,78.56,262
CUST10187,Craig Eaton,New York,Master,Non-Binary,66,Yes,0,2022-11-24,2023-01-13,374.92,930
CUST10163,Scott Mitchell,California,Associate,Non-Binary,28,Yes,2,2020-10-22,2022-04-01,501.95,1217
CUST10864,Travis Christensen,California,Bachelor,Non-Binary,65,No,1,2024-07-26,2024-12-30,880.6,213
CUST10784,Connie Page,Georgia,High School,Female,51,No,0,2023-10-30,2024-02-10,325.94,537
CUST10564,Mary Shaw,Washington,Master,Female,41,No,0,2024-07-13,2024-10-28,268.12,276
CUST10660,Erin Pham,California,Master,Female,26,No,2,2024-02-11,2024-04-29,162.19,458
CUST10688,Christine Martinez,New York,Associate,Male,54,Yes,1,2024-02-24,2024-08-17,400.42,348
CUST10798,Sharon Schneider,Washington,High School,Non-Binary,45,No,2,2021-04-30,2023-09-05,87.57,695
CUST10801,Tyler Peterson,Ohio,Bachelor,Non-Binary,53,No,3,2023-10-28,2024-09-08,288.57,326
CUST10939,Brian Carson,Georgia,PhD,Female,22,No,3,2021-07-28,2023-10-27,27.61,643
CUST10957,Stephanie Mills,Colorado,Associate,Non-Binary,73,Yes,1,2023-06-02,2024-11-16,163.01,257
CUST10798,Sharon Schneider,Washington,High School,Non-Binary,45,No,2,2021-04-30,2024-03-19,399.61,499
CUST10516,Anna Fleming,New York,Master,Female,36,No,2,2021-07-13,2021-09-12,169.38,1418
CUST10940,Alexandria Potter,New York,High School,Male,72,Yes,3,2022-04-30,2022-10-03,355.01,1032
CUST10218,Jason Austin,Ohio,PhD,Female,67,Yes,1,2023-03-02,2025-06-29,185.01,32
CUST10997,Cameron Potts,New York,High School,Male,57,Yes,0,2023-04-22,2023-05-09,352.59,814
CUST10979,Carol Paul,Illinois,PhD,Female,55,Yes,1,2022-03-05,2025-07-15,320.24,16
CUST10166,Ashley Burns,New York,PhD,Female,78,Yes,1,2023-10-24,2024-12-13,219.82,230
CUST10689,Jonathan Tucker,Florida,PhD,Non-Binary,53,No,0,2021-07-06,2025-02-21,9.38,160
CUST10126,Charles Powers,Florida,Associate,Non-Binary,46,No,3,2022-10-12,2024-09-01,351.84,333
CUST10057,Shelley Austin,New York,PhD,Female,72,No,0,2020-12-18,2025-07-19,24.17,12
CUST10824,Megan Perry,Illinois,High School,Non-Binary,74,Yes,2,2020-09-11,2022-08-31,236.78,1065
CUST10416,Robin Baker,California,Associate,Female,40,Yes,1,2023-07-10,2024-07-23,302.39,373
CUST10902,Matthew Knox,Florida,High School,Male,32,Yes,0,2024-07-27,2025-02-14,505.68,167
CUST10437,Katherine Rose,California,Bachelor,Non-Binary,69,No,3,2022-09-04,2024-03-25,94.06,493
CUST10076,Roberto Lewis,Colorado,Bachelor,Female,79,No,1,2023-02-11,2023-07-02,41.47,760
CUST10644,Karen Fitzgerald,Illinois,PhD,Non-Binary,50,No,1,2022-06-20,2023-05-25,591.35,798
CUST10632,Fernando Fuller,Illinois,Associate,Non-Binary,75,No,2,2022-03-13,2025-04-07,117.93,115
CUST10248,Michelle Rojas,Arizona,Master,Non-Binary,65,No,4,2021-05-06,2024-09-04,335.79,330
CUST10835,Riley Torres,New York,PhD,Non-Binary,49,Yes,1,2020-11-28,2025-07-14,42.48,17
CUST10819,Philip Wilcox,Florida,Master,Male,39,Yes,2,2023-10-17,2025-02-18,549.02,163
CUST10818,Melissa Hernandez,Ohio,High School,Female,56,No,1,2021-04-25,2022-10-28,204.86,1007
CUST10826,Elizabeth Mason,Washington,Associate,Non-Binary,75,Yes,1,2020-08-04,2021-05-11,80.25,1542
CUST10341,Joseph Cox,Florida,Master,Male,35,No,3,2023-04-13,2023-06-02,687.17,790
CUST10922,Tammie Lopez,Washington,Associate,Male,73,No,0,2021-10-10,2023-03-28,430.27,856
CUST10532,Lee Miller,California,High School,Non-Binary,61,No,0,2021-12-28,2025-03-25,74.39,128
CUST10397,Jennifer Patel,Texas,Bachelor,Non-Binary,70,Yes,1,2023-03-17,2024-09-12,146.54,322
CUST10613,Maria Parker,Florida,Master,Non-Binary,59,No,2,2022-03-20,2023-11-09,367.14,630
CUST10426,Jessica Anderson,Washington,High School,Female,38,Yes,2,2023-05-10,2023-07-21,831.25,741
CUST10967,Earl Waller,New York,Bachelor,Male,57,Yes,1,2022-09-26,2023-07-05,90.29,757
CUST10851,Robert Arnold,Ohio,Associate,Male,43,No,1,2024-01-09,2024-10-03,574.18,301
CUST10761,Richard Thomas,Georgia,Bachelor,Female,58,No,1,2023-01-01,2023-04-02,411.54,851
CUST10745,Robert Mosley,Washington,PhD,Female,20,No,1,2020-08-09,2024-05-28,182.24,429
CUST10433,Shannon Simpson,Georgia,PhD,Female,30,Yes,1,2020-10-21,2023-04-27,296.45,826
CUST10850,Elizabeth Edwards,Colorado,Bachelor,Male,34,Yes,1,2022-01-29,2025-05-21,249.28,71
CUST10269,Elizabeth Salazar,Colorado,High School,Female,55,Yes,0,2021-03-17,2022-08-26,229.36,1070
CUST10583,Sergio Taylor,New York,Master,Non-Binary,32,No,1,2020-10-01,2024-06-22,127.74,404
CUST10476,Brad Jones,Illinois,Bachelor,Male,56,No,0,2024-01-21,2024-07-02,731.01,394
CUST10624,Kelly Ramos,Georgia,High School,Female,35,Yes,2,2021-06-16,2025-05-17,82.84,75
CUST10688,Christine Martinez,New York,Associate,Male,54,Yes,1,2024-02-24,2024-04-22,685.6,465
CUST10486,James Wells,Georgia,Master,Female,21,Yes,4,2023-11-20,2024-01-19,273.19,559
CUST10819,Philip Wilcox,Florida,Master,Male,39,Yes,2,2023-10-17,2024-09-12,324.73,322
CUST10185,Randy Buchanan,Texas,Associate,Female,70,No,3,2022-09-03,2022-10-19,653.04,1016
CUST10776,Christopher Smith,Washington,Master,Male,60,Yes,0,2024-05-03,2024-06-29,172.1,397
CUST10571,Frederick Chandler,New York,High School,Male,73,No,0,2021-07-13,2025-05-23,127.04,69
CUST10685,Shelley Thomas,Arizona,PhD,Female,58,No,2,2024-04-22,2024-06-16,268.08,410
CUST10725,John Tyler,Arizona,Bachelor,Female,69,No,2,2023-06-18,2025-04-12,247.42,110
CUST10557,Shane Ross,Texas,Associate,Male,23,Yes,3,2021-03-15,2024-03-21,189.12,497
CUST10098,Madeline Gamble,Washington,Bachelor,Male,40,Yes,2,2024-04-01,2025-01-09,30.92,203
CUST10515,Brian White,Florida,Master,Female,32,Yes,0,2023-10-10,2023-11-13,455.92,626
CUST10752,Paula Ross,Washington,Bachelor,Non-Binary,46,Yes,2,2021-04-04,2021-10-30,403.48,1370
CUST10331,Tiffany Washington,Ohio,High School,Male,36,Yes,0,2021-05-08,2022-06-14,645.82,1143
CUST10110,Christopher Mccormick,New York,Associate,Male,48,Yes,2,2022-12-10,2024-04-15,594.62,472
CUST10695,Jennifer Burton,Washington,Master,Male,72,Yes,0,2024-04-05,2024-09-22,830.87,312
CUST10753,Alison Mccarthy,Georgia,Associate,Male,56,Yes,1,2021-02-25,2021-03-16,433.47,1598
CUST10304,Adrian Gallagher,Washington,Master,Non-Binary,58,No,2,2023-10-30,2024-11-20,98.25,253
CUST10728,Barbara Baker,Florida,Associate,Male,60,Yes,1,2021-10-04,2022-06-01,81.49,1156
CUST10224,Jacob Yates,Washington,Master,Non-Binary,60,No,0,2023-03-30,2024-10-02,345.48,302
CUST10434,Megan Hughes,Ohio,PhD,Male,24,Yes,2,2023-10-05,2024-07-16,296.93,380
CUST10006,Jeffrey Torres,Colorado,Bachelor,Non-Binary,72,No,1,2021-01-18,2021-12-18,41.96,1321
CUST10457,Debra Schroeder,Colorado,High School,Non-Binary,52,No,4,2023-09-14,2025-02-12,56.12,169
CUST10952,Courtney Jimenez,California,Associate,Non-Binary,76,No,4,2024-05-30,2025-01-13,168.5,199
CUST10452,Timothy Robertson,Ohio,High School,Non-Binary,51,Yes,0,2024-06-04,2024-12-12,299.47,231
CUST10939,Brian Carson,Georgia,PhD,Female,22,No,3,2021-07-28,2022-04-20,146.01,1198
CUST10265,Richard Sims,Arizona,Master,Male,50,No,4,2022-12-08,2024-05-07,762.61,450
CUST10212,Joseph Williams,Arizona,Associate,Female,39,No,1,2021-03-13,2023-04-30,57.15,823
CUST10626,Lindsey Miller,New York,Master,Male,35,Yes,1,2021-12-10,2022-05-23,160.84,1165
CUST10577,Brandon Williams,California,Associate,Non-Binary,19,Yes,3,2024-05-25,2024-06-17,355.46,409
CUST10997,Cameron Potts,New York,High School,Male,57,Yes,0,2023-04-22,2025-04-22,413.43,100
CUST10178,Ryan Diaz,Florida,Master,Female,18,Yes,3,2021-07-03,2022-12-26,436.98,948
CUST10682,William Morgan,Florida,Master,Non-Binary,22,Yes,2,2020-09-18,2024-08-09,104.22,356
CUST10984,David Cowan,Washington,Master,Female,18,Yes,1,2021-02-25,2023-06-27,175.89,765
CUST10723,Ann Brown,New York,High School,Non-Binary,66,Yes,2,2024-04-20,2025-01-03,397.35,209
CUST10111,Samantha Patton,Florida,Master,Male,42,No,2,2021-04-23,2023-01-13,574.15,930
CUST10533,Sara Mccullough,Washington,Master,Male,28,Yes,3,2020-08-27,2021-09-16,196.65,1414
CUST10921,Rhonda Sanchez,California,Associate,Female,44,Yes,0,2023-01-14,2025-02-27,276.66,154
CUST10597,Carolyn Kirk,Ohio,PhD,Female,66,Yes,1,2023-05-25,2023-05-25,224.27,798
CUST10673,Michael Wilson,Georgia,PhD,Non-Binary,78,Yes,3,2021-03-23,2022-05-09,74.9,1179
CUST10362,Mark Hernandez,Ohio,PhD,Female,62,No,0,2021-06-17,2022-05-30,471.64,1158
CUST10689,Jonathan Tucker,Florida,PhD,Non-Binary,53,No,0,2021-07-06,2024-07-20,347.04,376
CUST10429,Steven Simmons,Florida,PhD,Male,71,Yes,1,2021-03-24,2025-03-10,181.03,143
CUST10781,Michelle Wiley,Arizona,Master,Non-Binary,77,Yes,3,2024-07-14,2024-12-02,456.35,241
CUST10480,Anthony Brown,New York,High School,Female,77,Yes,1,2021-01-12,2023-11-03,181.65,636
CUST10970,Francisco Alvarez,New York,High School,Male,36,Yes,2,2021-11-01,2023-03-13,101.7,871
CUST10786,Michael Webster,California,Bachelor,Male,40,No,1,2023-09-03,2025-04-22,110.6,100
CUST10833,Steven Burns,Georgia,PhD,Female,60,No,1,2023-08-24,2025-01-04,233.94,208
CUST10172,Donna Cain,California,Bachelor,Male,19,No,0,2021-10-08,2023-09-27,175.4,673
CUST10208,Daniel Patton,Arizona,Associate,Male,62,Yes,0,2020-10-29,2020-11-29,222.44,1705
CUST10796,Sarah Larsen,Ohio,Bachelor,Female,74,Yes,1,2024-05-17,2025-07-05,180.39,26
CUST10563,Jim Johnson PhD,Illinois,Associate,Male,44,No,2,2021-12-27,2025-01-01,313.73,211
CUST10051,Mary Mccullough,California,Master,Male,34,No,2,2022-06-27,2023-12-07,212.63,602
CUST10499,Kathryn Campbell,Florida,Associate,Female,34,No,1,2023-11-13,2024-05-02,202.12,455
CUST10002,Dylan Schwartz,New York,Bachelor,Female,22,No,0,2021-06-24,2022-06-02,360.19,1155
CUST10621,Michelle Munoz,Georgia,Bachelor,Female,25,No,2,2024-04-11,2025-07-23,645.14,8
CUST10954,Ronald Smith,Arizona,Master,Male,34,Yes,0,2021-06-10,2024-04-22,336.86,465
CUST10537,Lori Hall,Arizona,PhD,Non-Binary,45,No,4,2021-12-19,2022-09-25,1537.15,1040
CUST10073,Anthony Smith,California,High School,Female,20,Yes,0,2021-02-09,2024-07-14,104.32,382
CUST10184,Stephen Miller,Colorado,PhD,Male,62,Yes,0,2020-08-25,2024-10-29,470.83,275
CUST10084,Michael Nelson,Florida,High School,Female,41,Yes,2,2022-01-18,2022-10-09,284.74,1026
CUST10843,Matthew Thompson,Ohio,High School,Non-Binary,56,No,2,2024-03-28,2024-08-17,207.62,348
CUST10225,James Walker,Georgia,PhD,Male,49,No,2,2021-10-08,2023-09-14,216.7,686
CUST10777,Andrew Walker,Georgia,Master,Female,46,Yes,1,2022-10-28,2024-11-10,421.47,263
CUST10786,Michael Webster,California,Bachelor,Male,40,No,1,2023-09-03,2025-05-01,464.05,91
CUST10684,David Roy,Illinois,High School,Male,27,No,0,2021-09-22,2024-03-23,93.9,495
CUST10054,Taylor Cook,California,Master,Male,40,Yes,0,2024-07-15,2025-06-22,438.41,39
CUST10287,Megan Leon,Illinois,High School,Female,78,No,0,2023-01-09,2024-07-15,278.15,381
CUST10329,Gary Campbell,California,PhD,Male,43,No,1,2024-03-14,2025-04-20,144.42,102
CUST10461,David Cook,Georgia,PhD,Female,74,Yes,0,2021-07-27,2021-10-14,491.75,1386
CUST10180,Julia Dennis,Washington,PhD,Non-Binary,45,No,0,2021-03-02,2022-12-27,340.86,947
CUST10742,Kayla Hunter,Colorado,Bachelor,Female,65,Yes,0,2023-11-08,2024-09-10,47.08,324
CUST10127,Courtney Cuevas,Illinois,High School,Non-Binary,58,Yes,0,2020-09-04,2024-05-02,414.98,455
CUST10991,Kevin Beck,Florida,Bachelor,Female,80,No,4,2024-02-13,2024-12-01,71.16,242
CUST10650,Phillip Taylor,Ohio,PhD,Non-Binary,70,Yes,1,2023-12-13,2024-03-07,464.62,511
CUST10198,Joseph Wilson,Florida,Associate,Male,38,No,0,2020-10-06,2024-09-05,394.67,329
CUST10420,Melissa Church,Arizona,Master,Female,64,Yes,0,2024-02-12,2025-01-02,727.01,210
CUST10703,Gregory Perry,New York,High School,Non-Binary,55,No,2,2022-01-21,2023-04-22,518.64,831
CUST10460,Vanessa Smith,Washington,PhD,Male,27,No,3,2024-04-04,2025-02-15,176.43,166
CUST10429,Steven Simmons,Florida,PhD,Male,71,Yes,1,2021-03-24,2024-06-02,78.68,424
CUST10220,Elizabeth Monroe,Illinois,PhD,Female,61,Yes,3,2023-04-26,2024-08-30,134.33,335
CUST10850,Elizabeth Edwards,Colorado,Bachelor,Male,34,Yes,1,2022-01-29,2022-03-19,130.88,1230
CUST10635,Sherry Stanley,Washington,Associate,Female,39,No,1,2023-12-28,2024-12-12,109.34,231
CUST10612,Sophia Harrell,Georgia,High School,Male,30,No,0,2023-11-29,2025-03-04,62.88,149
CUST10149,Kayla Ortiz,Washington,PhD,Non-Binary,73,No,2,2022-11-09,2023-05-16,129.87,807
CUST10847,Rebecca Mitchell,Illinois,Bachelor,Non-Binary,42,Yes,2,2022-10-22,2024-03-21,284.26,497
CUST10367,Daniel Thompson,Illinois,High School,Male,38,No,3,2023-03-26,2024-03-08,291.5,510
CUST10470,Jill Stone,Georgia,Master,Non-Binary,42,Yes,2,2023-01-06,2024-06-11,657.98,415
CUST10646,Michael Flores,New York,PhD,Female,21,No,1,2022-01-09,2023-12-07,227.65,602
CUST10332,Susan Garner,New York,Associate,Female,30,No,0,2023-11-14,2024-10-22,121.34,282
CUST10410,Jay Mercer,Illinois,Master,Male,45,Yes,0,2022-02-01,2023-03-01,97.01,883
CUST10243,Nicholas Johnson,Ohio,Bachelor,Non-Binary,50,Yes,2,2020-12-20,2021-08-28,87.05,1433
CUST10607,Adrienne Thomas,Georgia,Bachelor,Male,24,Yes,1,2023-08-01,2024-03-05,346.63,513
CUST10385,Stephen Gray,New York,Associate,Female,25,No,4,2022-04-10,2023-05-20,323.33,803
CUST10204,Jacob Perkins,Colorado,Bachelor,Male,47,Yes,3,2023-04-26,2023-10-06,222.82,664
CUST10258,Gregory Baker,Colorado,PhD,Female,73,Yes,1,2023-02-09,2024-02-25,74.69,522
CUST10470,Jill Stone,Georgia,Master,Non-Binary,42,Yes,2,2023-01-06,2025-04-24,159.4,98
CUST10537,Lori Hall,Arizona,PhD,Non-Binary,45,No,4,2021-12-19,2025-06-14,526.51,47
CUST10576,Laura Miller,Texas,PhD,Female,29,No,3,2023-05-18,2023-07-10,154.72,752
CUST10047,Joseph Jones,New York,Bachelor,Female,75,Yes,1,2022-07-29,2024-07-17,534.11,379
CUST10931,Cathy Brown,Florida,Bachelor,Female,21,No,0,2022-01-21,2023-11-20,196.75,619
CUST10151,Dawn Elliott,Arizona,High School,Male,41,No,2,2022-07-07,2022-11-19,461.79,985
CUST10178,Ryan Diaz,Florida,Master,Female,18,Yes,3,2021-07-03,2025-02-16,105.26,165
CUST10453,Christian Villanueva,California,Master,Non-Binary,33,No,2,2023-02-23,2023-04-26,193.98,827
CUST10956,Richard Mercado,New York,Bachelor,Non-Binary,74,No,1,2021-05-25,2022-06-13,210.56,1144
CUST10572,Kristen Reynolds,Colorado,Master,Male,52,No,2,2024-05-19,2025-06-15,206.71,46
CUST10956,Richard Mercado,New York,Bachelor,Non-Binary,74,No,1,2021-05-25,2024-10-06,125.26,298
CUST10609,Joseph Wallace,Washington,Bachelor,Male,45,No,3,2020-12-28,2024-06-01,686.12,425
CUST10731,Daniel Salas,Florida,High School,Male,54,Yes,1,2020-12-05,2022-02-25,271.73,1252
CUST10830,Kenneth Frost,New York,Master,Female,32,Yes,1,2024-04-17,2024-07-10,314.88,386
CUST10776,Christopher Smith,Washington,Master,Male,60,Yes,0,2024-05-03,2025-01-20,338.63,192
CUST10249,Randall Johnson,Arizona,PhD,Male,73,No,2,2023-10-14,2024-11-05,468.58,268
CUST10049,Mathew Schmidt,Arizona,Associate,Female,66,Yes,2,2021-07-25,2024-11-28,354.71,245
CUST10205,Francis Romero,Texas,High School,Non-Binary,22,Yes,0,2023-10-13,2024-11-18,246.09,255
CUST10196,Kristin Pearson,Colorado,Master,Non-Binary,64,No,1,2022-11-30,2023-01-12,173.18,931
CUST10961,Charles Mayer,New York,Bachelor,Female,65,No,0,2021-09-04,2021-09-27,390.91,1403
CUST10016,Melinda Smith,Florida,Associate,Male,65,No,4,2020-12-07,2022-08-10,134.11,1086
CUST10997,Cameron Potts,New York,High School,Male,57,Yes,0,2023-04-22,2025-06-25,276.9,36
CUST10448,Charles Waters,Arizona,Bachelor,Non-Binary,43,No,2,2024-04-26,2025-02-13,103.07,168
CUST10282,Jordan Tapia,Washington,High School,Non-Binary,41,Yes,2,2021-12-31,2022-06-28,556.85,1129
CUST10030,Matthew Tran,New York,Master,Male,47,No,2,2022-11-08,2023-08-24,146.21,707
CUST10983,Sean Galloway,Colorado,High School,Non-Binary,66,Yes,1,2022-02-10,2024-09-26,302.32,308
CUST10941,Natasha Walker,California,Associate,Non-Binary,40,Yes,1,2024-06-06,2024-10-18,383.61,286
CUST10515,Brian White,Florida,Master,Female,32,Yes,0,2023-10-10,2024-05-28,144.77,429
CUST10122,Brandy Robertson,Florida,PhD,Female,76,No,2,2021-09-19,2023-08-08,340.63,723
CUST10130,Eric Nelson,Ohio,Bachelor,Female,44,Yes,1,2022-01-19,2023-02-07,237.95,905
CUST10824,Megan Perry,Illinois,High School,Non-Binary,74,Yes,2,2020-09-11,2022-10-18,348.46,1017
CUST10475,Natalie Mitchell,California,Master,Non-Binary,24,No,2,2022-11-06,2025-01-27,336.4,185
CUST10182,Donna Nichols DDS,Florida,Master,Non-Binary,78,No,3,2024-01-10,2025-05-16,368.72,76
CUST10377,Kenneth Bird,Illinois,PhD,Male,69,Yes,0,2023-06-23,2025-01-23,202.67,189
CUST10648,Marcus Anderson,Florida,PhD,Non-Binary,19,No,1,2021-06-24,2023-12-21,519.23,588
CUST10631,Jennifer Durham,Ohio,Bachelor,Male,51,Yes,4,2024-03-21,2024-11-26,594.69,247
CUST10466,James Pope,New York,Master,Female,50,No,1,2021-07-28,2022-06-21,391.15,1136
CUST10604,Bethany Sanders,Colorado,Associate,Female,38,Yes,2,2023-08-20,2023-10-07,476.04,663
CUST10863,Sara Tanner,Texas,Bachelor,Female,64,Yes,2,2024-03-08,2024-12-24,339.01,219
CUST10736,Stephanie Miller,Washington,Master,Non-Binary,50,No,2,2023-07-26,2025-04-19,198.59,103
CUST10331,Tiffany Washington,Ohio,High School,Male,36,Yes,0,2021-05-08,2023-05-22,24.97,801
CUST10377,Kenneth Bird,Illinois,PhD,Male,69,Yes,0,2023-06-23,2025-02-03,148.52,178
CUST10430,Sandra King,Texas,Bachelor,Non-Binary,46,No,0,2021-10-24,2022-06-02,130.39,1155
CUST10637,Emily Schneider,Florida,Associate,Non-Binary,68,No,1,2022-03-01,2024-01-12,69.26,566
CUST10814,Kristin Beard,Texas,Master,Non-Binary,47,Yes,2,2022-01-08,2022-10-03,320.58,1032
CUST10947,Teresa Valdez,Washington,Master,Male,39,No,0,2022-03-29,2024-06-28,300.78,398
CUST10418,Lee Young,Ohio,Bachelor,Male,44,Yes,4,2023-12-30,2024-12-26,88.83,217
CUST10970,Francisco Alvarez,New York,High School,Male,36,Yes,2,2021-11-01,2023-09-19,356.2,681
CUST10801,Tyler Peterson,Ohio,Bachelor,Non-Binary,53,No,3,2023-10-28,2025-01-18,175.11,194
CUST10033,Kelli Robinson,Arizona,PhD,Male,18,No,3,2023-05-28,2025-01-07,260.41,205
CUST10604,Bethany Sanders,Colorado,Associate,Female,38,Yes,2,2023-08-20,2025-01-17,239.25,195
CUST10978,Kenneth Vang,Texas,Master,Non-Binary,75,No,0,2021-05-08,2024-08-14,257.74,351
CUST10640,Amanda Yoder,Colorado,Master,Female,57,No,1,2023-02-26,2024-01-20,52.99,558
CUST10216,Kimberly Parker,Arizona,Associate,Non-Binary,41,Yes,2,2022-11-27,2023-11-15,642.34,624
CUST10045,Amanda Berg,Illinois,Bachelor,Male,28,No,2,2023-02-23,2025-06-04,297.97,57
CUST10718,Jessica Whitaker,California,Bachelor,Male,68,No,1,2022-06-02,2024-02-19,303.4,528
CUST10557,Shane Ross,Texas,Associate,Male,23,Yes,3,2021-03-15,2023-04-01,703.12,852
CUST10305,Heather Russell,Washington,Master,Female,21,Yes,2,2021-12-11,2024-01-10,253.19,568
CUST10668,Mary Hill,California,Associate,Non-Binary,23,Yes,1,2023-12-17,2024-08-04,455.47,361
CUST10714,Bradley Williams,Georgia,Associate,Male,75,No,1,2023-05-10,2025-07-27,146.24,4
CUST10473,Christopher Daniels,Georgia,Associate,Male,63,No,2,2024-05-20,2024-10-04,164.07,300
CUST10235,Ashley Olson,Arizona,Master,Non-Binary,48,Yes,3,2020-08-25,2023-05-02,708.53,821
CUST10414,Kenneth Davis,Arizona,High School,Male,27,No,0,2022-01-19,2022-03-04,556.22,1245
CUST10639,Mike Crawford,Colorado,PhD,Male,42,Yes,1,2024-07-02,2024-07-31,122.43,365
CUST10713,Charles Travis,New York,PhD,Male,23,No,3,2023-10-08,2025-01-12,149.53,200
CUST10119,Kenneth Ponce,Ohio,High School,Male,38,No,0,2020-10-28,2022-05-16,324.64,1172
CUST10747,Sean Gonzalez,Ohio,Associate,Male,27,No,3,2022-10-08,2025-07-14,94.4,17
CUST10332,Susan Garner,New York,Associate,Female,30,No,0,2023-11-14,2025-03-24,702.3,129
CUST10067,Peter Brooks,Illinois,Associate,Non-Binary,26,No,1,2021-08-29,2024-05-25,223.34,432
CUST10945,Stephanie Ramos,Ohio,Associate,Male,62,No,0,2021-10-22,2024-07-18,136.22,378
CUST10096,Laura White,California,High School,Female,41,Yes,0,2020-08-06,2021-05-29,235.04,1524
CUST10981,Olivia Smith,Arizona,Associate,Male,25,Yes,1,2024-03-20,2024-09-30,427.99,304
CUST10262,Edward Medina,Georgia,Associate,Male,62,No,2,2021-07-15,2025-07-05,122.76,26
CUST10966,Lauren Taylor,New York,Associate,Non-Binary,30,No,2,2023-12-14,2024-04-24,243.29,463
CUST10078,Elizabeth Hall,California,Master,Male,51,No,2,2024-04-24,2024-06-17,717.52,409
CUST10005,Cynthia Moody,Texas,Master,Female,37,Yes,0,2022-05-17,2023-11-07,567.28,632
CUST10643,Samuel Hobbs,Georgia,PhD,Female,66,No,3,2022-04-01,2022-08-08,137.52,1088
CUST10559,Lauren White,Florida,Associate,Male,68,Yes,2,2020-09-11,2025-04-12,120.59,110
CUST10741,Dr. Erica Perez,California,Master,Male,73,No,0,2022-03-19,2023-09-29,146.98,671
CUST10940,Alexandria Potter,New York,High School,Male,72,Yes,3,2022-04-30,2022-10-22,277.6,1013
CUST10958,Brandon Moore,Ohio,Associate,Female,31,No,3,2022-05-19,2024-02-15,182.71,532
CUST10099,Danielle Huffman,New York,High School,Non-Binary,18,No,2,2021-12-09,2024-09-16,286.71,318
CUST10522,Sean Williams,New York,Associate,Non-Binary,73,No,1,2023-07-21,2024-08-12,277.52,353
CUST10241,Logan Garcia,Georgia,High School,Non-Binary,69,Yes,1,2022-03-23,2023-03-06,549.79,878
CUST10079,Amber Moreno,Florida,Bachelor,Male,46,No,3,2023-08-11,2023-09-09,156.55,691
CUST10094,Dr. Clinton Lopez,Colorado,Bachelor,Female,54,No,2,2022-09-13,2024-12-12,108.84,231
CUST10236,Tonya Brady,Texas,High School,Female,77,Yes,1,2023-12-24,2025-05-05,841.67,87
CUST10533,Sara Mccullough,Washington,Master,Male,28,Yes,3,2020-08-27,2021-10-27,445.37,1373
CUST10468,Parker Lewis,Texas,PhD,Female,40,No,1,2021-07-23,2021-10-31,161.19,1369
CUST10213,Vicki Massey,Arizona,PhD,Non-Binary,25,No,0,2022-08-12,2023-11-02,158.15,637
CUST10932,Shirley Acosta,New York,PhD,Female,68,No,1,2022-07-02,2022-10-31,230.07,1004
CUST10061,Robert Humphrey,Florida,Bachelor,Female,33,Yes,2,2023-08-04,2025-01-23,158.79,189
CUST10230,Ricky Skinner,Arizona,PhD,Male,40,Yes,1,2023-05-18,2025-04-21,232.3,101
CUST10282,Jordan Tapia,Washington,High School,Non-Binary,41,Yes,2,2021-12-31,2022-02-07,197.04,1270
CUST10747,Sean Gonzalez,Ohio,Associate,Male,27,No,3,2022-10-08,2025-06-14,905.44,47
CUST10893,Jeff Miller,California,High School,Male,26,Yes,3,2022-09-11,2024-12-31,220.95,212
CUST10752,Paula Ross,Washington,Bachelor,Non-Binary,46,Yes,2,2021-04-04,2021-09-30,32.55,1400
CUST10465,Juan Zamora,Colorado,High School,Female,51,No,1,2023-03-03,2023-05-06,518.46,817
CUST10491,David Vazquez,Florida,Associate,Non-Binary,30,No,1,2024-06-11,2024-09-09,271.89,325
CUST10682,William Morgan,Florida,Master,Non-Binary,22,Yes,2,2020-09-18,2021-03-09,244.83,1605
CUST10608,David Deleon,Washington,High School,Male,42,Yes,0,2023-08-27,2024-08-05,178.93,360
CUST10769,Jason Morales,California,Master,Non-Binary,48,No,1,2022-11-04,2023-10-31,293.38,639
CUST10718,Jessica Whitaker,California,Bachelor,Male,68,No,1,2022-06-02,2022-07-01,487.12,1126
CUST10515,Brian White,Florida,Master,Female,32,Yes,0,2023-10-10,2024-06-11,554.53,415
CUST10928,Jessica Pierce,Texas,Associate,Male,42,No,0,2022-10-21,2025-07-22,75.49,9
CUST10556,Ashley Roberts,California,Associate,Non-Binary,50,No,4,2023-01-22,2024-07-12,91.83,384
CUST10781,Michelle Wiley,Arizona,Master,Non-Binary,77,Yes,3,2024-07-14,2024-09-13,188.3,321
CUST10603,Joseph Lee MD,California,Associate,Non-Binary,65,No,0,2021-04-07,2021-04-24,146.86,1559
CUST10771,Matthew Ochoa,Texas,High School,Female,20,No,0,2020-10-20,2024-06-23,241.52,403
CUST10612,Sophia Harrell,Georgia,High School,Male,30,No,0,2023-11-29,2025-03-06,339.21,147
CUST10773,Leslie Park PhD,Colorado,PhD,Female,41,No,2,2023-09-26,2024-11-28,405.5,245
CUST10787,Louis Gibson,Colorado,Associate,Non-Binary,47,No,1,2024-07-04,2025-02-27,315.08,154
CUST10853,Ryan Miller,Florida,High School,Non-Binary,55,No,0,2022-06-20,2022-10-12,258.02,1023
CUST10361,Tammy Lawrence,Washington,Master,Male,48,No,4,2024-05-27,2025-07-16,315.04,15
CUST10234,Chelsea Reynolds,Illinois,Master,Non-Binary,73,Yes,1,2023-07-02,2023-12-18,36.06,591
CUST10684,David Roy,Illinois,High School,Male,27,No,0,2021-09-22,2024-01-15,195.38,563
CUST10482,Mark Clark,Arizona,Bachelor,Male,39,No,1,2020-08-15,2023-08-05,135.43,726
CUST10793,Austin Willis,Arizona,PhD,Male,71,No,0,2024-04-02,2024-06-02,174.49,424
CUST10835,Riley Torres,New York,PhD,Non-Binary,49,Yes,1,2020-11-28,2025-06-07,104.1,54
CUST10268,Michelle Martinez,New York,Bachelor,Female,55,Yes,1,2022-03-29,2023-11-02,474.9,637
CUST10139,Julie Preston,Colorado,PhD,Non-Binary,18,Yes,3,2024-03-29,2024-08-24,508.97,341
CUST10430,Sandra King,Texas,Bachelor,Non-Binary,46,No,0,2021-10-24,2021-12-03,464.76,1336
CUST10869,Olivia Ramirez,New York,Bachelor,Male,61,No,1,2020-09-02,2021-02-22,471.25,1620
CUST10058,Jennifer Anderson MD,Florida,PhD,Non-Binary,49,No,3,2021-10-20,2022-09-04,233.76,1061
CUST10250,Alicia Higgins,Texas,Master,Female,74,Yes,1,2023-10-15,2024-09-09,137.01,325
CUST10129,Christopher Mccann,Washington,Bachelor,Male,69,No,4,2024-04-20,2025-01-19,327.2,193
CUST10437,Katherine Rose,California,Bachelor,Non-Binary,69,No,3,2022-09-04,2023-12-19,230.96,590
CUST10763,Melissa Harrison,Arizona,Bachelor,Non-Binary,64,No,0,2023-10-03,2023-11-23,158.51,616
CUST10008,Jennifer Gray,Georgia,High School,Female,31,Yes,1,2022-05-18,2025-07-06,366.17,25
CUST10858,Lisa Wong,Arizona,Master,Female,75,Yes,2,2021-02-19,2021-04-30,167.18,1553
CUST10731,Daniel Salas,Florida,High School,Male,54,Yes,1,2020-12-05,2021-09-17,608.55,1413
CUST10385,Stephen Gray,New York,Associate,Female,25,No,4,2022-04-10,2024-11-04,588.87,269
CUST10083,Marc Olson,Florida,Associate,Non-Binary,73,No,2,2022-11-17,2024-06-02,633.98,424
CUST10958,Brandon Moore,Ohio,Associate,Female,31,No,3,2022-05-19,2025-07-22,332.29,9
CUST10274,Tracy Tate,Illinois,Master,Female,51,Yes,0,2023-07-05,2024-08-30,128.09,335
CUST10368,Benjamin Weber,Washington,Associate,Male,34,Yes,2,2021-01-11,2021-05-26,920.75,1527
CUST10092,Melissa Lee,Illinois,Bachelor,Non-Binary,24,Yes,1,2020-10-17,2022-09-16,122.11,1049
CUST10073,Anthony Smith,California,High School,Female,20,Yes,0,2021-02-09,2025-07-23,240.67,8
CUST10686,Dennis Kane,Washington,PhD,Female,75,No,3,2023-08-24,2024-12-28,534.03,215
CUST10552,Margaret Mcfarland,Georgia,Associate,Non-Binary,36,No,2,2024-01-20,2024-01-23,1000.16,555
CUST10858,Lisa Wong,Arizona,Master,Female,75,Yes,2,2021-02-19,2022-06-04,58.9,1153
CUST10358,Scott Finley,Ohio,High School,Male,21,Yes,2,2021-10-31,2025-01-24,74.42,188
CUST10969,Victor Johnson,Texas,PhD,Non-Binary,56,Yes,4,2022-03-11,2022-05-31,259.88,1157
CUST10200,Nicole Maynard,Texas,Bachelor,Female,51,Yes,1,2021-08-30,2023-04-01,245.49,852
CUST10577,Brandon Williams,California,Associate,Non-Binary,19,Yes,3,2024-05-25,2025-04-19,986.63,103
CUST10824,Megan Perry,Illinois,High School,Non-Binary,74,Yes,2,2020-09-11,2022-07-24,374.1,1103
CUST10779,Tiffany Clements,Arizona,Master,Male,71,No,1,2021-07-23,2022-11-30,709.86,974
CUST10768,Marc Smith,Arizona,Bachelor,Female,39,No,3,2024-04-08,2024-10-13,214.05,291
CUST10847,Rebecca Mitchell,Illinois,Bachelor,Non-Binary,42,Yes,2,2022-10-22,2024-07-30,342.73,366
CUST10749,Bradley Hicks,Washington,PhD,Non-Binary,24,Yes,2,2023-12-11,2024-10-07,297.43,297
CUST10644,Karen Fitzgerald,Illinois,PhD,Non-Binary,50,No,1,2022-06-20,2025-07-17,682.72,14
CUST10206,Michelle Schmidt,Ohio,Associate,Female,67,Yes,0,2020-11-29,2024-10-20,186.96,284
CUST10652,William Underwood,Colorado,Associate,Female,36,No,0,2022-05-12,2024-12-09,241.06,234
CUST10598,April Edwards,Georgia,Associate,Female,35,No,1,2023-09-18,2025-05-20,269.76,72
CUST10610,Dillon Goodman,Colorado,Bachelor,Female,47,Yes,1,2022-08-04,2024-06-06,159.9,420
CUST10433,Shannon Simpson,Georgia,PhD,Female,30,Yes,1,2020-10-21,2024-09-12,439.36,322
CUST10505,Maria Berry,Georgia,PhD,Male,66,No,1,2023-12-27,2025-01-18,99.83,194
CUST10862,James Blake,Texas,Associate,Non-Binary,26,No,0,2021-03-20,2024-03-23,96.79,495
CUST10659,Andrew Lang,Florida,PhD,Male,58,Yes,1,2022-11-29,2024-04-01,446.13,486
CUST10626,Lindsey Miller,New York,Master,Male,35,Yes,1,2021-12-10,2022-09-20,228.15,1045
CUST10151,Dawn Elliott,Arizona,High School,Male,41,No,2,2022-07-07,2023-07-30,643.68,732
CUST10121,Daniel Bridges,California,High School,Male,63,Yes,0,2021-06-09,2025-03-31,176.89,122
CUST10588,Joanna Howe,Washington,Bachelor,Non-Binary,47,No,1,2023-08-13,2025-02-14,140.22,167
CUST10580,Kayla Gonzalez,Georgia,High School,Female,45,No,1,2021-11-28,2023-01-05,297.39,938
CUST10312,Erin Norman,Illinois,High School,Non-Binary,24,No,2,2023-11-20,2024-11-03,153.92,270
CUST10821,Terri Rubio,California,Bachelor,Female,72,Yes,2,2022-07-10,2023-12-12,196.71,597
CUST10213,Vicki Massey,Arizona,PhD,Non-Binary,25,No,0,2022-08-12,2024-03-20,345.89,498
CUST10014,Matthew Alvarez,Texas,High School,Non-Binary,40,No,2,2022-09-12,2023-10-15,316.97,655
CUST10731,Daniel Salas,Florida,High School,Male,54,Yes,1,2020-12-05,2025-06-01,162.21,60
CUST10938,John Price,California,PhD,Male,44,No,2,2020-08-31,2024-03-06,155.64,512
CUST10255,Paul Smith,Florida,Master,Non-Binary,38,No,0,2022-03-20,2022-10-26,491.93,1009
CUST10862,James Blake,Texas,Associate,Non-Binary,26,No,0,2021-03-20,2023-05-12,93.7,811
CUST10140,Sean Becker,Texas,Associate,Male,41,No,2,2024-06-10,2024-09-17,243.72,317
CUST10031,Albert Anderson,New York,High School,Non-Binary,39,No,1,2022-01-17,2024-09-28,203.5,306
CUST10859,Tyler Garza,Illinois,Bachelor,Female,30,Yes,2,2023-01-16,2024-12-08,255.34,235
CUST10328,Ariel Love,California,Master,Female,79,No,0,2024-07-24,2025-07-09,161.71,22
CUST10249,Randall Johnson,Arizona,PhD,Male,73,No,2,2023-10-14,2024-03-27,407.77,491
CUST10498,Derek Greene,Colorado,Associate,Non-Binary,52,No,1,2024-07-26,2024-09-05,272.66,329
CUST10038,Cynthia Graham,Washington,High School,Male,64,Yes,2,2022-07-06,2022-09-11,501.93,1054
CUST10994,Misty Davis,Colorado,Master,Non-Binary,36,Yes,3,2023-01-06,2024-05-04,347.89,453
CUST10702,Nathan Brown,Ohio,Master,Non-Binary,18,Yes,1,2024-01-21,2024-07-06,61.46,390
CUST10205,Francis Romero,Texas,High School,Non-Binary,22,Yes,0,2023-10-13,2024-05-12,591.98,445
CUST10577,Brandon Williams,California,Associate,Non-Binary,19,Yes,3,2024-05-25,2025-03-31,415.09,122
CUST10386,Courtney Nelson,New York,High School,Male,71,No,2,2020-09-20,2025-01-30,250.66,182
CUST10826,Elizabeth Mason,Washington,Associate,Non-Binary,75,Yes,1,2020-08-04,2024-01-23,49.03,555
CUST10385,Stephen Gray,New York,Associate,Female,25,No,4,2022-04-10,2024-09-23,251.42,311
CUST10545,Alexander Ramirez,Illinois,Master,Female,67,No,0,2022-11-11,2023-04-30,193.26,823
CUST10145,Miranda Velazquez,Ohio,Master,Non-Binary,47,Yes,0,2024-05-02,2024-12-09,649.02,234
CUST10967,Earl Waller,New York,Bachelor,Male,57,Yes,1,2022-09-26,2024-10-02,468.93,302
CUST10789,Chelsea Jenkins,Florida,PhD,Female,30,No,1,2022-12-11,2023-06-12,818.8,780
CUST10546,Wendy Barker,Colorado,Bachelor,Male,75,No,0,2020-12-31,2021-08-04,204.48,1457
CUST10081,Lisa Taylor,Georgia,High School,Female,29,Yes,1,2022-08-14,2023-10-24,84.7,646
CUST10158,Heather Brown,New York,Bachelor,Male,21,Yes,2,2021-12-06,2025-03-18,318.51,135
CUST10028,Mark Gates,Ohio,PhD,Non-Binary,58,Yes,0,2022-07-12,2023-10-06,376.84,664
CUST10545,Alexander Ramirez,Illinois,Master,Female,67,No,0,2022-11-11,2023-11-02,71.2,637
CUST10372,Jennifer Sullivan,Ohio,PhD,Female,50,No,0,2023-05-30,2023-11-25,133.17,614
CUST10496,Haley Dyer,Florida,Bachelor,Female,53,No,0,2023-11-17,2025-06-14,504.04,47
CUST10161,Barbara Jones,Ohio,High School,Male,54,Yes,1,2024-04-21,2024-12-24,57.21,219
CUST10061,Robert Humphrey,Florida,Bachelor,Female,33,Yes,2,2023-08-04,2023-11-21,857.29,618
CUST10930,Anthony Neal,Texas,High School,Non-Binary,64,Yes,0,2023-03-24,2023-04-24,262.4,829
CUST10283,Adam Davis,Illinois,High School,Male,51,No,0,2022-06-13,2023-12-01,202.94,608
CUST10868,Michael Crawford,Illinois,Associate,Male,48,Yes,1,2021-08-20,2023-01-12,168.03,931
CUST10604,Bethany Sanders,Colorado,Associate,Female,38,Yes,2,2023-08-20,2025-06-07,409.49,54
CUST10892,Raymond Riley,Washington,PhD,Male,54,No,2,2021-09-08,2025-05-17,328.18,75
CUST10536,Stephanie Munoz,California,Bachelor,Female,59,Yes,0,2020-08-28,2021-03-30,368.01,1584
CUST10070,Veronica Horn,Florida,Master,Female,80,No,0,2020-10-24,2021-10-21,228.12,1379
CUST10741,Dr. Erica Perez,California,Master,Male,73,No,0,2022-03-19,2022-12-14,113.28,960
CUST10588,Joanna Howe,Washington,Bachelor,Non-Binary,47,No,1,2023-08-13,2024-12-13,245.36,230
CUST10699,Brandi Olson,Georgia,Master,Female,79,No,4,2020-10-02,2024-01-13,660.29,565
CUST10227,William Mclean,California,PhD,Female,64,Yes,0,2023-12-20,2025-02-22,185.64,159
CUST10283,Adam Davis,Illinois,High School,Male,51,No,0,2022-06-13,2022-10-20,249.93,1015
CUST10831,Monica Martinez,Washington,Associate,Male,79,Yes,1,2022-06-27,2023-12-22,307.2,587
CUST10186,John Marshall,Texas,Associate,Male,80,Yes,1,2023-04-01,2024-06-19,79.68,407
CUST10117,Jeffrey Miles,Arizona,High School,Male,21,Yes,2,2020-09-28,2021-05-31,837.66,1522
CUST10009,Patrick Barnes,California,Bachelor,Non-Binary,41,Yes,0,2024-04-14,2024-06-14,523.08,412
CUST10540,Michael Rose,Georgia,Master,Non-Binary,21,No,0,2021-12-29,2024-05-19,154.12,438
CUST10077,James Chang,Georgia,Associate,Non-Binary,76,Yes,2,2022-10-10,2023-08-06,73.54,725
CUST10828,Dr. Malik Zamora,Illinois,High School,Male,64,No,4,2021-06-25,2023-08-06,1105.36,725
CUST10659,Andrew Lang,Florida,PhD,Male,58,Yes,1,2022-11-29,2022-12-15,179.14,959
CUST10319,Scott Perez,Florida,High School,Non-Binary,47,Yes,1,2021-09-19,2022-01-15,215.27,1293
CUST10779,Tiffany Clements,Arizona,Master,Male,71,No,1,2021-07-23,2023-11-11,185.91,628
CUST10325,Valerie Shelton,New York,Associate,Male,21,No,0,2022-03-17,2023-12-23,700.17,586
CUST10251,Adam Weaver,Ohio,Associate,Female,44,No,0,2023-12-17,2025-07-15,336.68,16
CUST10421,Kimberly Matthews,California,Bachelor,Male,60,Yes,1,2021-07-17,2023-01-10,398.7,933
CUST10497,Elizabeth Mcbride,Washington,Associate,Male,32,No,1,2023-05-18,2024-05-01,254.28,456
CUST10311,Dennis Moss,Ohio,Bachelor,Female,53,Yes,2,2023-06-15,2023-07-07,149.45,755
CUST10203,Kim Bennett,Florida,High School,Female,43,No,0,2021-03-25,2022-05-28,110.37,1160
CUST10893,Jeff Miller,California,High School,Male,26,Yes,3,2022-09-11,2022-12-24,284.48,950
CUST10783,Patrick Douglas,Colorado,Master,Male,76,No,1,2022-01-04,2023-09-28,313.34,672
CUST10332,Susan Garner,New York,Associate,Female,30,No,0,2023-11-14,2024-11-08,1712.1,265
CUST10683,Richard Erickson,California,Associate,Female,22,No,1,2022-09-26,2023-05-26,223.22,797
CUST10146,Beverly Webb,Georgia,Master,Female,78,No,2,2023-09-06,2025-01-16,341.49,196
CUST10644,Karen Fitzgerald,Illinois,PhD,Non-Binary,50,No,1,2022-06-20,2023-07-17,53.95,745
CUST10597,Carolyn Kirk,Ohio,PhD,Female,66,Yes,1,2023-05-25,2024-10-03,37.15,301
CUST10676,Ricardo Flores,Colorado,High School,Male,80,No,0,2022-08-05,2023-04-03,425.12,850
CUST10119,Kenneth Ponce,Ohio,High School,Male,38,No,0,2020-10-28,2024-09-19,297.55,315
CUST10568,Scott Weeks,New York,Associate,Female,62,No,0,2023-07-17,2024-06-04,367.15,422
CUST10812,Alison Stanley,New York,Master,Non-Binary,45,No,2,2021-02-15,2022-03-24,98.86,1225
CUST10193,Willie Riley,Texas,PhD,Non-Binary,46,Yes,1,2023-08-19,2025-05-24,183.1,68
CUST10667,David Martinez,Arizona,Master,Female,63,No,0,2021-07-14,2024-04-05,248.75,482
CUST10891,Miss Alyssa Garcia,Washington,Master,Male,78,Yes,0,2021-07-20,2024-10-02,54.89,302
CUST10344,Jennifer Garcia,Washington,High School,Male,74,Yes,1,2020-11-22,2025-07-26,233.84,5
CUST10162,Mark Erickson,Texas,Master,Female,43,Yes,2,2023-12-06,2024-12-15,829.79,228
CUST10066,Richard Walker,California,Bachelor,Non-Binary,71,Yes,0,2022-10-24,2025-06-14,179.05,47
CUST10032,Stephanie Morales,California,Bachelor,Non-Binary,63,Yes,4,2020-10-22,2022-07-24,50.17,1103
CUST10390,Dr. Phillip Brooks,Florida,High School,Male,53,Yes,2,2022-05-29,2023-09-17,447.09,683
CUST10953,Bobby Reed,Colorado,PhD,Female,38,No,0,2021-10-19,2024-01-17,439.81,561
CUST10917,Beth Henry,Illinois,Bachelor,Female,51,No,1,2024-01-02,2024-11-06,305.42,267
CUST10552,Margaret Mcfarland,Georgia,Associate,Non-Binary,36,No,2,2024-01-20,2024-07-25,263.81,371
CUST10957,Stephanie Mills,Colorado,Associate,Non-Binary,73,Yes,1,2023-06-02,2024-05-26,225.27,431
CUST10810,Richard Bailey,Illinois,High School,Non-Binary,77,Yes,0,2023-01-08,2023-11-01,100.87,638
CUST10613,Maria Parker,Florida,Master,Non-Binary,59,No,2,2022-03-20,2022-07-26,648.78,1101
CUST10302,John Rush,California,Master,Non-Binary,49,No,4,2024-06-23,2024-08-27,293.85,338
CUST10524,Cassie Ray,California,Bachelor,Non-Binary,46,No,0,2024-06-25,2024-06-28,145.25,398
CUST10561,Joseph Krueger,Florida,Associate,Female,24,Yes,0,2022-06-30,2024-03-18,541.38,500
CUST10921,Rhonda Sanchez,California,Associate,Female,44,Yes,0,2023-01-14,2023-08-21,52.1,710
CUST10856,Julie Henry,Georgia,High School,Female,25,No,2,2023-12-03,2025-07-19,364.17,12
CUST10848,Brandon Phillips,Washington,Bachelor,Male,55,No,4,2023-03-02,2024-12-30,342.97,213
CUST10583,Sergio Taylor,New York,Master,Non-Binary,32,No,1,2020-10-01,2024-01-16,347.49,562
CUST10374,Jennifer Jones,Arizona,Master,Non-Binary,40,No,2,2021-07-22,2021-08-15,745.76,1446
CUST10347,Kristine Phillips,Washington,Master,Non-Binary,37,No,2,2020-12-25,2024-05-15,88.19,442
CUST10719,Christopher Williams,Ohio,High School,Female,49,Yes,2,2023-09-14,2023-11-28,346.79,611
CUST10586,Robert Peck,California,PhD,Female,68,No,2,2021-09-03,2022-09-03,351.43,1062
CUST10013,Jennifer Ritter,Florida,PhD,Non-Binary,73,Yes,4,2024-02-06,2025-05-06,306.68,86
CUST10207,Audrey Jones,Washington,High School,Non-Binary,60,No,1,2020-12-26,2022-08-19,250.62,1077
CUST10449,John Lloyd,Arizona,Master,Non-Binary,31,Yes,0,2022-07-03,2024-09-10,489.44,324
CUST10243,Nicholas Johnson,Ohio,Bachelor,Non-Binary,50,Yes,2,2020-12-20,2025-04-22,129.57,100
CUST10224,Jacob Yates,Washington,Master,Non-Binary,60,No,0,2023-03-30,2024-09-20,194.72,314
CUST10594,Ashley Pope,Washington,Associate,Male,31,No,0,2023-10-13,2024-01-01,22.38,577
CUST10502,Hannah Turner,Colorado,Bachelor,Male,30,No,4,2022-04-30,2022-12-18,216.81,956
CUST10803,Nicole Berry,Ohio,PhD,Female,36,Yes,2,2023-09-17,2024-02-09,29.63,538
CUST10894,Jared Williamson,California,PhD,Non-Binary,60,No,1,2023-07-18,2023-08-05,143.54,726
CUST10815,Carol Peterson MD,Washington,Master,Non-Binary,46,Yes,3,2024-06-17,2025-05-19,279.51,73
CUST10673,Michael Wilson,Georgia,PhD,Non-Binary,78,Yes,3,2021-03-23,2024-05-07,310.19,450
CUST10545,Alexander Ramirez,Illinois,Master,Female,67,No,0,2022-11-11,2023-12-10,545.56,599
CUST10223,Mr. Jason Jones,Washington,High School,Female,20,No,1,2020-12-03,2022-06-15,337.99,1142
CUST10780,James Ellis,Ohio,PhD,Male,77,No,2,2022-04-01,2023-08-26,205.62,705
CUST10765,Michael Bailey,Illinois,PhD,Female,72,No,0,2022-05-26,2022-11-09,308.77,995
CUST10931,Cathy Brown,Florida,Bachelor,Female,21,No,0,2022-01-21,2024-04-13,305.75,474
CUST10810,Richard Bailey,Illinois,High School,Non-Binary,77,Yes,0,2023-01-08,2024-12-25,486.86,218
CUST10523,Angela Allen,California,Associate,Female,46,No,0,2020-09-21,2020-12-29,103.07,1675
CUST10963,Tyler Snyder,Colorado,Bachelor,Non-Binary,23,No,0,2021-06-12,2024-05-12,529.45,445
CUST10809,Pamela Carey,Colorado,PhD,Female,46,No,0,2023-03-22,2023-09-03,745.16,697
CUST10660,Erin Pham,California,Master,Female,26,No,2,2024-02-11,2025-02-26,231.0,155
CUST10262,Edward Medina,Georgia,Associate,Male,62,No,2,2021-07-15,2023-10-06,67.9,664
CUST10722,Jerry Castaneda,California,Associate,Female,29,No,1,2023-08-24,2024-12-24,569.22,219
CUST10694,Lauren Williams,Ohio,PhD,Non-Binary,29,Yes,1,2023-06-18,2023-08-02,109.56,729
CUST10338,Charles Davis,Arizona,Master,Female,50,Yes,3,2023-07-14,2023-08-14,55.48,717
CUST10962,Richard Rogers,Colorado,Associate,Female,26,No,0,2024-05-08,2024-08-29,339.94,336
CUST10124,Luis Villa,Illinois,High School,Female,39,Yes,2,2023-03-06,2024-02-14,873.84,533
CUST10105,Shelley King,Colorado,Bachelor,Male,65,No,2,2022-06-22,2023-06-30,637.72,762
CUST10081,Lisa Taylor,Georgia,High School,Female,29,Yes,1,2022-08-14,2024-03-30,190.27,488
CUST10563,Jim Johnson PhD,Illinois,Associate,Male,44,No,2,2021-12-27,2022-03-09,238.81,1240
CUST10547,Amanda Hall,Washington,Associate,Female,28,No,2,2023-07-03,2025-07-02,83.76,29
CUST10811,Carolyn Smith,Florida,Associate,Male,28,No,2,2023-03-10,2023-09-07,384.64,693
CUST10093,Samantha Wilson,Colorado,High School,Male,57,No,2,2021-03-16,2023-10-14,314.22,656
CUST10535,Teresa Garcia,Georgia,High School,Female,28,No,0,2024-05-15,2025-07-25,243.36,6
CUST10909,Daniel Contreras,Colorado,Associate,Non-Binary,18,Yes,2,2023-08-15,2024-06-03,181.75,423
CUST10257,Mary Wilkins,Washington,Associate,Non-Binary,41,No,0,2022-08-01,2022-11-13,305.45,991
CUST10365,Yesenia Johnson,Illinois,Bachelor,Non-Binary,27,Yes,0,2023-04-21,2024-09-28,575.95,306
CUST10005,Cynthia Moody,Texas,Master,Female,37,Yes,0,2022-05-17,2025-06-28,382.5,33
CUST10708,Amber Boyer,Texas,Associate,Female,67,No,1,2021-07-09,2025-04-29,281.43,93
CUST10780,James Ellis,Ohio,PhD,Male,77,No,2,2022-04-01,2023-01-13,406.08,930
CUST10488,Brooke Turner,California,Associate,Male,39,Yes,0,2023-03-10,2023-09-05,655.55,695
CUST10397,Jennifer Patel,Texas,Bachelor,Non-Binary,70,Yes,1,2023-03-17,2025-02-19,312.54,162
CUST10172,Donna Cain,California,Bachelor,Male,19,No,0,2021-10-08,2022-12-06,304.45,968
CUST10845,Jennifer Khan,Washington,PhD,Female,78,Yes,1,2023-10-27,2024-03-02,227.25,516
CUST10562,Dustin Bell,Florida,High School,Male,19,Yes,1,2024-04-12,2025-05-30,110.04,62
CUST10047,Joseph Jones,New York,Bachelor,Female,75,Yes,1,2022-07-29,2023-07-09,415.98,753
CUST10259,Nicholas Carter,Texas,High School,Non-Binary,32,Yes,3,2023-03-31,2023-06-14,821.37,778
CUST10918,Thomas Mccormick,Washington,Bachelor,Non-Binary,63,No,1,2022-11-17,2023-12-14,244.45,595
CUST10190,John Wilson,California,PhD,Non-Binary,68,Yes,0,2024-05-06,2025-06-26,222.78,35
CUST10698,Nathan Long,Colorado,PhD,Male,65,No,2,2024-01-15,2025-04-24,190.5,98
CUST10647,Jennifer Acevedo,New York,Bachelor,Female,19,Yes,2,2021-03-18,2023-07-22,227.72,740
CUST10582,Adrian Henry,Texas,Master,Non-Binary,26,No,2,2021-12-14,2023-03-28,764.87,856
CUST10776,Christopher Smith,Washington,Master,Male,60,Yes,0,2024-05-03,2025-07-06,162.02,25
CUST10798,Sharon Schneider,Washington,High School,Non-Binary,45,No,2,2021-04-30,2022-10-13,446.95,1022
CUST10350,Haley Herring,New York,High School,Male,33,No,2,2023-07-02,2023-11-07,222.19,632
CUST10324,Stephanie Austin,Arizona,High School,Non-Binary,70,No,1,2020-10-24,2023-11-17,680.16,622
CUST10007,Lori Murphy,Georgia,Associate,Female,22,No,2,2024-03-25,2024-04-24,155.37,463
CUST10053,Melinda Beard,Illinois,High School,Male,60,Yes,1,2021-01-09,2024-03-17,297.3,501
CUST10688,Christine Martinez,New York,Associate,Male,54,Yes,1,2024-02-24,2024-06-29,253.08,397
CUST10638,Douglas Moore,Arizona,Master,Female,80,No,0,2022-02-19,2025-01-08,256.27,204
CUST10308,John Bell,Georgia,Master,Female,69,No,1,2020-08-03,2023-12-19,487.99,590
CUST10475,Natalie Mitchell,California,Master,Non-Binary,24,No,2,2022-11-06,2023-08-10,176.87,721
CUST10583,Sergio Taylor,New York,Master,Non-Binary,32,No,1,2020-10-01,2022-01-04,516.09,1304
CUST10826,Elizabeth Mason,Washington,Associate,Non-Binary,75,Yes,1,2020-08-04,2023-12-10,265.02,599
CUST10589,Nathan Sanders,Texas,PhD,Male,71,Yes,3,2022-02-01,2022-07-14,178.83,1113
CUST10379,Angela Johnson,Georgia,Associate,Female,44,Yes,0,2023-03-29,2024-03-03,191.09,515
CUST10235,Ashley Olson,Arizona,Master,Non-Binary,48,Yes,3,2020-08-25,2021-02-22,118.5,1620
CUST10666,Matthew Lopez,Illinois,Master,Female,43,No,1,2023-12-27,2024-12-07,313.02,236
CUST10162,Mark Erickson,Texas,Master,Female,43,Yes,2,2023-12-06,2024-09-21,530.8,313
CUST10746,Tonya Gross,Texas,PhD,Male,30,Yes,1,2021-09-06,2024-07-06,94.15,390
CUST10887,Jason James,Georgia,PhD,Female,66,No,0,2022-06-28,2022-11-26,408.5,978
CUST10580,Kayla Gonzalez,Georgia,High School,Female,45,No,1,2021-11-28,2024-09-25,74.76,309
CUST10891,Miss Alyssa Garcia,Washington,Master,Male,78,Yes,0,2021-07-20,2021-12-20,204.35,1319
CUST10819,Philip Wilcox,Florida,Master,Male,39,Yes,2,2023-10-17,2025-02-06,363.24,175
CUST10560,April Richardson,Florida,Master,Female,28,No,0,2021-09-12,2025-05-17,295.54,75
CUST10794,Whitney Nichols,Georgia,Bachelor,Female,43,No,1,2021-03-07,2022-01-09,372.11,1299
CUST10963,Tyler Snyder,Colorado,Bachelor,Non-Binary,23,No,0,2021-06-12,2025-01-23,214.9,189
CUST10914,Austin Sweeney,Ohio,Master,Non-Binary,56,Yes,2,2020-09-22,2024-10-18,238.16,286
CUST10971,Mr. David Miranda,Arizona,Master,Non-Binary,58,No,2,2022-08-17,2023-11-22,191.28,617
CUST10274,Tracy Tate,Illinois,Master,Female,51,Yes,0,2023-07-05,2025-02-27,303.87,154
CUST10523,Angela Allen,California,Associate,Female,46,No,0,2020-09-21,2022-01-11,478.65,1297
CUST10992,Sheila Gonzales,Arizona,Associate,Female,48,Yes,1,2022-07-07,2024-04-15,120.17,472
CUST10529,David Flores,Ohio,Associate,Female,64,No,3,2024-02-03,2025-04-03,271.08,119
CUST10058,Jennifer Anderson MD,Florida,PhD,Non-Binary,49,No,3,2021-10-20,2023-07-12,205.64,750
CUST10740,Alisha Miles,Arizona,PhD,Female,63,Yes,0,2023-08-22,2024-10-28,184.56,276
CUST10323,Brandon Walton,Washington,Associate,Male,54,Yes,3,2024-07-15,2024-09-13,347.17,321
CUST10552,Margaret Mcfarland,Georgia,Associate,Non-Binary,36,No,2,2024-01-20,2024-08-04,346.66,361
CUST10522,Sean Williams,New York,Associate,Non-Binary,73,No,1,2023-07-21,2025-05-10,789.07,82
CUST10673,Michael Wilson,Georgia,PhD,Non-Binary,78,Yes,3,2021-03-23,2023-05-12,170.81,811
CUST10542,Catherine Haynes,Texas,PhD,Female,18,No,0,2023-10-17,2024-10-20,157.18,284
CUST10212,Joseph Williams,Arizona,Associate,Female,39,No,1,2021-03-13,2024-12-11,304.01,232
CUST10565,Matthew Stone,Washington,High School,Female,59,Yes,3,2023-01-12,2023-04-28,318.95,825
CUST10134,Travis Barber,Ohio,Bachelor,Male,67,Yes,0,2020-11-15,2023-02-20,458.5,892
CUST10837,Michael Navarro,California,Bachelor,Female,70,Yes,3,2022-06-04,2023-10-26,375.53,644
CUST10671,Michael Edwards,Illinois,Bachelor,Non-Binary,63,No,1,2022-03-30,2024-08-06,178.28,359
CUST10776,Christopher Smith,Washington,Master,Male,60,Yes,0,2024-05-03,2024-09-12,101.29,322
CUST10927,Paul Garcia,Texas,Bachelor,Male,54,No,3,2021-02-13,2024-02-18,384.34,529
CUST10495,Andrew Hogan,Florida,High School,Non-Binary,49,No,3,2022-03-10,2022-07-18,279.3,1109
CUST10023,Joshua Norris,New York,Bachelor,Female,60,Yes,1,2022-01-25,2022-09-22,203.26,1043
CUST10811,Carolyn Smith,Florida,Associate,Male,28,No,2,2023-03-10,2024-06-26,620.36,400
CUST10035,Christina Lambert,Illinois,PhD,Non-Binary,25,Yes,4,2024-01-29,2025-06-08,558.41,53
CUST10544,Todd Allen,Arizona,Master,Male,32,No,0,2020-08-03,2023-09-30,228.6,670
CUST10800,Michael Tate,Colorado,Associate,Male,39,Yes,0,2023-10-30,2024-08-14,399.98,351
CUST10571,Frederick Chandler,New York,High School,Male,73,No,0,2021-07-13,2021-11-22,356.31,1347
CUST10673,Michael Wilson,Georgia,PhD,Non-Binary,78,Yes,3,2021-03-23,2024-01-06,193.58,572
CUST10912,Diana Clark,Florida,High School,Non-Binary,46,Yes,1,2024-03-23,2024-08-14,155.36,351
CUST10909,Daniel Contreras,Colorado,Associate,Non-Binary,18,Yes,2,2023-08-15,2024-06-16,89.62,410
CUST10849,Nicole Oliver,Georgia,Master,Male,29,No,2,2023-04-02,2023-09-10,134.54,690
CUST10391,Melissa Patrick,Florida,PhD,Non-Binary,76,No,2,2021-06-08,2022-05-19,68.2,1169
CUST10917,Beth Henry,Illinois,Bachelor,Female,51,No,1,2024-01-02,2024-01-10,573.6,568
CUST10973,Sherri Pearson,Illinois,Associate,Female,76,No,0,2024-02-20,2025-05-06,83.06,86
CUST10526,Walter Dean,Texas,Master,Male,68,Yes,1,2021-05-30,2024-04-04,138.23,483
CUST10532,Lee Miller,California,High School,Non-Binary,61,No,0,2021-12-28,2024-07-25,309.19,371
CUST10979,Carol Paul,Illinois,PhD,Female,55,Yes,1,2022-03-05,2023-03-02,147.8,882
CUST10334,Luis Davies,Arizona,Bachelor,Non-Binary,68,No,1,2024-06-26,2024-11-07,199.29,266
CUST10585,Monica Lawson,Colorado,Master,Male,57,No,1,2020-10-18,2022-07-15,297.19,1112
CUST10481,Jenna Butler,New York,Master,Female,30,Yes,2,2024-06-03,2025-01-31,179.98,181
CUST10101,Melissa Flores,Georgia,Master,Non-Binary,78,No,2,2023-01-06,2023-03-21,406.74,863
CUST10809,Pamela Carey,Colorado,PhD,Female,46,No,0,2023-03-22,2024-03-25,669.58,493
CUST10120,Robert Gray,Colorado,Master,Male,77,No,2,2021-07-11,2024-04-26,292.49,461
CUST10336,Garrett Sanders,Florida,Master,Non-Binary,69,No,3,2021-10-17,2023-06-16,418.67,776
CUST10345,Crystal Richards,California,Associate,Female,21,Yes,2,2021-05-12,2024-04-19,378.28,468
CUST10379,Angela Johnson,Georgia,Associate,Female,44,Yes,0,2023-03-29,2025-06-12,185.75,49
CUST10033,Kelli Robinson,Arizona,PhD,Male,18,No,3,2023-05-28,2024-12-23,349.27,220
CUST10868,Michael Crawford,Illinois,Associate,Male,48,Yes,1,2021-08-20,2025-01-14,98.64,198
CUST10796,Sarah Larsen,Ohio,Bachelor,Female,74,Yes,1,2024-05-17,2024-07-01,119.07,395
CUST10016,Melinda Smith,Florida,Associate,Male,65,No,4,2020-12-07,2024-10-20,198.46,284
CUST10152,Catherine Santiago,New York,Master,Female,75,No,1,2021-05-10,2023-10-07,400.08,663
CUST10937,Raven Perry,Ohio,Associate,Male,71,No,2,2022-07-06,2022-10-30,247.44,1005
CUST10797,Michael Cameron,Florida,Bachelor,Non-Binary,27,No,0,2021-05-26,2021-12-16,632.23,1323
CUST10966,Lauren Taylor,New York,Associate,Non-Binary,30,No,2,2023-12-14,2025-03-28,45.62,125
CUST10876,Erica Flowers,New York,Associate,Female,70,Yes,1,2021-08-06,2023-11-13,412.58,626
CUST10066,Richard Walker,California,Bachelor,Non-Binary,71,Yes,0,2022-10-24,2023-01-25,573.83,918
CUST10901,Matthew Miller,Ohio,High School,Male,23,No,2,2022-02-09,2024-12-05,681.82,238
CUST10960,Michael Stephenson,Ohio,PhD,Female,49,Yes,2,2022-04-26,2024-10-20,262.71,284
CUST10041,Christine Johnson,Washington,High School,Female,75,Yes,1,2024-05-27,2025-06-25,190.1,36
CUST10083,Marc Olson,Florida,Associate,Non-Binary,73,No,2,2022-11-17,2023-04-12,107.18,841
CUST10596,Gary James,Georgia,Associate,Non-Binary,39,Yes,1,2024-03-12,2024-06-11,141.91,415
CUST10975,Max Carson,Ohio,Master,Male,34,No,0,2021-03-10,2025-03-18,188.89,135
CUST10204,Jacob Perkins,Colorado,Bachelor,Male,47,Yes,3,2023-04-26,2023-10-10,274.05,660
CUST10293,Susan Davis,Illinois,Master,Male,45,Yes,2,2021-09-22,2022-09-04,54.41,1061
CUST10066,Richard Walker,California,Bachelor,Non-Binary,71,Yes,0,2022-10-24,2023-08-17,665.73,714
CUST10080,Nicole Burns,New York,Associate,Male,23,No,3,2022-07-09,2023-04-04,113.78,849
CUST10476,Brad Jones,Illinois,Bachelor,Male,56,No,0,2024-01-21,2025-01-26,494.16,186
CUST10292,William Jennings,Ohio,High School,Non-Binary,48,No,4,2022-04-18,2025-04-12,328.64,110
CUST10080,Nicole Burns,New York,Associate,Male,23,No,3,2022-07-09,2024-04-18,350.16,469
CUST10035,Christina Lambert,Illinois,PhD,Non-Binary,25,Yes,4,2024-01-29,2025-05-24,565.03,68
CUST10716,John Lopez,Georgia,High School,Non-Binary,79,No,0,2020-12-29,2024-05-17,342.02,440
CUST10799,Dwayne Harper,Arizona,PhD,Female,19,Yes,2,2022-06-02,2023-07-08,240.14,754
CUST10492,Frank Wyatt,New York,PhD,Non-Binary,55,No,3,2022-11-21,2024-09-07,424.43,327
CUST10878,Ruth Johnson,Texas,Bachelor,Non-Binary,36,No,1,2023-03-10,2023-09-12,195.31,688
CUST10674,Robert Turner,Ohio,Associate,Female,78,No,1,2021-10-06,2025-04-19,257.23,103
CUST10869,Olivia Ramirez,New York,Bachelor,Male,61,No,1,2020-09-02,2024-08-31,127.59,334
CUST10631,Jennifer Durham,Ohio,Bachelor,Male,51,Yes,4,2024-03-21,2024-04-19,406.09,468
CUST10022,Chris Collins,Georgia,PhD,Female,59,Yes,2,2022-03-04,2024-10-09,556.56,295
CUST10626,Lindsey Miller,New York,Master,Male,35,Yes,1,2021-12-10,2024-06-05,385.37,421
CUST10419,Gina Klein,Arizona,Bachelor,Male,36,No,2,2020-11-28,2025-04-09,638.12,113
CUST10147,Jay James,Colorado,PhD,Female,63,Yes,2,2024-01-26,2025-05-12,718.66,80
CUST10571,Frederick Chandler,New York,High School,Male,73,No,0,2021-07-13,2025-01-17,265.28,195
CUST10877,David Vazquez,Arizona,Master,Male,26,Yes,1,2022-10-15,2025-04-08,40.3,114
CUST10539,Richard Price,Texas,Associate,Female,19,Yes,2,2021-01-04,2022-10-06,244.25,1029
CUST10941,Natasha Walker,California,Associate,Non-Binary,40,Yes,1,2024-06-06,2025-04-10,352.7,112
CUST10370,Brandi Black,California,High School,Female,42,Yes,1,2023-05-31,2024-09-06,345.09,328
CUST10168,Cynthia Bradley,Illinois,Bachelor,Female,58,No,1,2021-05-09,2022-09-19,260.07,1046
CUST10458,Jennifer Cook,California,Associate,Female,36,No,0,2022-08-07,2024-06-24,142.39,402
CUST10361,Tammy Lawrence,Washington,Master,Male,48,No,4,2024-05-27,2024-09-03,273.63,331
CUST10458,Jennifer Cook,California,Associate,Female,36,No,0,2022-08-07,2022-10-16,848.06,1019
CUST10961,Charles Mayer,New York,Bachelor,Female,65,No,0,2021-09-04,2024-06-04,225.53,422
CUST10798,Sharon Schneider,Washington,High School,Non-Binary,45,No,2,2021-04-30,2023-12-12,1119.94,597
CUST10443,Andrew Thomas,Illinois,Master,Male,61,Yes,2,2021-10-24,2022-09-05,229.89,1060
CUST10855,Samantha Burns,Florida,Bachelor,Female,79,No,2,2020-10-18,2024-12-12,599.34,231
CUST10951,George Hill,Washington,High School,Female,20,No,0,2020-07-31,2024-07-15,294.85,381
CUST10207,Audrey Jones,Washington,High School,Non-Binary,60,No,1,2020-12-26,2022-04-07,579.57,1211
CUST10253,Mrs. Lisa Jennings DDS,Illinois,Master,Male,61,Yes,0,2022-03-25,2024-09-09,747.71,325
CUST10897,Richard Becker,Washington,High School,Male,27,Yes,4,2022-04-22,2023-06-20,86.6,772
CUST10108,Luke Mason,Florida,Bachelor,Non-Binary,64,Yes,1,2023-10-04,2024-07-27,310.25,369
CUST10958,Brandon Moore,Ohio,Associate,Female,31,No,3,2022-05-19,2024-08-18,339.19,347
CUST10803,Nicole Berry,Ohio,PhD,Female,36,Yes,2,2023-09-17,2023-12-18,265.63,591
CUST10069,Patricia Santana,California,PhD,Male,70,No,0,2022-07-11,2023-08-30,371.2,701
CUST10439,Mrs. Traci Hernandez,Georgia,Master,Male,77,Yes,2,2023-10-17,2024-09-10,513.62,324
CUST10399,Dr. Ryan Coleman,Texas,High School,Non-Binary,37,Yes,1,2020-11-24,2023-12-15,58.38,594
CUST10519,Angela Smith,Georgia,Associate,Male,25,No,0,2023-09-23,2025-03-29,196.16,124
CUST10750,Cheryl Morgan,Texas,Associate,Female,20,Yes,1,2023-11-30,2024-11-10,281.6,263
CUST10569,Brandon Castro,Illinois,Master,Non-Binary,35,Yes,2,2022-06-29,2022-07-23,330.86,1104
CUST10408,Jennifer Schultz,Georgia,Bachelor,Non-Binary,69,Yes,2,2023-04-30,2024-05-20,180.17,437
CUST10692,Heidi Tucker,Florida,PhD,Female,68,No,2,2022-12-26,2023-09-11,245.34,689
CUST10832,Candace Green,New York,Master,Female,73,No,1,2020-09-19,2021-05-22,320.2,1531
CUST10341,Joseph Cox,Florida,Master,Male,35,No,3,2023-04-13,2024-05-18,342.19,439
CUST10861,Angela Johnson,California,High School,Non-Binary,32,No,0,2023-11-16,2025-01-14,205.67,198
CUST10380,Thomas Kelly,Colorado,Bachelor,Non-Binary,77,Yes,1,2022-08-31,2025-01-30,388.52,182
CUST10385,Stephen Gray,New York,Associate,Female,25,No,4,2022-04-10,2024-04-24,808.84,463
CUST10481,Jenna Butler,New York,Master,Female,30,Yes,2,2024-06-03,2024-09-15,298.56,319
CUST10456,Ronald Myers,Arizona,Associate,Non-Binary,39,Yes,2,2021-09-29,2025-02-01,196.81,180
CUST10212,Joseph Williams,Arizona,Associate,Female,39,No,1,2021-03-13,2025-05-27,45.1,65
CUST10440,Linda Merritt,Colorado,Master,Non-Binary,40,Yes,1,2022-04-19,2024-12-07,193.71,236
CUST10458,Jennifer Cook,California,Associate,Female,36,No,0,2022-08-07,2024-09-27,453.37,307
CUST10440,Linda Merritt,Colorado,Master,Non-Binary,40,Yes,1,2022-04-19,2023-11-17,337.41,622
CUST10622,Andre Dennis,Illinois,Bachelor,Male,34,Yes,0,2022-09-17,2025-06-20,769.62,41
CUST10030,Matthew Tran,New York,Master,Male,47,No,2,2022-11-08,2024-02-08,253.21,539
CUST10568,Scott Weeks,New York,Associate,Female,62,No,0,2023-07-17,2024-04-12,152.76,475
CUST10598,April Edwards,Georgia,Associate,Female,35,No,1,2023-09-18,2023-11-27,387.56,612
CUST10610,Dillon Goodman,Colorado,Bachelor,Female,47,Yes,1,2022-08-04,2024-12-25,176.3,218
CUST10995,Patrick Harris,California,Associate,Male,56,No,1,2023-04-13,2023-05-02,561.74,821
CUST10090,Cameron Bowen,Arizona,Master,Female,32,No,2,2022-10-29,2023-02-06,682.85,906
CUST10059,Amy Davis,Georgia,PhD,Male,21,Yes,2,2021-10-20,2022-06-12,1365.31,1145
CUST10380,Thomas Kelly,Colorado,Bachelor,Non-Binary,77,Yes,1,2022-08-31,2024-08-24,392.21,341
CUST10601,Eric Norris,New York,Bachelor,Male,67,Yes,2,2024-02-10,2024-10-05,195.25,299
CUST10460,Vanessa Smith,Washington,PhD,Male,27,No,3,2024-04-04,2024-05-28,257.39,429
CUST10134,Travis Barber,Ohio,Bachelor,Male,67,Yes,0,2020-11-15,2025-05-27,130.24,65
CUST10643,Samuel Hobbs,Georgia,PhD,Female,66,No,3,2022-04-01,2022-05-05,305.96,1183
CUST10703,Gregory Perry,New York,High School,Non-Binary,55,No,2,2022-01-21,2023-03-03,283.99,881
CUST10651,Joanna Sullivan,Georgia,Master,Female,61,No,1,2022-03-08,2022-03-31,111.76,1218
CUST10221,Susan Reed,Texas,Bachelor,Male,25,Yes,1,2023-04-03,2024-02-17,72.54,530
CUST10660,Erin Pham,California,Master,Female,26,No,2,2024-02-11,2024-08-19,107.84,346
CUST10658,Matthew Flowers,Illinois,Bachelor,Male,60,No,0,2022-09-19,2025-07-21,395.23,10
CUST10092,Melissa Lee,Illinois,Bachelor,Non-Binary,24,Yes,1,2020-10-17,2022-03-05,150.67,1244
CUST10853,Ryan Miller,Florida,High School,Non-Binary,55,No,0,2022-06-20,2025-07-17,328.2,14
CUST10753,Alison Mccarthy,Georgia,Associate,Male,56,Yes,1,2021-02-25,2023-05-23,258.56,800
CUST10635,Sherry Stanley,Washington,Associate,Female,39,No,1,2023-12-28,2024-03-05,709.98,513
CUST10707,Steven Smith,Washington,Master,Non-Binary,74,No,0,2021-01-14,2021-01-29,454.66,1644
CUST10924,Christopher Craig,Florida,PhD,Female,23,No,1,2024-02-23,2025-06-19,256.75,42
CUST10942,Christie Rodriguez,Washington,PhD,Female,66,No,1,2023-01-23,2024-11-08,176.17,265
CUST10616,Mark Ryan,New York,Bachelor,Male,66,No,0,2021-03-28,2023-03-09,307.95,875
CUST10640,Amanda Yoder,Colorado,Master,Female,57,No,1,2023-02-26,2023-12-12,448.77,597
CUST10385,Stephen Gray,New York,Associate,Female,25,No,4,2022-04-10,2024-11-03,131.48,270
CUST10103,Brooke Hendricks,Texas,Master,Male,27,Yes,0,2023-08-12,2023-08-18,257.24,713
CUST10599,Laura Charles,Arizona,Associate,Male,20,No,2,2022-08-30,2023-03-25,301.47,859
CUST10270,Stephen Rodriguez,Colorado,Associate,Female,42,Yes,0,2020-12-12,2025-01-16,94.97,196
CUST10164,Patricia Jacobson,Washington,Bachelor,Non-Binary,53,Yes,2,2021-02-15,2021-09-17,916.3,1413
CUST10263,Rodney James,Ohio,High School,Non-Binary,61,No,0,2023-11-20,2025-06-29,93.63,32
CUST10854,Brittany Fox,New York,Master,Male,74,Yes,0,2023-04-12,2024-03-14,61.03,504
CUST10788,Lori Jordan,New York,Master,Male,32,No,2,2022-01-24,2025-04-29,99.88,93
CUST10146,Beverly Webb,Georgia,Master,Female,78,No,2,2023-09-06,2024-12-21,488.0,222
CUST10619,Henry Martinez,Colorado,High School,Male,37,No,0,2021-11-24,2023-08-06,125.2,725
CUST10310,Luke Duffy,Illinois,PhD,Male,39,Yes,0,2021-11-26,2023-10-23,68.86,647
CUST10904,Katie Riggs,Georgia,Associate,Non-Binary,76,No,1,2023-10-23,2024-08-23,319.77,342
CUST10644,Karen Fitzgerald,Illinois,PhD,Non-Binary,50,No,1,2022-06-20,2025-02-25,271.57,156
CUST10151,Dawn Elliott,Arizona,High School,Male,41,No,2,2022-07-07,2025-01-10,151.38,202
CUST10784,Connie Page,Georgia,High School,Female,51,No,0,2023-10-30,2024-11-27,859.88,246
CUST10491,David Vazquez,Florida,Associate,Non-Binary,30,No,1,2024-06-11,2025-02-02,45.86,179
CUST10876,Erica Flowers,New York,Associate,Female,70,Yes,1,2021-08-06,2022-10-23,334.69,1012
CUST10764,Cassie Morgan,Florida,Bachelor,Non-Binary,67,Yes,1,2024-07-14,2024-08-25,357.91,340
CUST10104,Jamie Rose,Florida,High School,Male,51,Yes,3,2024-01-30,2025-02-21,333.45,160
CUST10565,Matthew Stone,Washington,High School,Female,59,Yes,3,2023-01-12,2024-09-02,92.33,332
CUST10981,Olivia Smith,Arizona,Associate,Male,25,Yes,1,2024-03-20,2025-07-18,833.92,13
CUST10521,Ms. Maria Garrett,Florida,High School,Female,23,Yes,1,2020-12-30,2022-10-09,113.77,1026
CUST10387,Jamie Anderson,California,High School,Male,77,Yes,2,2021-03-25,2024-02-19,214.61,528
CUST10591,Barbara Hanson,Colorado,PhD,Non-Binary,40,Yes,1,2020-09-18,2023-08-11,314.98,720
CUST10131,Daniel Park,New York,PhD,Non-Binary,39,Yes,3,2022-10-29,2025-07-06,248.16,25
CUST10693,Sarah Snyder,California,Master,Non-Binary,29,Yes,3,2021-07-04,2024-12-20,456.65,223
CUST10536,Stephanie Munoz,California,Bachelor,Female,59,Yes,0,2020-08-28,2021-06-04,162.04,1518
CUST10660,Erin Pham,California,Master,Female,26,No,2,2024-02-11,2024-12-22,43.69,221
CUST10967,Earl Waller,New York,Bachelor,Male,57,Yes,1,2022-09-26,2025-02-25,365.39,156
CUST10044,Briana Burgess,Florida,High School,Male,36,Yes,4,2024-03-23,2024-09-11,328.18,323
CUST10954,Ronald Smith,Arizona,Master,Male,34,Yes,0,2021-06-10,2024-03-25,455.9,493
CUST10814,Kristin Beard,Texas,Master,Non-Binary,47,Yes,2,2022-01-08,2022-03-26,1160.6,1223
CUST10664,Kathleen Bailey,California,High School,Male,25,No,2,2022-12-06,2024-06-27,180.31,399
CUST10984,David Cowan,Washington,Master,Female,18,Yes,1,2021-02-25,2024-11-16,1435.34,257
CUST10130,Eric Nelson,Ohio,Bachelor,Female,44,Yes,1,2022-01-19,2025-04-09,208.85,113
CUST10812,Alison Stanley,New York,Master,Non-Binary,45,No,2,2021-02-15,2023-08-13,268.4,718
CUST10023,Joshua Norris,New York,Bachelor,Female,60,Yes,1,2022-01-25,2022-09-14,229.11,1051
CUST10187,Craig Eaton,New York,Master,Non-Binary,66,Yes,0,2022-11-24,2023-03-24,226.77,860
CUST10276,Sandra Torres,Texas,High School,Non-Binary,59,No,1,2023-08-15,2023-10-26,444.31,644
CUST10522,Sean Williams,New York,Associate,Non-Binary,73,No,1,2023-07-21,2025-01-14,207.0,198
CUST10953,Bobby Reed,Colorado,PhD,Female,38,No,0,2021-10-19,2023-11-19,90.95,620
CUST10967,Earl Waller,New York,Bachelor,Male,57,Yes,1,2022-09-26,2023-11-04,263.93,635
CUST10765,Michael Bailey,Illinois,PhD,Female,72,No,0,2022-05-26,2024-08-04,266.37,361
CUST10898,Heather Chavez,New York,Associate,Non-Binary,21,Yes,2,2024-04-21,2024-12-25,461.84,218
CUST10564,Mary Shaw,Washington,Master,Female,41,No,0,2024-07-13,2024-11-11,483.33,262
CUST10679,Ann Rose,Arizona,Associate,Male,54,Yes,0,2022-10-04,2025-07-17,839.65,14
CUST10965,Kristin Dillon,Illinois,Master,Male,40,Yes,2,2022-07-29,2024-11-29,171.54,244
CUST10596,Gary James,Georgia,Associate,Non-Binary,39,Yes,1,2024-03-12,2025-01-24,331.24,188
CUST10833,Steven Burns,Georgia,PhD,Female,60,No,1,2023-08-24,2024-02-29,341.28,518
CUST10620,Jesse Pratt,Texas,Master,Male,64,No,0,2023-04-13,2024-12-31,468.04,212
CUST10449,John Lloyd,Arizona,Master,Non-Binary,31,Yes,0,2022-07-03,2023-09-21,259.94,679
CUST10020,Christopher Sparks,Florida,Bachelor,Female,31,No,0,2023-09-19,2023-12-29,494.17,580
CUST10267,Melissa Marshall,Arizona,Associate,Non-Binary,57,Yes,1,2023-04-03,2023-12-01,153.12,608
